country,year,total residential space,total residential water,electricity residential,total services space,total services water,total road,total rail,electricity rail,total domestic aviation,total international aviation,total domestic navigation,total international navigation,services electricity,agriculture electricity,agriculture oil,residential oil,residential biomass,residential gas,agriculture biomass,services oil,services biomass,services gas,residential heat oil,residential heat biomass,residential heat gas,other electricity,other oil,other gas,other biomass,other heat
AF,2025,0.0063363980903928,0.0063363980903928,0.0479454074726828,0.014241807869444,0.014241807869444,0.012795047086239,0.012795047086239,0.012795047086239,0.012795047086239,0.012795047086239,0.012795047086239,0.012795047086239,0.0190803857297867,0.0635275296959283,0.0255515183690001,-0.0227113624417549,0.0193233068075031,0.0223972499054304,0.0223972499054304,-0.0069076540628716,0.0223972499054304,0.0223972499054304,-0.0227113624417549,0.0193233068075031,0.0223972499054304,0.0167032661547485,-0.0197602585592559,-0.07,0.0223233068075031,0.0253972499054304
AF,2030,0.025609616091475,0.025609616091475,0.0542390520959357,0.0457885344567709,0.0457885344567709,0.0187483545767743,0.0187483545767743,0.0187483545767743,0.0187483545767743,0.0187483545767743,0.0187483545767743,0.0187483545767743,0.07,0.0500466884809671,0.0254616489647381,0.0493092615599884,0.0167323251660197,0.023830882178692,0.023830882178692,0.0654923734696999,0.023830882178692,0.023830882178692,0.0342018370289872,0.0167323251660197,0.025330882178692,-0.0571699396764732,0.0511958072879701,-0.0531174975996514,0.0197323251660197,0.026830882178692
AF,2035,0.0243254307355755,0.0243254307355755,0.0528930177502862,0.0444529263253307,0.0444529263253307,0.0225174410416033,0.0225174410416033,0.0225174410416033,0.0225174410416033,0.0225174410416033,0.0225174410416033,0.0225174410416033,0.07,0.0487060170472946,0.0286794314395207,0.0479631374017152,0.0154278737390284,0.0225173502090952,0.0225173502090952,0.0627770048831322,0.0225173502090952,0.0225173502090952,0.0328769572483741,0.0154278737390284,0.0240173502090952,-0.0434698711709351,0.0475975632444573,-0.0625530782897098,0.0184278737390284,0.0255173502090952
AF,2040,0.021487343440869,0.021487343440869,0.0499547428391598,0.042544905333285,0.042544905333285,0.0268735522652301,0.0268735522652301,0.0268735522652301,0.0268735522652301,0.0268735522652301,0.0268735522652301,0.0268735522652301,0.07,0.0457794489026144,0.0249108450718901,0.0450246664375092,0.0125803706919482,0.019650025133994,0.019650025133994,0.0608795710651522,0.019650025133994,0.019650025133994,0.0299848608971809,0.0125803706919482,0.021150025133994,0.0586870648966444,0.0447767070479414,-0.065556319621916,0.0155803706919482,0.022650025133994
AF,2045,0.0194643530745313,0.0194643530745313,0.0478511275521085,0.0412562844773475,0.0412562844773475,0.0301979456238659,0.0301979456238659,0.0301979456238659,0.0301979456238659,0.0301979456238659,0.0301979456238659,0.0301979456238659,0.07,0.0436842149051297,0.0229112461710936,0.0429209107891003,0.0105417422038238,0.0175972053525338,0.0175972053525338,0.0598307272043224,0.0175972053525338,0.0175972053525338,0.0279143064800438,0.0105417422038238,0.0190972053525338,0.0583453912215699,0.0427495606284114,-0.0670612771786524,0.0135417422038238,0.0205972053525338
AF,2050,0.017993000907667,0.017993000907667,0.0463122389749808,0.0401674082807632,0.0401674082807632,0.0325908034942683,0.0325908034942683,0.0325908034942683,0.0325908034942683,0.0325908034942683,0.0325908034942683,0.0325908034942683,0.07,0.042151457615817,0.0215218933445235,0.0413819195313679,0.0090503943738797,0.0160954759574129,0.0160954759574129,0.0584786812082269,0.0160954759574129,0.0160954759574129,0.0263996034064987,0.0090503943738797,0.0175954759574129,-0.0480299122119867,0.0412105864380848,-0.0683831095065206,0.0127919738257027,0.0190954759574129
AL,2025,-0.0110940001242364,-0.0110940001242364,0.0118336399445291,-0.0009717990306008,-0.0009717990306008,0.0039974872479251,0.0039974872479251,0.0039974872479251,0.0039974872479251,0.0039974872479251,0.0039974872479251,0.0039974872479251,0.0172171347940144,0.07,0.0007598268839097,0.0206453440946327,-0.0474820865715757,-0.0064452578957663,-0.017120475249297,0.0553409269793486,-0.07,-0.0064452578957663,0.0206453440946327,-0.0474820865715757,-0.0064452578957663,-0.0036349790267675,0.0230626467991683,-0.07,-0.0469477875212641,0.0160131140373547
AL,2030,-0.0241709457202019,-0.0241709457202019,-0.0133585678344828,0.0315388599652229,0.0315388599652229,0.0066318357897672,0.0066318357897672,0.0066318357897672,0.0066318357897672,0.0066318357897672,0.0066318357897672,0.0066318357897672,0.0024501649784733,-0.0066489443135149,0.000162646809055,0.0211007674842341,-0.0428372846926217,-0.0102947251175817,-0.0185874961694597,0.067,0.067,-0.0102947251175817,-0.0093551619393384,-0.0428372846926217,-0.0087947251175817,-0.0502519891376838,0.0402347508827679,-0.0102197590188914,-0.0405226740786337,0.0109475774780436
AL,2035,-0.0243391178553125,-0.0243391178553126,-0.013708753431587,-0.0028883553908011,-0.0028883553908011,0.0076661702114173,0.0076661702114173,0.0076661702114173,0.0076661702114173,0.0076661702114173,0.0076661702114173,0.0076661702114173,0.002094357039714,-0.0070015161737218,0.0003651344969624,0.020736548259813,-0.0431784775104288,-0.0106477786029186,-0.0189376003486962,0.067,-0.07,-0.0106477786029186,-0.0097080161065309,-0.0431784775104288,-0.0091477786029186,0.0670218144334563,0.0302311774339095,-0.0188881228353116,-0.040862482114183,0.0105880361572181
AL,2040,-0.0249842433695396,-0.0249842433695396,-0.0145664979902905,0.0309275733378348,0.0309275733378348,0.009345520911199,0.009345520911199,0.009345520911199,0.009345520911199,0.009345520911199,0.009345520911199,0.009345520911199,0.0012228411180478,-0.0078651056449773,0.0001938060872466,0.0198444297360761,-0.0440141951566228,-0.0115125477667085,-0.0197951454824851,0.067,0.067,-0.0115125477667086,-0.0105722970604826,-0.0440141951566228,-0.0100125477667085,-0.0687740440017486,0.0293409566289429,-0.0197430967843854,-0.0416948078748836,0.0097073756899765
AL,2045,-0.0253481519849226,-0.0253481519849226,-0.01519143626819,-0.0036386836993673,-0.0036386836993673,0.0100933563331764,0.0100933563331764,0.0100933563331764,0.0100933563331764,0.0100933563331764,0.0100933563331764,0.0100933563331764,0.0005878692564119,-0.0084943024279849,-0.0005745498731873,0.0191944471646342,-0.0445016143525293,-0.0121426040538814,-0.0204199384627415,0.067,-0.07,-0.0121426040538814,-0.0112019976461678,-0.0445016143525293,-0.0106426040538813,0.0664379278421075,0.0286949705998829,-0.0203660164426469,-0.041696785888983,0.0090657412660357
AL,2050,-0.0255304416464617,-0.0255304416464616,-0.015625915562013,0.0303914431722782,0.0303914431722782,0.0093863885472422,0.0093863885472422,0.0093863885472422,0.0093863885472422,0.0093863885472422,0.0093863885472422,0.0093863885472422,0.0001464142586987,-0.0089317423858568,-0.000820179838898,0.0187425561881579,-0.0450464068452806,-0.0125806415695857,-0.0208543167404808,0.067,0.067,-0.0125806415695857,-0.0116397878655605,-0.0450464068452806,-0.0110806415695857,-0.0684383020134092,0.0282514489076767,-0.0207990923203791,-0.041924275217864,0.0086196542182983
DZ,2025,0.0315037881873948,0.0315037881873948,0.0389539979259727,0.0336238132987773,0.0336238132987773,0.0302183437652583,0.0302183437652583,0.0302183437652583,0.0302183437652583,0.0302183437652583,0.0302183437652583,0.0302183437652583,0.0210989289808847,0.07,0.011454736168988,-0.0318160343763269,0.067,0.0593273989385113,0.0157901371679541,0.0306061870462703,0.0157901371679541,0.067,-0.0318160343763269,0.067,0.0593273989385113,0.047743213199857,0.0104157718451624,0.0565781133904053,0.07,0.0187901371679541
DZ,2030,0.009566434165694,0.0095664341656939,0.0495091893271848,-0.0280150264373497,-0.0280150264373497,0.0233212014891019,0.0233212014891019,0.0233212014891019,0.0233212014891019,0.0233212014891019,0.0233212014891019,0.0233212014891019,-0.068,0.0680135533202221,0.0218576598785116,-0.0353268590203597,-0.0022108667483572,0.061889774540082,0.0085156345195655,0.0174242597310354,0.0085156345195655,-0.07,-0.0172688628843584,-0.0022108667483572,0.0367027045298237,0.0051112464140563,-0.0251893492029497,0.0595326406327397,0.005068811363949,0.0115156345195654
DZ,2035,0.0073860151339193,0.0073860151339193,0.0472373552610889,0.003133304364614,0.003133304364614,0.0142352528117684,0.0142352528117684,0.0142352528117684,0.0142352528117684,0.0142352528117684,0.0142352528117684,0.0142352528117684,-0.068,0.0657015870577508,0.0211269486756893,-0.0374255449592731,-0.0043813745291625,0.0595802455248842,0.0063218631423748,0.0072113543160814,0.0063218631423748,0.067,-0.0194034597442178,-0.0043813745291625,0.0344510543336295,0.0050376608398366,-0.0335307246475225,0.0549043176176013,0.0028890218330393,0.0093218631423748
DZ,2040,0.0069347945567332,0.0069347945567332,0.0467576662494577,0.0030583234444397,0.0030583234444397,0.0103747451131743,0.0103747451131743,0.0103747451131743,0.0103747451131743,0.0103747451131743,0.0103747451131743,0.0103747451131743,-0.068,0.06521342428745,0.0213776203909363,-0.0378686744108408,-0.0048396688859777,0.0590925973699564,0.0058586567667974,0.0073746370109617,0.0058586567667974,0.067,-0.0198541716484093,-0.0048396688859777,0.0339756270683769,-0.051751125347063,-0.0339230417819631,0.0544201921632856,0.0024287676704441,0.0088586567667974
DZ,2045,0.0067684060390967,0.0067684060390967,0.0465736580439457,0.0090546982619912,0.0090546982619912,0.0128967319560813,0.0128967319560813,0.0128967319560813,0.0128967319560813,0.0128967319560813,0.0128967319560813,0.0128967319560813,-0.0442139880924359,0.0650261655569335,0.0212140146213766,-0.0380386584071703,-0.0050154701241738,0.0589055360453613,0.0056809712833175,0.0077518098570834,0.0056809712833175,0.067,-0.020027064265672,-0.0050154701241738,0.0337932536643394,0.0594135056206469,-0.0330989656126075,0.0542344821429782,0.0022522146527909,0.0086809712833175
DZ,2050,0.0060550590182276,0.0060550590182276,0.0458235630801109,0.0027721827079007,0.0027721827079007,0.0164787219478694,0.0164787219478694,0.0164787219478694,0.0164787219478694,0.0164787219478694,0.0164787219478694,0.0164787219478694,-0.068,0.0642628200838128,0.0209927489429398,-0.0387315847863205,-0.005732110031834,0.0581429952819386,0.0049566503980939,0.0071320804335089,0.0049566503980939,0.067,-0.0207318474090772,-0.005732110031834,0.0330498228400162,-0.0550349863436683,-0.0348005398600295,0.0534774498651038,0.0018209217185157,0.0079566503980939
AS,2025,-0.0102595076732077,-0.0102595076732077,0.0291928525795628,-0.0071538934924274,-0.0071538934924274,0.0237215050080043,0.0237215050080043,0.0237215050080043,0.0237215050080043,0.0237215050080043,0.0237215050080043,0.0237215050080043,-0.0036469939355368,-0.0103099675834996,-0.0080897524057996,-0.000158587852624,-0.0153099675834996,-0.0153099675834996,-0.0153099675834996,0.0056513551328261,-0.0153099675834996,-0.0153099675834996,-0.000158587852624,-0.0153099675834996,-0.0153099675834996,0.0052039232106159,-0.008597682483954,-0.0123099675834996,-0.0123099675834996,-0.0123099675834996
AS,2030,-0.0126550153265636,-0.0126550153265635,0.0265811264349167,-0.0195054401507944,-0.0195054401507944,0.023037111170512,0.023037111170512,0.023037111170512,0.023037111170512,0.023037111170512,0.023037111170512,0.023037111170512,0.0034151872804017,-0.0113976972498335,-0.0191956210869893,-0.0029416057102144,-0.0163976972498334,-0.0163976972498334,-0.0163976972498335,-0.0486415533839125,-0.0163976972498334,-0.0163976972498335,-0.0081696514800239,-0.0163976972498334,-0.0148976972498334,-0.0111304325579806,-0.0108105416014098,-0.0092380425711039,-0.0133976972498334,-0.0133976972498334
AS,2035,-0.0084622763665805,-0.0084622763665805,0.0306492340199453,-0.0047292099209243,-0.0047292099209243,0.0216765925334854,0.0216765925334854,0.0216765925334854,0.0216765925334854,0.0216765925334854,0.0216765925334854,0.0216765925334854,0.0073913143181048,-0.0074803848890345,-0.0149134979507632,0.0026282662456896,-0.0124803848890345,-0.0124803848890345,-0.0124803848890346,-0.0013473842237327,-0.0124803848890346,-0.0124803848890346,-0.0034260593216724,-0.0124803848890345,-0.0109803848890346,-0.0046446666929014,-0.0196510712575612,-0.0094803848890345,-0.0094803848890345,-0.0094803848890345
AS,2040,-0.0036851893144243,-0.0036851893144243,0.0353785764973795,-0.0010966259029499,-0.0010966259029499,0.0215864564331158,0.0215864564331158,0.0215864564331158,0.0215864564331158,0.0215864564331158,0.0215864564331158,0.0215864564331158,0.0120137256241106,-0.0029263480652584,-0.0093425979351009,0.0085206044397464,-0.0079263480652584,-0.0079263480652584,-0.0079263480652584,-0.0005475331053935,-0.0079263480652584,-0.0079263480652584,0.001797128187244,-0.0079263480652584,-0.0064263480652584,-0.0032162204535922,-0.0151399377207672,-0.0049263480652584,-0.0049263480652584,-0.0049263480652584
AS,2045,-0.0089643449330032,-0.0089643449330032,0.0298954599561009,-0.0049308358409728,-0.0049308358409728,0.0211415305692228,0.0211415305692228,0.0211415305692228,0.0211415305692228,0.0211415305692228,0.0211415305692228,0.0211415305692228,0.0066545832034703,-0.0082062183130114,-0.0148221156381795,0.0032450219670382,-0.0132062183130114,-0.0132062183130114,-0.0132062183130114,3.45100586610996e-05,-0.0132062183130114,-0.0132062183130114,-0.0034805981729866,-0.0132062183130114,-0.0117062183130114,-0.0084083686402327,-0.0203636771149851,-0.0102062183130114,-0.0102062183130114,-0.0102062183130114
AS,2050,0.0012097293396621,0.0012097293396621,0.0404945621745294,0.0027887929893504,0.0027887929893504,0.0203999778798624,0.0203999778798624,0.0203999778798624,0.0203999778798624,0.0203999778798624,0.0203999778798624,0.0203999778798624,0.0170140380667509,0.002,-0.0044737981409732,0.0132583760379726,-0.003,-0.003,-0.003,0.0001411338906509,-0.003,-0.003,0.0066291880189863,-0.003,-0.0015,0.002178269974221,-0.0102704280151439,0.0,0.000281316531645,0.0
AD,2025,0.030502258938132,0.030502258938132,0.0444306346711778,0.0043565512664175,0.0043565512664175,0.0237215050080043,0.0237215050080043,0.0237215050080043,0.0237215050080043,0.0237215050080043,0.0237215050080043,0.0237215050080043,-0.0229248072031189,0.0135116541301578,0.0116659225937274,0.0198328188173999,0.0631623038668384,0.0085116541301576,0.0085116541301576,0.0233277040084738,0.0085116541301576,0.0085116541301576,0.0198328188173999,0.0631623038668384,0.0085116541301576,0.04787909598795,-0.0061060739565213,0.0115116541301577,0.0661623038668384,0.07
AD,2030,0.0098494781025387,0.0098494781025387,0.0391452912162779,0.0039966978439555,0.0039966978439555,0.023037111170512,0.023037111170512,0.023037111170512,0.023037111170512,0.023037111170512,0.023037111170512,0.023037111170512,-0.0126352022871324,0.0115711228171615,0.0082018896032077,0.0134124155125582,0.0469694331437532,0.0065711228171615,0.0065711228171615,0.0154797480286314,0.0065711228171615,0.0065711228171615,0.0352295340664922,0.0469694331437532,-0.001525552638505,0.0103925751927348,0.0203813837855154,0.0137307774958911,0.0499694331437532,-0.0494690973498411
AD,2035,0.003357432550996,0.0033574325509959,0.0293127546696978,-0.0075218371629623,-0.0075218371629623,0.0216765925334854,0.0216765925334854,0.0216765925334854,0.0216765925334854,0.0216765925334854,0.0216765925334854,0.0216765925334854,-0.0219768398255562,0.002,0.0031620812304254,0.0071764515919037,0.0453052566735555,-0.003,-0.003,-0.0021105088262933,-0.003,-0.003,0.0271009475499113,0.0453052566735555,-0.0110056952786917,0.0353663558296782,-0.0186808302472796,0.0,0.0483052566735555,-0.0593616887476041
AD,2040,0.0052324379893742,0.0052324379893742,0.0293127546696978,-0.0073652148953479,-0.0073652148953479,0.0215864564331158,0.0215864564331158,0.0215864564331158,0.0215864564331158,0.0215864564331158,0.0215864564331158,0.0215864564331158,-0.0219768398255562,0.002,0.002260819937896,0.0097325857883706,0.0453052566735555,-0.003,-0.003,-0.0014840197558356,-0.003,-0.003,0.0283790146481447,0.0453052566735555,-0.0110056952786917,-0.0651199711087035,-0.0186808302472796,0.0,0.0483052566735555,-0.0586837530134743
AD,2045,0.0023477261749812,0.0023477261749812,0.0244894769613246,-0.0118934003853141,-0.0118934003853141,0.0211415305692228,0.0211415305692228,0.0211415305692228,0.0211415305692228,0.0211415305692228,0.0211415305692228,0.0211415305692228,-0.0265593106747952,-0.0026950431467424,-0.0023810023281826,0.0051334395273616,0.0406632666459625,-0.0076950431467424,-0.0076950431467424,-0.0056242045729765,-0.0076950431467424,-0.0076950431467424,0.0236215267011369,0.0406632666459625,-0.0156561087759609,0.0651416786668358,-0.0232881660899941,-0.0046950431467424,0.0436632666459625,-0.0630134046636642
AD,2050,0.0042699140065466,0.0042699140065466,0.0243735221526082,-0.0119794479060914,-0.0119794479060914,0.0203999778798624,0.0203999778798624,0.0203999778798624,0.0203999778798624,0.0203999778798624,0.0203999778798624,0.0203999778798624,-0.0266694763262255,-0.002807915111185,-0.0023814977240744,0.0046543084895323,0.0405516701138409,-0.007807915111185,-0.007807915111185,-0.00563248507577,-0.007807915111185,-0.007807915111185,0.0233228712729071,0.0405516701138409,-0.015767907813904,-0.0650369740718618,-0.0233989295124294,-0.004807915111185,0.0443486069273495,-0.0640800727648184
AO,2025,0.0285180863290306,0.0285180863290306,0.0655669814830353,0.0116139308949774,0.0116139308949774,0.0125250589541254,0.0125250589541254,0.0125250589541254,0.0125250589541254,0.0125250589541254,0.0125250589541254,0.0125250589541254,0.0361782546032902,0.0361782546032902,-0.07,0.0365533489071065,0.0178226554766952,0.0311782546032902,0.0311782546032902,-0.052079040229961,0.0311782546032902,0.0311782546032902,0.0365533489071065,0.0178226554766952,0.0311782546032902,-0.0141786453082568,-0.0069902554276227,-0.07,0.0208226554766952,0.0341782546032902
AO,2030,0.0174462808501078,0.0174462808501078,0.0654262344828935,0.0098706488298395,0.0098706488298395,0.0034152289778373,0.0034152289778373,0.0034152289778373,0.0034152289778373,0.0034152289778373,0.0034152289778373,0.0034152289778373,0.0317063348954664,0.0317063348954664,-0.07,0.0271227037108793,0.0115475665940468,0.0267063348954664,0.0267063348954664,-0.0456364093670411,0.0267063348954664,0.0267063348954664,0.0210001376425565,0.0115475665940468,-0.0216468325522667,0.0045956062749671,0.0076910585204412,-0.0371255645541828,0.0145475665940468,0.0297063348954664
AO,2035,0.017737367296089,0.017737367296089,0.0637350680142041,0.0085492231280541,0.0085492231280541,-0.0033837044391933,-0.0033837044391933,-0.0033837044391933,-0.0033837044391933,-0.0033837044391933,-0.0033837044391933,-0.0033837044391933,0.0300687931744658,0.0300687931744658,-0.0508677615139507,0.033065696501311,0.0099341318583986,0.0250687931744658,0.0250687931744658,-0.0460094870111809,0.0250687931744658,0.0250687931744658,0.0231646542665305,0.0099341318583986,-0.0112217802164492,0.0316456887219909,0.0040820455340159,-0.07,0.0129341318583986,0.0280687931744658
AO,2040,0.015116590168126,0.015116590168126,0.0619532071943438,0.0020387030384665,0.0020387030384665,0.0043719277284448,0.0043719277284448,0.0043719277284448,0.0043719277284448,0.0043719277284448,0.0043719277284448,0.0043719277284448,0.02834343290535,0.02834343290535,-0.07,0.0262860733992997,0.0082341713908279,0.02334343290535,0.0233434329053502,-0.0668754865621838,0.02334343290535,0.02334343290535,0.0189245860060773,0.0082341713908279,-0.0233282835473249,0.02634343290535,-0.00787439956392,-0.0320088161908844,0.0112341713908279,0.02634343290535
AO,2045,0.0134431391521879,0.013443139152188,0.0599971092240867,0.0007508560387767,0.0007508560387767,0.0163766225746222,0.0163766225746222,0.0163766225746222,0.0163766225746222,0.0163766225746222,0.0163766225746222,0.0163766225746222,0.0264493603252906,0.0264493603252906,-0.07,0.024882153988911,0.006367982301832,0.0214493603252906,0.0214493603252906,-0.066344656820765,0.0214493603252906,0.0214493603252906,0.0172892282458776,0.006367982301832,-0.0242753198373546,0.024651025598783,-0.0085043094157355,-0.0231964503148565,0.009367982301832,0.0244493603252906
AO,2050,0.0118292737094056,0.0118292737094056,0.0581595879846787,-0.000572332643911,-0.000572332643911,0.0276724136434283,0.0276724136434283,0.0276724136434283,0.0276724136434283,0.0276724136434283,0.0276724136434283,0.0276724136434283,0.0246701045580644,0.0246701045580644,-0.07,0.0234540433333582,0.0046149197559255,0.0196701045580643,0.0196701045580643,-0.0662996442498375,0.0196701045580643,0.0196701045580643,0.0156983565331485,0.0046149197559255,-0.0251649477209678,0.0235656002975573,-0.0090929897111103,-0.0248929552047346,0.008340464340066,0.0226701045580643
AI,2025,-0.003460092021619,-0.003460092021619,0.0091784840773212,0.0007119935571367,0.0007119935571367,0.0237215050080043,0.0237215050080043,0.0237215050080043,0.0237215050080043,0.0237215050080043,0.0237215050080043,0.0237215050080043,-0.002968075649769,0.002,0.0001542684635697,-0.0043802760648572,-0.003,-0.003,-0.003,0.0118160498783161,-0.003,-0.003,-0.0043802760648572,-0.003,-0.003,-0.0274699682199272,-0.0013802760648572,0.0,-0.0034313725490196,0.0
AI,2030,0.0033221498392947,0.0033221498392947,0.0080256617215546,-0.0014694664460621,-0.0014694664460621,0.023037111170512,0.023037111170512,0.023037111170512,0.023037111170512,0.023037111170512,0.023037111170512,0.023037111170512,-0.0057864909957185,0.002,-0.0013692332139538,0.0455893638977945,-0.0103834049655923,-0.003,-0.003,0.0059086252114699,-0.003,-0.003,0.0191029794661011,-0.0103834049655923,-0.0015,0.0008511201685185,0.0485893638977945,0.0041596546787296,-0.0104528458986515,0.0
AI,2035,0.0033560108595631,0.0033560108595631,0.0080256617215546,-0.0034742499555029,-0.0034742499555029,0.0216765925334854,0.0216765925334854,0.0216765925334854,0.0216765925334854,0.0216765925334854,0.0216765925334854,0.0216765925334854,-0.0057864909957185,0.002,0.0031620812304254,0.0455893638977945,-0.0103834049655923,-0.003,-0.003,-0.0021105088262933,-0.003,-0.003,0.0191029794661011,-0.0103834049655923,-0.0015,0.0040805966548738,0.0485893638977945,0.0,-0.0104528458986515,0.0
AI,2040,0.0033899847468186,0.0033899847468186,0.0080256617215546,-0.0033176276878885,-0.0033176276878885,0.0215864564331158,0.0215864564331158,0.0215864564331158,0.0215864564331158,0.0215864564331158,0.0215864564331158,0.0215864564331158,-0.0057864909957185,0.002,0.002260819937896,0.0455893638977945,-0.0103834049655923,-0.003,-0.003,-0.0014840197558356,-0.003,-0.003,0.0191029794661011,-0.0103834049655923,-0.0015,0.0,0.0485893638977945,0.0,-0.0104528458986515,0.0
AI,2045,0.0034240486416817,0.0034240486416817,0.0080256617215546,-0.0031789131054881,-0.0031789131054881,0.0211415305692228,0.0211415305692228,0.0211415305692228,0.0211415305692228,0.0211415305692228,0.0211415305692228,0.0211415305692228,-0.0057864909957185,0.002,0.0023140408185598,0.0455893638977945,-0.0103834049655923,-0.003,-0.003,-0.0009291614262341,-0.003,-0.003,0.0191029794661011,-0.0103834049655923,-0.0015,0.0,0.0485893638977945,0.0,-0.0104528458986515,0.0
AI,2050,0.0034581794397136,0.0034581794397136,0.0080256617215546,-0.0031527652400758,-0.0031527652400758,0.0203999778798624,0.0203999778798624,0.0203999778798624,0.0203999778798624,0.0203999778798624,0.0203999778798624,0.0203999778798624,-0.0057864909957185,0.002,0.0024264173871106,0.0455893638977945,-0.0103834049655923,-0.003,-0.003,-0.0008245699645849,-0.003,-0.003,0.0191029794661011,-0.0103834049655923,-0.0015,8.599457994616935e-05,0.0485893638977945,0.0,-0.0096502663818995,0.0
AG,2025,-0.0075046732292636,-0.0075046732292636,0.0080314540157291,0.0145750965837024,0.0145750965837024,0.0237215050080043,0.0237215050080043,0.0237215050080043,0.0237215050080043,0.0237215050080043,0.0237215050080043,0.0237215050080043,0.0359527831070054,0.0075105177831626,0.0056647862467324,0.0449754625290465,-0.07,0.0025105177831626,0.0025105177831626,0.0173265676614788,0.0025105177831626,0.0025105177831626,0.0449754625290465,-0.07,0.0025105177831626,-0.0516652550932731,0.0209756768488404,0.0055105177831626,-0.07,0.0055105177831626
AG,2030,0.0078960208981787,0.0078960208981787,0.0117296526997174,0.0110063300458335,0.0110063300458335,0.023037111170512,0.023037111170512,0.023037111170512,0.023037111170512,0.023037111170512,0.023037111170512,0.023037111170512,0.0314580173241463,0.0062195592159059,0.0028503260019521,0.0437429538040022,-0.07,0.0012195592159059,0.0012195592159059,0.0101281844273759,0.0012195592159059,0.0012195592159059,-0.0131285230979988,-0.07,0.0126787941224932,0.0078120206572281,0.0504459735974185,0.0083792138946356,-0.07,0.0042195592159059
AG,2035,0.0053625804992069,0.0053625804992069,0.0095730314430004,0.0068432176304326,0.0068432176304326,0.0216765925334854,0.0216765925334854,0.0216765925334854,0.0216765925334854,0.0216765925334854,0.0216765925334854,0.0216765925334854,0.0292592594317511,0.0040747066387576,0.005236787869183,0.0445033570336004,-0.0627058823529411,-0.0009252933612423,-0.0009252933612423,-3.580218753574272e-05,-0.0009252933612423,-0.0009252933612423,0.0047516785168002,-0.0627058823529411,0.0105126702103467,0.0088374014091274,0.0205797137878786,0.0020747066387576,-0.0597058823529411,0.0020747066387576
AG,2040,0.00520915479562,0.00520915479562,0.0074869410113,0.0049120976646058,0.0049120976646058,0.0215864564331158,0.0215864564331158,0.0215864564331158,0.0215864564331158,0.0215864564331158,0.0215864564331158,0.0215864564331158,0.0271324104142589,0.002,0.002260819937896,0.0447751928485354,-0.07,-0.003,-0.003,-0.0014840197558356,-0.003,-0.003,-0.0126124035757323,-0.07,0.0084173879010715,0.002972602739726,0.0184666941761178,0.0,-0.07,0.0
AG,2045,0.0102341765326999,0.0102341765327,0.0074869410113,0.0050508122470062,0.0050508122470062,0.0211415305692228,0.0211415305692228,0.0211415305692228,0.0211415305692228,0.0211415305692228,0.0211415305692228,0.0211415305692228,0.0271324104142589,0.002,0.0023140408185598,0.0447828336713059,-0.0398821018815349,-0.003,-0.003,-0.0009291614262341,-0.003,-0.003,0.0223914168356529,-0.0398821018815349,0.0084173879010715,0.0029842594362621,0.0184666941761178,0.0,-0.0368821018815349,0.0
AG,2050,0.0045694592763809,0.0045694592763809,0.0033059772550669,0.0008926857982601,0.0008926857982601,0.0203999778798624,0.0203999778798624,0.0203999778798624,0.0203999778798624,0.0203999778798624,0.0203999778798624,0.0203999778798624,0.0228697578839625,-0.0021581482421123,-0.0017317308550017,0.0402042137542018,-0.0524117647058823,-0.0071581482421123,-0.0071581482421123,-0.0049827182066973,-0.0071581482421123,-0.0071581482421123,0.0201021068771009,-0.0524117647058823,0.004218001689892,-0.0008798329009313,0.0142317586820795,-0.0041581482421123,-0.0491635442367838,-0.0041581482421123
AR,2025,-0.0174973937937743,-0.0174973937937743,0.0152217924082587,0.0124245216862298,0.0124245216862298,0.0330721203250865,0.0330721203250865,0.0330721203250865,0.0330721203250865,0.0330721203250865,0.0330721203250865,0.0330721203250865,0.006794227276806,-0.0368306528542964,-0.0041371660612836,0.0049391236259878,-0.0616382913769817,0.0042069863696708,0.0032403083163093,0.0145470011491602,0.0494622639152456,-0.0211054055962923,0.0049391236259878,-0.0616382913769817,0.0042069863696708,-0.0109821036000949,0.0056588156664585,0.0083432114664821,-0.0367721661950481,0.0062403083163093
AR,2030,-0.0154595481068739,-0.0154595481068739,0.0166044794256645,0.0063567780090723,0.0063567780090723,0.029877481943602,0.029877481943602,0.029877481943602,0.029877481943602,0.029877481943602,0.029877481943602,0.029877481943602,0.007578200538101,-0.0423618731716092,-0.0105201893499786,-0.0059810988791109,-0.0536157054911418,-0.0030536502400344,0.0002124991828887,0.0124532753476698,0.0281109497262198,-0.0227153135757014,-0.0313794849964816,-0.0536157054911418,7.942447142717099e-05,-0.0290341577487992,0.0172047743526059,0.0079932034278957,-0.0390300131608912,0.0032124991828887
AR,2035,-0.0199921422716064,-0.0199921422716063,0.0162695575088454,0.0044092837156723,0.0044092837156723,0.0269777027774138,0.0269777027774138,0.0269777027774138,0.0269777027774138,0.0269777027774138,0.0269777027774138,0.0269777027774138,0.0072462582046446,-0.0426773302385878,-0.0103610970329703,-0.006310215779578,-0.0618317026772351,-0.0033837334941195,-0.0001186622302694,0.0056592041461675,0.0277705790076409,-0.0230389064957638,-0.038155107889789,-0.0618317026772351,-0.0002511978621946,-0.0370173947705797,-0.001639662339002,0.0041096248365265,-0.0393472302799997,0.0028813377697303
AR,2040,-0.0162270145042569,-0.0162270145042569,0.0158294814402055,0.0041828959945415,0.0041828959945415,0.023746687852999,0.023746687852999,0.023746687852999,0.023746687852999,0.023746687852999,0.023746687852999,0.023746687852999,0.0068100972077473,-0.0430918301530126,-0.0099373467321118,-0.0067426642531084,-0.0619930734823091,-0.0038174517236133,-0.0005537971243129,0.0060622400185162,0.027323343397816,-0.0234640966459135,-0.0383713321265542,-0.0619930734823091,-0.0006856244239631,-0.0417417184469415,-0.002022643032347,0.0036739570074862,-0.0397640428433824,0.002446202875687
AR,2045,-0.0144871992018416,-0.0144871992018416,0.0150309806398976,0.0036127210485754,0.0036127210485754,0.020929853553308,0.020929853553308,0.020929853553308,0.020929853553308,0.020929853553308,0.020929853553308,0.020929853553308,0.0060187001518658,-0.0438439240226447,-0.0108677509297473,-0.0075273250806634,-0.0622858744914532,-0.0046044164736609,-0.0013433323567316,0.0061559196819684,0.0265118518902792,-0.0242355875298119,-0.0387636625403317,-0.0622858744914532,-0.0014738744151963,-0.0418067728902301,-0.0027175465091111,0.0028834547853766,-0.0405203329240228,0.0016566676432683
AR,2050,-0.0140650425102219,-0.0140650425102219,0.0139678795488757,0.0026653853026784,0.0026653853026784,0.0194885680772796,0.0194885680772796,0.0194885680772796,0.0194885680772796,0.0194885680772796,0.0194885680772796,0.0194885680772796,0.0049650567826733,-0.0448452402555756,-0.0116859466155844,-0.0085720000284333,-0.0626757013672101,-0.0056521587978373,-0.0023944969475008,0.0055277574761193,0.0254314553437954,-0.0252627283918743,-0.0392860000142167,-0.0626757013672101,-0.002523327872669,-0.0413986411675009,-0.0036427210913005,0.0018310027722341,-0.0411631085836479,0.0006055030524991
AM,2025,0.0115080610904672,0.0115080610904672,0.0171589356298351,-0.0116046084017551,-0.0116046084017551,0.0190122739704441,0.0190122739704441,0.0190122739704441,0.0190122739704441,0.0190122739704441,0.0190122739704441,0.0190122739704441,-0.0563647365267447,0.0091110547282662,-0.07,0.0140400073083541,-0.0398385257091345,0.060322701672182,-0.0061089286683735,0.067,-0.07,0.0129463029197242,0.0140400073083541,-0.0398385257091345,0.060322701672182,0.0311170329808207,0.0182746192840812,0.0469501722388099,-0.0297765695494202,0.0686580263721853
AM,2030,0.0078313888695894,0.0078313888695894,0.0018932948983098,-0.0615524370526079,-0.0615524370526079,0.0182411394241723,0.0182411394241723,0.0182411394241723,0.0182411394241723,0.0182411394241723,0.0182411394241723,0.0182411394241723,-0.0452982867846648,0.0183339993642659,-0.07,0.008802980106065,0.0021243576747304,0.0202104668398711,-0.0099817246277826,-0.07,-0.0609114614257667,-0.07,0.0070543115527205,0.0021243576747304,-0.0248947665800644,0.0006634553910755,-0.058786630334588,0.0230511184957901,0.0102803798901119,0.0686580263721853
AM,2035,0.0083988270293673,0.0083988270293673,0.0021457145598604,-0.0295144451193516,-0.0295144451193516,0.0163974001575439,0.0163974001575439,0.0163974001575439,0.0163974001575439,0.0163974001575439,0.0163974001575439,0.0163974001575439,-0.0450577804774063,0.0185905694257422,-0.07,0.0105374370020783,0.0027145585308329,0.0204687728421743,-0.0097310405415288,0.067,-0.07,-0.07,0.0080484329959376,0.0027145585308329,-0.0247656135789128,-0.0175448813129237,0.0182581292928964,0.0219296141713642,0.0108697160833366,0.0686580263721853
AM,2040,0.0086740654294125,0.0086740654294125,0.0022089513579817,-0.0294993820605693,-0.0294993820605693,0.0140466790045943,0.0140466790045943,0.0140466790045943,0.0140466790045943,0.0140466790045943,0.0140466790045943,0.0140466790045943,-0.0449975282422772,0.0186548459923212,0.0072175365168194,0.0118644287100844,0.0027779845693587,0.020533484300944,-0.0096682385440248,0.067,-0.07,-0.07,0.0087437183970456,0.0027779845693587,-0.0247332578495279,0.0226492794071712,0.0453570084515244,0.0219942283128485,0.0109355981877046,0.0686580263721853
AM,2045,0.0087473367004518,0.0087473367004518,0.0022867404699349,-0.0294808526283274,-0.0294808526283274,0.0106717233211102,0.0106717233211102,0.0106717233211102,0.0106717233211102,0.0106717233211102,0.0106717233211102,0.0106717233211102,-0.0449234105133099,0.0187339141485554,0.041954338277073,0.0119113435549251,0.0028560064705019,0.0206130874285607,-0.0095909842908072,0.067,-0.07,-0.07,0.0088062809087838,0.0028560064705019,-0.0246934562857196,0.02037617587438,0.0573448382728628,0.0220737117281228,0.0110140224963289,0.07
AM,2050,0.0087290040607771,0.0087290040607771,0.0023003605286391,-0.0294776083188276,-0.0294776083188276,0.0074661160084732,0.0074661160084732,0.0074661160084732,0.0074661160084732,0.0074661160084732,0.0074661160084732,0.0074661160084732,-0.0449104332753107,0.0187477581545159,-0.07,0.0117326096994825,0.0028696672881551,0.0206270251024066,-0.0095774578802653,0.067,-0.07,-0.07,0.0087237608725975,0.0028696672881551,-0.0246864874487966,0.0029901180521937,0.0185002835702404,0.0220876284415916,0.0118696563383865,0.0686580263721853
AW,2025,0.0081729948304866,0.0081729948304866,0.023698002630857,0.0026298117562878,0.0026298117562878,0.0307709249758683,0.0307709249758683,0.0307709249758683,0.0307709249758683,0.0307709249758683,0.0307709249758683,0.0307709249758683,-0.0094828611931951,0.0067286861133433,0.0048829545769131,0.007320409811735,0.0154698885663815,0.0017286861133433,0.0017286861133433,0.0165447359916595,0.0017286861133435,0.0017286861133435,0.007320409811735,0.0154698885663815,0.0017286861133433,0.07,-0.0193566248776336,0.0047286861133433,0.0184698885663815,0.0047286861133435
AW,2030,0.0046525178853308,0.0046525178853308,0.0138391766836196,-0.0033252361163134,-0.0033252361163134,0.033466932401996,0.033466932401996,0.033466932401996,0.033466932401996,0.033466932401996,0.033466932401996,0.033466932401996,-0.0132095696767237,0.002,-0.0013692332139538,0.0005647022782736,0.0150061440237638,-0.003,-0.003,0.0059086252114699,-0.003,-0.003,0.0061097024021204,0.0150061440237638,-0.0015,-0.0691488798314814,-0.0053333489686557,0.0041596546787296,0.0180061440237638,0.0
AW,2035,0.0028655865552496,0.0028655865552496,0.0119584217117207,-0.0071817008480531,-0.0071817008480531,0.0326542409929566,0.0326542409929566,0.0326542409929566,0.0326542409929566,0.0326542409929566,0.0326542409929566,0.0326542409929566,-0.0150400478206709,0.0001412510849172,0.0013033323153426,-0.0013006725233014,0.0131139262080121,-0.0048587489150827,-0.0048587489150827,-0.0039692577413761,-0.0048587489150827,-0.0048587489150827,0.0042368089609536,0.0131139262080121,-0.0033587489150827,0.002221847739791,-0.0119614824418841,-0.0018587489150827,0.0161139262080121,-0.0018587489150827
AW,2040,0.0010293992991943,0.0010293992991943,0.0100279979982251,-0.0089256607374812,-0.0089256607374812,0.03514861198996,0.03514861198996,0.03514861198996,0.03514861198996,0.03514861198996,0.03514861198996,0.03514861198996,-0.0169188669485785,-0.0017665854151701,-0.0015057654772741,-0.0032153098925072,0.0111717369291303,-0.0067665854151702,-0.0067665854151701,-0.0052506051710058,-0.0067665854151702,-0.0067665854151701,0.0023144543928686,0.0111717369291303,-0.0052665854151702,0.07,-0.0126966599254905,-0.0037665854151702,0.0141717369291303,-0.0037665854151701
AW,2045,0.0010404976159305,0.0010404976159305,0.009954842492039,-0.008858970783029,-0.008858970783029,0.0360515060277271,0.0360515060277271,0.0360515060277271,0.0360515060277271,0.0360515060277271,0.0360515060277271,0.0360515060277271,-0.0169900668428678,-0.001838884954338,-0.0015248441357782,-0.0032878671580072,0.0110981355540473,-0.0068388849543381,-0.006838884954338,-0.0047680463805722,-0.006838884954338,-0.006838884954338,0.0022416046757238,0.0110981355540473,-0.005338884954338,0.07,-0.0130256980655301,-0.003838884954338,0.0140981355540473,-0.0038388849543381
AW,2050,-0.0009442444181769,-0.0009442444181769,0.0078750724066418,-0.0108804427678202,-0.0108804427678202,0.0365429558539949,0.0365429558539949,0.0365429558539949,0.0365429558539949,0.0365429558539949,0.0365429558539949,0.0365429558539949,-0.019014239976868,-0.0038943203766094,-0.0034679029894986,-0.005350629595611,0.009005689665531,-0.0088943203766093,-0.0088943203766093,-0.0067188903411943,-0.0088943203766093,-0.0088943203766093,0.0001705280015822,0.009005689665531,-0.0073943203766093,-0.0058083257966631,-0.0159491312343976,-0.0058943203766093,0.0125352197855962,-0.0058943203766093
AU,2025,0.0022876036815569,0.0022876036815569,0.0235723051377592,-0.0105936000869807,-0.0105936000869807,0.0258761507314804,0.0258761507314804,0.0258761507314804,0.0258761507314804,0.0258761507314804,0.0258761507314804,0.0258761507314804,-0.0078034791911977,-0.0115317925460974,0.0187587033226737,-0.0449162363156233,0.067,-0.0152209526397059,0.0098350412369744,0.0185662419623352,-0.0370688537984036,-0.0160683093206569,-0.0449162363156233,0.067,-0.0152209526397059,-0.0483848405110998,0.0222054900010394,-0.0095982956351622,0.07,0.0540029700155266
AU,2030,0.0141906530815678,0.0141906530815678,0.0075662938925322,-0.0053164685617397,-0.0053164685617397,0.0219357838099925,0.0219357838099925,0.0219357838099925,0.0219357838099925,0.0219357838099925,0.0219357838099925,0.0219357838099925,0.0005810320904483,-0.0074554216481288,0.0144010561879557,-0.0424499744863045,-0.07,-0.0124061070242886,0.0059858679640606,0.0256425684813907,-0.0407102945688799,-0.006779180249918,0.0137750127568477,-0.07,0.0287969464878556,0.0684778830217973,0.0253029132850814,-0.0082141656835553,0.0470403541009313,0.0511914185467443
AU,2035,0.0403213211776602,0.0403213211776602,0.0063977949439162,-0.0120389079737669,-0.0120389079737669,0.0196151330074807,0.0196151330074807,0.0196151330074807,0.0196151330074807,0.0196151330074807,0.0196151330074807,0.0196151330074807,-0.0005793497691988,-0.0086064649014592,0.0136353473727039,-0.0215148653513101,0.067,-0.013557207582728,0.0048133953652421,0.0021890421356033,-0.0418285047912091,-0.0079368194702633,0.0242425673243449,0.067,0.0282213962086359,0.0491449602193599,0.0136939015843239,-0.0137982066896308,0.0645793220534217,0.0499699018005821
AU,2040,0.0321390374619356,0.0321390374619356,0.0057800290598677,-0.0124434410948398,-0.0124434410948398,0.0187295775040337,0.0187295775040337,0.0187295775040337,0.0187295775040337,0.0187295775040337,0.0187295775040337,0.0187295775040337,-0.0011928242838381,-0.0092150022508626,0.013866926804276,-0.07,0.067,-0.0141657752283859,0.0041935286786786,0.0023875877671016,-0.0424196838653259,-0.0085488439972969,0.0,0.067,0.027917112385807,-0.0430165178794683,0.0105255998356018,-0.0144047809232278,0.0640120325401276,0.0493241062921936
AU,2045,0.0321044800323654,0.0321044800323654,0.0055695505582789,-0.0125019922643314,-0.0125019922643314,0.0182653611371934,0.0182653611371934,0.0182653611371934,0.0182653611371934,0.0182653611371934,0.0182653611371934,0.0182653611371934,-0.0014018406765174,-0.0094223365060727,0.0135390955965865,-0.07,0.067,-0.0143731198058075,0.0039823344144086,0.0027723419820651,-0.0426211039969708,-0.0087573663659027,0.0,0.067,0.0278134400970962,-0.0615881134809976,0.0097495992029062,-0.0146114463268806,0.0638187518009214,0.0491040778405613
AU,2050,0.0461733718958956,0.0461733718958956,0.0053843374805773,-0.0125922275728303,-0.0125922275728303,0.0165658834000661,0.0165658834000661,0.0165658834000661,0.0165658834000661,0.0165658834000661,0.0165658834000661,0.0165658834000661,-0.0015857671539772,-0.0096047827665244,0.0135632735120137,0.0145958065247872,0.067,-0.0145555751494131,0.0037964914927653,0.002956061037196,-0.0427983460535769,-0.0089408581209633,0.0422979032623936,0.067,0.0277222124252934,0.0685734727666169,0.0153036341387958,-0.0147933040233961,0.0636486721001513,0.04891046116997
AT,2025,-0.0016691936180588,-0.0016691936180588,0.0318981996145746,-0.0110405245015906,-0.0110405245015906,0.0061257138355692,0.0061257138355692,0.0061257138355692,0.0061257138355692,0.0061257138355692,0.0061257138355692,0.0061257138355692,-0.0033024690881376,0.0313941297889037,-0.0060907784064974,0.025230801529116,-0.0072096326154121,-0.0230287497678802,0.067,0.0524982388475009,-0.0641095688220923,-0.0292482989436334,0.025230801529116,-0.0072096326154121,-0.0230287497678802,-0.07,0.0039431390863081,-0.0078558590883501,-0.0026994432454432,-0.0038641975056851
AT,2030,-0.0173548533973364,-0.0173548533973364,0.0147068903767106,-0.0131122637522947,-0.0131122637522947,0.0058807022489415,0.0058807022489415,0.0058807022489415,0.0058807022489415,0.0058807022489415,0.0058807022489415,0.0058807022489415,-0.0105682801979404,0.0141006321555487,-0.0155336316623381,0.0047384973565129,-0.0213932101277163,-0.0323277201669572,0.067,0.0524046970254959,-0.0513942489929409,-0.0428912228437934,-0.0068313688166569,-0.0213932101277163,-0.0252800786900954,-0.0694674374353497,0.0134148688282878,-0.0158723215815593,-0.0160401065679641,-0.0139916519138703
AT,2035,-0.0175373700948256,-0.0175373700948256,0.0139653151211336,-0.0192887284830434,-0.0192887284830434,0.0066377043916405,0.0066377043916405,0.0066377043916405,0.0066377043916405,0.0066377043916405,0.0066377043916405,0.0066377043916405,-0.0112913471948526,0.0133595008449072,-0.015818021162172,0.0072293786600967,-0.0221120117009977,-0.033038514722459,0.067,0.0298217970161017,-0.0520910816942067,-0.0435942820592161,-0.0059453260133214,-0.0221120117009977,-0.0259949356191083,0.0020856722470758,-0.0116049582158509,-0.0208429401343011,-0.0167606312492744,-0.0147136766178409
AT,2040,-0.0174639910959677,-0.0174639910959677,0.0135933783954444,-0.0194475627919038,-0.0194475627919038,0.0080760417432887,0.0080760417432887,0.0080760417432887,0.0080760417432887,0.0080760417432887,0.0080760417432887,0.0080760417432887,-0.0116540011119878,0.0129877867795948,-0.0152310742730915,0.0094681783353467,-0.0224725262968879,-0.0333950134022932,0.067,0.0302512288397127,-0.0524405778125207,-0.0439469010828192,-0.0050061819999964,-0.0224725262968879,-0.026353471780494,-0.0017797665686738,-0.0118688260698218,-0.021202818546476,-0.0171220100691978,-0.0150758077734341
AT,2045,-0.0176329249562951,-0.0176329249562951,0.0134173268193313,-0.019468678205397,-0.019468678205397,0.0084150857302032,0.0084150857302032,0.0084150857302032,0.0084150857302032,0.0084150857302032,0.0084150857302032,0.0084150857302032,-0.0118256587873005,0.0128118405969734,-0.0156147048984757,0.0093058617867737,-0.0226431713513677,-0.0335637575733637,0.067,0.0306707622421446,-0.0526060074090755,-0.0441138088673567,-0.0051726621039915,-0.0226431713513677,-0.0265231803678581,-0.0017204060945496,-0.0120344172000742,-0.0213731624713872,-0.0172930641932656,-0.015247218006139
AT,2050,-0.0183847697055775,-0.0183847697055775,0.0127047443509564,-0.0201320905567048,-0.0201320905567048,0.0074249225002536,0.0074249225002536,0.0074249225002536,0.0074249225002536,0.0074249225002536,0.0074249225002536,0.0074249225002536,-0.0125204565999099,0.0120996847169667,-0.0161405988719096,0.0082405748279552,-0.0233338705022746,-0.0342467627505963,0.067,0.0300570720878928,-0.0532755965877569,-0.0447893811270455,-0.0060506523355416,-0.0233338705022746,-0.0272100890951651,-0.0016350371722934,-0.0128245834125416,-0.0220626427769077,-0.0172583791562651,-0.0159410142755177
AZ,2025,-0.0234329855871002,-0.0234329855871002,-0.0128323922081667,0.0064835923609368,0.0064835923609368,-0.0018391112849084,-0.0018391112849084,-0.0018391112849084,-0.0018391112849084,-0.0018391112849084,-0.0018391112849084,-0.0018391112849084,0.0358053959439956,0.07,-0.0058720662700077,-0.0469335922392153,-0.07,0.0466346354779144,-0.07,-0.0068710265002481,-0.07,0.067,-0.0469335922392153,-0.07,0.0466346354779144,0.0236827967084815,0.0093105285842484,0.0498574477224677,-0.0685707029844232,0.0177232650142804
AZ,2030,-0.0478124560795897,-0.0478124560795897,0.0029303160087896,0.0267555544961216,0.0267555544961216,0.0007946329227068,0.0007946329227068,0.0007946329227068,0.0007946329227068,0.0007946329227068,0.0007946329227068,0.0007946329227068,0.0312962353357795,0.0598572458593098,-0.0173842325491993,-0.0577915400842544,-0.07,0.0509168036067161,-0.07,-0.006771123588581,0.0154971062372879,0.067,-0.0638957700421272,-0.07,-0.0068387010757813,-0.00193927437676,0.0107780011986431,0.0546443601943918,-0.07,0.0364832507460008
AZ,2035,-0.0471785335156873,-0.0471785335156873,0.0021190263766226,0.0012979932970193,0.0012979932970193,-0.0071754072624271,-0.0071754072624271,-0.0071754072624271,-0.0071754072624271,-0.0071754072624271,-0.0071754072624271,-0.0071754072624271,0.0304619541167969,0.0589998149251558,-0.017640714739232,-0.0531337676353249,-0.07,0.0500625665412007,-0.07,-0.0222699809287196,-0.07,0.067,-0.0615668838176624,-0.07,-0.0039694959766565,0.0380119704305426,-0.0070962488711668,0.0527084714634124,-0.0685707029844232,0.0356431441953288
AZ,2040,-0.046944426373182,-0.046944426373182,0.0011955901085548,0.0010786153034344,0.0010786153034344,-0.0028872605067014,-0.0028872605067014,-0.0028872605067014,-0.0028872605067014,-0.0028872605067014,-0.0028872605067014,-0.0028872605067014,0.0295123480762038,0.0580238591251955,-0.0175469083089938,-0.0507568043455826,-0.07,0.0490902461064902,-0.07,-0.0221978868624661,-0.07,0.067,-0.0603784021727913,-0.07,-0.0032684340689414,0.0076699182348765,-0.0078491609018904,0.051736477974024,-0.0685707029844232,0.0346869075725835
AZ,2045,-0.0478172938836726,-0.0478172938836726,-0.0002160819170496,0.0054797628042305,0.0054797628042305,0.0020545854053011,0.0020545854053011,0.0020545854053011,0.0020545854053011,0.0020545854053011,0.0020545854053011,0.0020545854053011,0.0280606698941725,0.0565318996379284,-0.0191245927539175,-0.054507607363178,-0.07,0.0476038440611424,-0.07,-0.0225866231878655,-0.0505549954893848,0.067,-0.062253803681589,-0.07,-0.0080011510728551,0.0151585585521539,-0.009115867446933,0.0502505757353017,-0.0685707029844232,0.0332250931118924
AZ,2050,-0.0485702369102749,-0.0485702369102749,-0.0014766190604308,0.0046914964413787,0.0046914964413787,0.0050469594762572,0.0050469594762572,0.0050469594762572,0.0050469594762572,0.0050469594762572,0.0050469594762572,0.0050469594762572,0.0267644096896093,0.0551996706810538,-0.0201888795850726,-0.0576979990230846,-0.07,0.0462765775614352,-0.07,-0.0233123133108835,-0.0516861106132107,0.067,-0.0638489995115423,-0.07,-0.0118617112192823,0.005329317261015,-0.0104838805464586,0.0489237555324712,-0.0677363840403516,0.0319197818278187
BS,2025,-0.0064660295971246,-0.0064660295971246,-0.0060821461913227,0.0109803936704192,0.0109803936704192,0.0167511871373826,0.0167511871373826,0.0167511871373826,0.0167511871373826,0.0167511871373826,0.0167511871373826,0.0167511871373826,-0.0238919034887495,0.0068013477451425,0.0049556162087122,-0.0230007842816588,0.0018013477451425,0.0018013477451425,0.0018013477451425,0.0642107826801417,0.0018013477451425,0.0018013477451425,-0.0230007842816588,0.0018013477451425,0.0018013477451425,-0.0108009643915498,0.0353797613250534,0.0048013477451425,-0.0049144934362593,0.0048013477451425
BS,2030,0.0024658337618507,0.0024658337618507,0.0011670639567736,0.0137571948213158,0.0137571948213158,0.0146525760073679,0.0146525760073679,0.0146525760073679,0.0146525760073679,0.0146525760073679,0.0146525760073679,0.0146525760073679,-0.0119493546940986,0.0059487902241552,0.0025795570102014,0.0010510514503278,0.0009487902241552,0.0009487902241552,0.0009487902241552,0.0650805535310516,0.0009487902241552,0.0009487902241552,0.0024999208372415,0.0009487902241552,0.0024487902241552,0.010942053997463,0.0332847467467271,0.0081084449028849,-0.0025602441183521,0.0039487902241552
BS,2035,0.0009442307367835,0.0009442307367835,-0.0003472660890681,0.0126006368084783,0.0126006368084783,0.0137718566680997,0.0137718566680997,0.0137718566680997,0.0137718566680997,0.0137718566680997,0.0137718566680997,0.0137718566680997,-0.0134438055950272,0.0044272130301448,0.0055892942605704,-0.0004706807300237,-0.0005727869698549,-0.0005727869698549,-0.0005727869698551,0.0649919267686504,-0.0005727869698549,-0.0005727869698549,0.0009782661500606,-0.0005727869698549,0.000927213030145,0.0491175859465506,0.0405102357713969,0.002427213030145,-0.0040719562691382,0.002427213030145
BS,2040,0.0009151262966235,0.0009151262966236,-0.0003762314154215,0.0125870333921314,0.0125870333921314,0.0135367795662788,0.0135367795662788,0.0135367795662788,0.0135367795662788,0.0135367795662788,0.0135367795662788,0.0135367795662788,-0.0134723906833199,0.0043981090840683,0.0046589290219642,-0.0004997876405993,-0.0006018909159318,-0.0006018909159318,-0.0006018909159318,0.0650243060837096,-0.0006018909159318,-0.0006018909159318,0.0009491607217344,-0.0006018909159318,0.0008981090840681,0.0015569185345416,0.0405921034432188,0.0023981090840681,-0.0041008715217413,0.0023981090840681
BS,2045,-5.849211415966452e-05,-5.849211415966452e-05,-0.0013451961114326,0.0118620001152736,0.0118620001152736,0.0136303946693232,0.0136303946693232,0.0136303946693232,0.0136303946693232,0.0136303946693232,0.0136303946693232,0.0136303946693232,-0.0144286354378225,0.0034245072016383,0.0037385480201981,-0.0014734886931496,-0.0015754927983616,-0.0015754927983616,-0.0015754927983616,0.0650276214956405,-0.0015754927983616,-0.0015754927983616,-2.4490745755666263e-05,-0.0015754927983616,-7.549279836166359e-05,0.0036947755204493,0.0402115655179573,0.0014245072016383,-0.0050681611219609,0.0014245072016383
BS,2050,-0.0010106487126144,-0.0010106487126144,-0.0022928015785832,0.0111463872817772,0.0111463872817772,0.0123987273419718,0.0123987273419718,0.0123987273419718,0.0123987273419718,0.0123987273419718,0.0123987273419718,0.0123987273419718,-0.0153638013535993,0.0024723667671966,0.0028987841543072,-0.0024257261116699,-0.0025276332328033,-0.0025276332328033,-0.0025276332328033,0.0650046169463152,-0.0025276332328033,-0.0025276332328033,-0.0009766796722366,-0.0025276332328033,-0.0010276332328033,0.0012490725304825,0.0398827064178413,0.0004723667671966,-0.005206720229682,0.0004723667671966
BH,2025,-0.0100689877037915,-0.0100689877037915,0.0221504263498848,0.01875755384091,0.01875755384091,0.0477144921372025,0.0477144921372025,0.0477144921372025,0.0477144921372025,0.0477144921372025,0.0477144921372025,0.0477144921372025,0.0141969995570878,0.0205764138525255,0.0184933237729817,0.0244539815792134,-0.07,0.015339055309412,0.015339055309412,0.0301551051877281,0.015339055309412,0.015339055309412,0.0244539815792134,-0.07,0.015339055309412,0.0008963152854705,0.0274539815792134,0.0010598379811168,-0.0162368457352303,0.018339055309412
BH,2030,0.0003485661897418,0.0003485661897418,0.0353305823406511,0.0165972568053812,0.0165972568053812,0.0431936975937168,0.0431936975937168,0.0431936975937168,0.0431936975937168,0.0431936975937168,0.0431936975937168,0.0431936975937168,0.0199743249092863,0.0200164247737375,0.0141327924863024,0.0231957961782419,-0.07,0.0125020257002562,0.0125020257002562,0.0214106509117262,0.0125020257002562,0.0125020257002562,-0.023402101910879,-0.07,0.0140020257002562,-0.0350019532325609,0.0261957961782419,0.0055190324489334,0.0351267518328742,0.0155020257002562
BH,2035,-0.002714184589954,-0.002714184589954,0.0298907683842857,0.0092432613413921,0.0092432613413921,0.0392911084153635,0.0392911084153635,0.0392911084153635,0.0392911084153635,0.0392911084153635,0.0392911084153635,0.0392911084153635,0.0146153516682934,0.014657229904319,0.0133181487382816,0.0177935422341372,-0.07,0.007156067507856,0.0071560675078562,0.0080455586815627,0.007156067507856,0.0071560675078562,-0.0261032288829314,-0.07,0.0086560675078561,0.0386720082300875,0.0207935422341372,-0.0080498853723236,0.0301914751178494,0.0101560675078561
BH,2040,-0.0025464175706088,-0.0025464175706089,0.0298150079479595,0.0093253849892139,0.0093253849892139,0.0344898789625607,0.0344898789625607,0.0344898789625607,0.0344898789625607,0.0344898789625607,0.0344898789625607,0.0344898789625607,0.0145407171028,0.0145825922522007,0.0123424341411932,0.0177183048971191,-0.07,0.0070816142032971,0.0070816142032971,0.0085975944474614,0.0070816142032971,0.0070816142032971,-0.0261408475514404,-0.07,0.0085816142032971,0.0252869709794142,0.0207183048971191,-0.0081229968116024,0.0301227413853506,0.0100816142032971
BH,2045,-0.0029220089111981,-0.0029220089111981,0.0293226172714176,0.0089799098338047,0.0089799098338047,0.029380276694495,0.029380276694495,0.029380276694495,0.029380276694495,0.029380276694495,0.029380276694495,0.029380276694495,0.0140556438115315,0.0140974988999942,0.0119117598018669,0.0172293140059368,-0.07,0.0065977189833069,0.0065977189833071,0.008668557557073,0.0065977189833071,0.0065977189833071,-0.0263853429970315,-0.07,0.008097718983307,0.0208898049953108,0.0202293140059368,-0.0085981708311192,0.0296760194459379,0.0095977189833071
BH,2050,-0.0034338547977074,-0.0034338547977074,0.0286826046907784,0.0083767047516936,0.0083767047516936,0.0256543085682341,0.0256543085682341,0.0256543085682341,0.0256543085682341,0.0256543085682341,0.0256543085682341,0.0256543085682341,0.0134251424155176,0.0134669714286435,0.011395166239058,0.0165937204882596,-0.07,0.0059687488519474,0.0059687488519474,0.0081441788873624,0.0059687488519474,0.0059687488519472,-0.0267031397558701,-0.07,0.0074687488519474,0.0522304658146482,0.0195937204882596,-0.0092158050897926,0.0291839698736311,0.0089687488519473
BD,2025,0.0099540408689148,0.0099540408689148,0.07,-0.0120471062205414,-0.0120471062205414,0.0249530868847971,0.0249530868847971,0.0249530868847971,0.0249530868847971,0.0249530868847971,0.0249530868847971,0.0249530868847971,0.07,0.07,0.0290115266455913,0.0185782364106284,0.0013321418992978,0.0099517442968183,0.0059727120702745,-0.07,0.0059727120702745,-0.0541611369524403,0.0185782364106284,0.0013321418992978,0.0099517442968183,0.0584754407935445,0.040178675860548,0.0228784829251814,0.0043106145939905,0.0089727120702745
BD,2030,0.0081274281045289,0.0081274281045289,0.07,-0.0073820013016861,-0.0073820013016861,0.01990608952162,0.01990608952162,0.01990608952162,0.01990608952162,0.01990608952162,0.01990608952162,0.01990608952162,0.07,0.0402364690906422,0.0150898694337625,-0.019325445021135,0.0051897348566817,0.038389245843014,0.0087066243940848,-0.07,0.0087066243940848,-0.0382346296008293,-0.0055678550822266,0.0051897348566817,0.0098122966161811,0.0163021942372282,0.0521640338237356,0.0415511776742571,0.0081538433156744,0.0117066243940848
BD,2035,0.0065223004181856,0.0065223004181856,0.07,-0.0083220406213637,-0.0083220406213637,0.016454964105306,0.016454964105306,0.016454964105306,0.016454964105306,0.016454964105306,0.016454964105306,0.016454964105306,0.07,0.0382612665952066,0.0135289149761464,-0.0193103147746682,0.0032716950464392,0.0364080453185223,0.0067818938450779,-0.07,0.0067818938450779,-0.0400700563305331,-0.0065193098641145,0.0032716950464392,0.0078883162596728,0.0306132066873182,0.0271162591791177,0.0350359578915668,0.0062358717876233,0.0097818938450779
BD,2040,0.0047180563370505,0.0047180563370505,0.07,-0.0093383856769149,-0.0093383856769149,0.017163317295721,0.017163317295721,0.017163317295721,0.017163317295721,0.017163317295721,0.017163317295721,0.017163317295721,0.07,0.0361257311469271,0.0124645968833207,-0.0197053414750333,0.0011979623453873,0.0342660249636578,0.0047009272984633,-0.07,0.0047009272984633,-0.0420544700061232,-0.0077536895648229,0.0011979623453873,0.0058081608008722,0.0051372727228688,0.0255086888583877,0.0329029475691954,0.0041622129114278,0.0077009272984633
BD,2045,0.0034155154706729,0.0034155154706729,0.07,-0.0099440294054734,-0.0099440294054734,0.0170786816097996,0.0170786816097996,0.0170786816097996,0.0170786816097996,0.0170786816097996,0.0170786816097996,0.0170786816097996,0.07,0.034759651787934,0.0109104050579261,-0.0208498283749717,-0.0001285824521991,0.032895797278755,0.003369755086653,-0.0698219943373635,0.003369755086653,-0.0433238783711831,-0.0089892054135854,-0.0001285824521991,0.0044775074333271,0.0078254075402258,0.0244843230493778,0.0315384835064429,0.0028357153388182,0.006369755086653
BD,2050,0.0022907829887358,0.0022907829887358,0.07,0.008532319501947,0.008532319501947,0.0168127019188923,0.0168127019188923,0.0168127019188923,0.0168127019188923,0.0168127019188923,0.0168127019188923,0.0168127019188923,0.07,0.033831441170925,0.0101712492177909,-0.0230667144990008,-0.0010299305012356,0.0319647679966906,0.0024652628461875,0.0058504190617816,0.0024652628461875,-0.0441864039001809,-0.0105483225001182,-0.0010299305012356,0.0035733677322309,0.007814096378841,0.0237561903726437,0.0306113704355686,0.0027687969470764,0.0054652628461875
BB,2025,0.0171463250951489,0.0171463250951489,0.0003228630154733,-0.0005029009177062,-0.0005029009177062,-0.0079015930352224,-0.0079015930352224,-0.0079015930352224,-0.0079015930352224,-0.0079015930352224,-0.0079015930352224,-0.0079015930352224,0.0003362436478379,0.0033378052036747,-0.0351002181105378,0.0641636040693018,-0.013430407559576,0.000705778775721,-0.0016621947963252,-0.0103346395691124,-0.0016621947963252,0.0096489870467747,0.0641636040693018,-0.013430407559576,0.000705778775721,-0.0590747913060801,0.0164701916023347,0.0095952379225859,-0.0092733746161382,0.0013378052036747
BB,2030,0.0066611876973703,0.0066611876973704,-0.0045940950027223,0.0013029964601302,0.0013029964601302,-0.005626227175666,-0.005626227175666,-0.005626227175666,-0.005626227175666,-0.005626227175666,-0.005626227175666,-0.005626227175666,0.0147552899689498,0.002,-0.0380572377752436,0.0453595367300643,-0.0050987637177205,0.0002126468172568,-0.003,-0.0159874966245248,-0.003,0.0094441924960958,0.0226797683650321,-0.0050987637177205,-0.0348936765913715,-0.0347299251085625,0.0063080382627515,0.0112393599928562,-0.0086278123469205,0.0
BB,2035,0.0053115767015833,0.0053115767015833,-0.0060021884110877,-0.004848454219726,-0.004848454219726,-0.0040826648451677,-0.0040826648451677,-0.0040826648451677,-0.0040826648451677,-0.0040826648451677,-0.0040826648451677,-0.0040826648451677,0.0133197699655767,0.0005825598566688,-0.0390490664279611,0.0439380629427794,-0.0065132289891068,-0.0012093470606394,-0.0044174401433311,-0.0363052601559193,-0.0044174401433311,0.0080091134547694,0.0212603113997241,-0.0065132289891068,-0.0356046735303197,-0.0588779254606582,-0.0014190788781004,0.0093883665368048,-0.010033023082682,-0.0014174401433311
BB,2040,0.0038758630246887,0.0038758630246888,-0.0074385394334873,-0.0060985871684223,-0.0060985871684223,-0.0024640790772307,-0.0024640790772307,-0.0024640790772307,-0.0024640790772307,-0.0024640790772307,-0.0024640790772307,-0.0024640790772307,0.0118554419513481,-0.0008633254709442,-0.0394144849401547,0.0424784466643117,-0.0079560797450542,-0.0026598775071483,-0.0058633254709441,-0.0369317004059054,-0.0058633254709441,0.0065452352518121,0.0198075605966837,-0.0079560797450542,-0.0363299387535741,0.0144458886018597,-0.0025140314682004,0.0079268350744004,-0.0114664335830132,-0.0028633254709441
BB,2045,0.0023623391838576,0.0023623391838576,-0.0089354377524412,-0.0074543426715945,-0.0074543426715945,-0.0007749196376375,-0.0007749196376375,-0.0007749196376375,-0.0007749196376375,-0.0007749196376375,-0.0007749196376375,-0.0007749196376375,0.0103293873110044,-0.0023701599999355,-0.0410831147504274,0.040918816437675,-0.0094597517844076,-0.0041715529632932,-0.0073701599999355,-0.0377962473813294,-0.0073701599999355,0.0050196493838824,0.0182743282188697,-0.0094597517844076,-0.0370857764816466,0.0617861670157552,-0.0038608086112813,0.0064036948704717,-0.0129602674264505,-0.0043701599999355
BB,2050,0.0022636433568589,0.0022636433568589,-0.0090324225642823,-0.0075263416813484,-0.0075263416813484,-0.0003288081564982,-0.0003288081564982,-0.0003288081564982,-0.0003288081564982,-0.0003288081564982,-0.0003288081564982,-0.0003288081564982,0.0102305134461071,-0.0024677885839344,-0.0410062775572339,0.0408124211743876,-0.0095571754690766,-0.0042694951934519,-0.0074677885839344,-0.0377888974785572,-0.0074677885839344,0.0049208058909909,0.0181723162952265,-0.0095571754690766,-0.037134747596726,0.0569445859130819,-0.0045832265411211,0.0063050098334084,-0.0122945387513692,-0.0044677885839344
BY,2025,-0.0164113134440849,-0.0164113134440849,0.00734754079206,0.0203735481483065,0.0203735481483065,0.0240030793259646,0.0240030793259646,0.0240030793259646,0.0240030793259646,0.0240030793259646,0.0240030793259646,0.0240030793259646,0.0201915340166876,0.0150781539755608,0.0134639769687374,-0.07,0.017407699256954,0.003358360410791,-0.07,0.0390656819262177,-0.0038216397276599,0.0260586163779809,-0.07,0.017407699256954,0.003358360410791,0.0039700992506792,0.0091827854340913,-0.0079928516294238,-0.000624812595088,-0.0270608075382885
BY,2030,-0.0258660867478426,-0.0258660867478426,0.0060506652334333,-0.0010032210576335,-0.0010032210576335,0.0192229217623234,0.0192229217623234,0.0192229217623234,0.0192229217623234,0.0192229217623234,0.0192229217623234,0.0192229217623234,0.0120348872536086,0.0032748455379161,0.0022773031517435,-0.07,-0.0224728418779312,-0.0060266032049486,-0.07,0.0080447924169722,-0.0166575628274909,-0.0074350010736243,-0.0447557583032013,-0.0224728418779312,-0.0064728311502825,0.0117702472914692,0.0193018579565157,-0.0245870413432848,-0.0272997604510214,-0.0348315347634682
BY,2035,-0.0262186060618908,-0.0262186060618908,0.0056089332240989,-0.006333836971605,-0.006333836971605,0.0160689266939095,0.0160689266939095,0.0160689266939095,0.0160689266939095,0.0160689266939095,0.0160689266939095,0.0160689266939095,0.0115905224862782,0.002834334750233,0.0023535537104643,-0.07,-0.0229691885583862,-0.0064652215706034,-0.07,-0.0119613664546323,-0.0170915041033158,-0.0078729998147503,-0.0449714412178668,-0.0229691885583862,-0.0069105932731094,-0.0037502910468092,-0.0049022490808898,-0.0270769677623345,-0.0277744095820874,-0.0352561605520445
BY,2040,-0.0262682619370445,-0.0262682619370445,0.0055233430188916,-0.006239776854271,-0.006239776854271,0.0126360034086101,0.0126360034086101,0.0126360034086101,0.0126360034086101,0.0126360034086101,0.0126360034086101,0.0126360034086101,0.0115044221566236,0.0027489811695167,0.0032835691701637,-0.07,-0.0230527262835967,-0.0065502084747234,-0.07,-0.0113300781413068,-0.0171755847722754,-0.0079578666601254,-0.0450132320424749,-0.0230527262835967,-0.0069954142712099,-0.0074406200676965,-0.0049357242448643,-0.0271599409994424,-0.0278572933708696,-0.0353384362477435
BY,2045,-0.0263580494162532,-0.0263580494162532,0.0053871752539316,-0.0062426953179415,-0.0062426953179415,0.0089770709511589,0.0089770709511589,0.0089770709511589,0.0089770709511589,0.0089770709511589,0.0089770709511589,0.0089770709511589,0.0113674428209273,0.0026131898568384,0.0029387101691475,-0.07,-0.0231856287027959,-0.006685416431719,-0.07,-0.0109359895049442,-0.0173093509753223,-0.0080928836124271,-0.0450797181920169,-0.0231856287027959,-0.0071303582838463,-0.007385156775074,-0.0050408378711751,-0.0272919453593004,-0.0279891554249748,-0.0354693308701683
BY,2050,-0.0266910953915452,-0.0266910953915452,0.0049516807308556,-0.0066502242553683,-0.0066502242553683,0.005999461116408,0.005999461116408,0.005999461116408,0.005999461116408,0.005999461116408,0.005999461116408,0.005999461116408,0.0109293527157707,0.0021788993111273,0.0026709967247116,-0.07,-0.0236106799304617,-0.0071178412773875,-0.07,-0.0112683873801486,-0.0177371647741074,-0.0085246975829881,-0.0452923555514862,-0.0236106799304617,-0.0075619389772821,-0.0071567908519228,-0.0055230850607367,-0.0277141243952651,-0.0276662740401002,-0.0358879607212413
BE,2025,-0.0006260452887293,-0.0006260452887293,0.0065274529610042,-0.0082970395527059,-0.0082970395527059,0.0183601508042374,0.0183601508042374,0.0183601508042374,0.0183601508042374,0.0183601508042374,0.0183601508042374,0.0183601508042374,-0.0025824563477437,0.0075380657699435,-0.0046260052159058,0.0095376975265009,0.0072561174968838,-0.0186719508895728,0.067,-0.0272290209372099,0.0158482214209722,-0.0192249023468421,0.0095376975265009,0.0072561174968838,-0.0186719508895728,-0.069951195986995,-0.0187067205100053,-0.0107939226777999,0.0036445851079919,0.005595608189759
BE,2030,-0.0166402943887095,-0.0166402943887094,-0.0032669914930292,-0.0065421548793317,-0.0065421548793317,0.0199477239883358,0.0199477239883358,0.0199477239883358,0.0199477239883358,0.0199477239883358,0.0199477239883358,0.0199477239883358,-0.0090403358636395,0.0084705497482451,-0.0354962396453427,0.0018854072381862,-0.0156748590259785,-0.0354045838956613,0.067,-0.0214599301999489,0.0347636967779624,-0.030432050231701,-0.0056439577637948,-0.0156748590259785,-0.028375188129926,-0.069367865399027,0.0019087409823447,-0.02166941276909,-0.0103092371534503,0.018712105341178
BE,2035,-0.0165463897913727,-0.0165463897913728,-0.0037427933276515,-0.0125536014008297,-0.0125536014008297,0.0208852055243962,0.0208852055243962,0.0208852055243962,0.0208852055243962,0.0208852055243962,0.0208852055243962,0.0208852055243962,-0.0095133761855543,0.0079891335994213,-0.0356345702866562,0.0045426106809111,-0.0161471175208979,-0.0358674052459306,0.067,-0.0440710918229089,0.0342673124551254,-0.0308972500499811,-0.004551366077018,-0.0161471175208979,-0.0288406543071259,0.059177288039575,-0.0270225015164143,-0.0245073761214104,-0.0107826271753396,0.0182248337974289
BE,2040,-0.0162663111022091,-0.0162663111022091,-0.0039290341428419,-0.0125370443281502,-0.0125370443281502,0.0205338434053685,0.0205338434053685,0.0205338434053685,0.0205338434053685,0.0205338434053685,0.0205338434053685,0.0205338434053685,-0.0096985360751569,0.007800695200326,-0.0348324743723079,0.0068905268480942,-0.0163319713837338,-0.0360485651727939,0.067,-0.0434433154042835,0.0340730151359353,-0.0310793409690958,-0.0034697882619245,-0.0163319713837338,-0.0290228494858267,-0.0533709497663948,-0.0271869126084109,-0.0246901020199648,-0.0109679239463149,0.0180341034493652
BE,2045,-0.0165208148923954,-0.0165208148923954,-0.0042307037322042,-0.0126883045671588,-0.0126883045671588,0.0191053521954058,0.0191053521954058,0.0191053521954058,0.0191053521954058,0.0191053521954058,0.0191053521954058,0.0191053521954058,-0.0099984548003067,0.0074954660032942,-0.0353108209682394,0.0066016068547563,-0.0166313944121218,-0.0363420048288108,0.067,-0.0431387706017943,0.0337582957634156,-0.0313742886299498,-0.0037638841890125,-0.0166313944121218,-0.0293179660245205,-0.0697578871679041,-0.0274732524294503,-0.0249860782093214,-0.0112680643894993,0.0177251617937968
BE,2050,-0.017166357879818,-0.0171663578798179,-0.0048656463583112,-0.013292447574828,-0.013292447574828,0.0175977057034466,0.0175977057034466,0.0175977057034466,0.0175977057034466,0.0175977057034466,0.0175977057034466,0.0175977057034466,-0.0106297122743128,0.0068530312509622,-0.0357449564260188,0.005611641820846,-0.0172616085625223,-0.0369596254056455,0.0667160748122871,-0.0436408812795467,0.0330958864522982,-0.0319950831977509,-0.0045738146953262,-0.0172616085625223,-0.0299391160399465,0.0699286573698627,-0.0281155300927492,-0.0256090375846189,-0.0114420347796099,0.0170749132005756
BZ,2025,-0.0053400454675155,-0.0053400454675155,0.0084353007281978,0.0174595654606734,0.0174595654606734,0.0149847383374555,0.0149847383374555,0.0149847383374555,0.0149847383374555,0.0149847383374555,0.0149847383374555,0.0149847383374555,0.00530225640856,0.0177965913646591,0.0184189539109493,0.0339726931334171,-0.0652575149833433,0.0152646854473795,0.0152646854473795,0.0340066345393744,0.0152646854473795,0.0152646854473795,0.0339726931334171,-0.0652575149833433,0.0152646854473795,-0.0199117799190611,0.0178582221761769,0.0182646854473795,-0.0622575149833433,0.0182646854473795
BZ,2030,-0.0332889539305937,-0.0332889539305937,-0.0063996845627104,0.0366403810965984,0.0366403810965984,0.0196960230217511,0.0196960230217511,0.0196960230217511,0.0196960230217511,0.0196960230217511,0.0196960230217511,0.0196960230217511,0.0604840531504431,0.0196691616621851,0.0111695024040215,0.067,-0.0662724592015378,0.0095387356179753,0.0095387356179753,0.067,0.0095387356179753,0.0095387356179753,-0.0015,-0.0662724592015378,0.0110387356179753,0.07,0.051090948169722,0.0166983902967049,-0.0632724592015378,0.0125387356179753
BZ,2035,-0.0254316593408977,-0.0254316593408977,-0.0083817709988703,0.0350994665321816,0.0350994665321816,0.0211586861151928,0.0211586861151928,0.0211586861151928,0.0211586861151928,0.0211586861151928,0.0211586861151928,0.0211586861151928,0.0583682743916236,0.0176349668253881,0.0136768770989768,0.067,-0.0664223494253685,0.0075147958685514,0.0075147958685514,0.067,0.0075147958685514,0.0075147958685514,-0.0015,-0.0664223494253685,0.0090147958685514,0.014488168746441,0.0505921251503753,0.0105147958685514,-0.0634223494253685,0.0105147958685514
BZ,2040,-0.018487669401636,-0.018487669401636,-0.0109025174996195,0.0331397866083672,0.0331397866083672,0.0225340928295603,0.0225340928295603,0.0225340928295603,0.0225340928295603,0.0225340928295603,0.0225340928295603,0.0225340928295603,0.0556775027858267,0.0150479507280314,0.0102016417617171,0.067,-0.0666129744406678,0.004940821823821,0.004940821823821,0.067,0.004940821823821,0.004940821823821,-0.0015,-0.0666129744406678,0.006440821823821,-0.0544984479064339,0.0499577399098672,0.007940821823821,-0.0636129744406678,0.007940821823821
BZ,2045,0.0570986332582612,0.0570986332582612,-0.0131458915076569,0.0313957417375913,0.0313957417375913,0.0231168353573458,0.0231168353573458,0.0231168353573458,0.0231168353573458,0.0231168353573458,0.0231168353573458,0.0231168353573458,0.0532828125302951,0.0127455991550113,0.0079641180285948,0.067,0.0629417223395322,0.0026500772100351,0.0026500772100351,0.067,0.0026500772100351,0.0026500772100349,0.0685,0.0629417223395322,0.004150077210035,0.0656070392423433,0.0493931597907574,0.0056500772100349,0.0659417223395322,0.005650077210035
BZ,2050,-0.0346890869376105,-0.0346890869376105,-0.0140594868733929,0.030685494000982,0.030685494000982,0.0230664074629163,0.0230664074629163,0.0230664074629163,0.0230664074629163,0.0230664074629163,0.0230664074629163,0.0230664074629163,0.0523075948840228,0.0118079856675277,0.0071436079470634,0.067,-0.066851712185616,0.0017171905599527,0.0017171905599527,0.067,0.0017171905599527,0.0017171905599527,-0.0015,-0.066851712185616,0.0032171905599527,0.009297454306719,0.0491632392431548,0.0047171905599527,-0.0630697064039267,0.0047171905599527
BJ,2025,0.0395416058601548,0.0395416058601548,-0.0042620105306006,0.043719128520823,0.043719128520823,0.0302474467933175,0.0302474467933175,0.0302474467933175,0.0302474467933175,0.0302474467933175,0.0302474467933175,0.0302474467933175,0.0668513955017111,0.07,-0.0144305197573715,0.067,0.0268775922740782,0.0247472253063861,0.0247472253063861,0.0657930841415352,0.0174848091336595,0.0247472253063861,0.067,0.0268775922740782,0.0247472253063861,0.0619924155969771,0.0067978614019954,0.0277472253063861,0.0284465592603684,0.0277472253063861
BJ,2030,0.0306062143593059,0.0306062143593059,-0.0042527174152815,0.0391226939081476,0.0391226939081476,0.0342945200167938,0.0342945200167938,0.0342945200167938,0.0342945200167938,0.0342945200167938,0.0342945200167938,0.0342945200167938,0.0558378683700575,-0.068,-0.07,0.067,0.0218103244269593,0.0204536105963902,0.0204536105963902,0.0658670630928549,0.0143322335732879,0.0204536105963902,0.0459120419862814,0.0218103244269593,0.0219536105963902,0.0241161541959216,-0.0083822312778124,0.0276132652751199,0.0236662347924576,0.0234536105963902
BJ,2035,0.0291479863704752,0.0291479863704752,-0.0059501437143975,0.0377455950160068,0.0377455950160068,0.0362376085189037,0.0362376085189037,0.0362376085189037,0.0362376085189037,0.0362376085189037,0.0362376085189037,0.0362376085189037,0.0540378009443405,0.07,-0.07,0.067,0.0200598391408376,0.0187054427221263,0.0187054427221263,0.0656446147339988,0.0125945216635615,0.0187054427221263,0.0450367875918351,0.0200598391408376,0.0202054427221264,0.0254414076557558,0.0012665895942568,0.0217054427221264,0.0219177037333997,0.0217054427221264
BJ,2040,0.0280815613109848,0.0280815613109847,-0.0071915306539663,0.0367811047462229,0.0367811047462229,0.0404764039811258,0.0404764039811258,0.0404764039811258,0.0404764039811258,0.0404764039811258,0.0404764039811258,0.0404764039811258,0.0527213489759736,0.07,-0.07,0.067,0.0187796483171001,0.0174269467023492,0.0174269467023492,0.0656524508519484,0.0113236724546202,0.0174269467023492,0.0443966835857692,0.0187796483171001,0.0189269467023492,0.0204269467023492,0.0014560358022622,0.0204269467023492,0.02063894210394,0.0204269467023492
BJ,2045,0.0268610395879231,0.0268610395879231,-0.0086122769428382,0.0356764454865681,0.0356764454865681,0.0433769722273618,0.0433769722273618,0.0433769722273618,0.0433769722273618,0.0433769722273618,0.0433769722273618,0.0433769722273618,0.0512146920353226,0.07,-0.07,0.067,0.0173144916412095,0.0159637297008342,0.0159637297008342,0.0656581531117574,0.0098692070983582,0.0159637297008342,0.0436640954119111,0.0173144916412095,0.0174637297008342,0.0191017088501847,0.001526631161743,0.0189637297008342,0.0191754211166504,0.0189637297008342
BJ,2050,0.0255042514455427,0.0255042514455428,-0.0101916290546074,0.0344471433988694,0.0344471433988694,0.0449214890171338,0.0449214890171338,0.0449214890171338,0.0449214890171338,0.0449214890171338,0.0449214890171338,0.0449214890171338,0.0495398385871266,0.07,-0.07,0.067,0.015685771363518,0.0143371656341743,0.0143371656341743,0.0656591977023125,0.0082523716718644,0.0143371656341743,0.0428497243391147,0.015685771363518,0.0158371656341743,0.0179770199811405,0.0013152899060059,0.0173371656341743,0.0183324062103598,0.0173371656341743
BM,2025,0.0050964625173055,0.0050964625173055,0.0020707564056323,-0.0027984771958555,-0.0027984771958555,0.0237215050080043,0.0237215050080043,0.0237215050080043,0.0237215050080043,0.0237215050080043,0.0237215050080043,0.0237215050080043,-0.0287525842240949,0.0059142085207855,0.0040684769843552,0.0452752084099025,-0.0309000293787714,0.0009142085207855,0.0009142085207855,0.0157302583991016,0.0009142085207855,0.0009142085207855,0.0452752084099025,-0.0309000293787714,0.0009142085207855,-0.0286225759544582,0.0482752084099025,0.0039142085207855,-0.0279000293787714,0.0039142085207855
BM,2030,-0.0040691171041135,-0.0040691171041135,-0.0019738638671978,-0.0095104658371197,-0.0095104658371197,0.023037111170512,0.023037111170512,0.023037111170512,0.023037111170512,0.023037111170512,0.023037111170512,0.023037111170512,-0.0286623845303545,-0.0010960346765314,-0.0044652678904852,0.0099143928360935,-0.0116063636427513,-0.0060960346765314,-0.0060960346765314,0.0028125905349385,-0.0060960346765314,-0.0060960346765314,-0.0003545121519721,-0.0116063636427513,-0.0045960346765314,-0.0018108819247155,0.0129143928360935,0.0010636200021982,-0.0086063636427513,-0.0030960346765314
BM,2035,-0.0046702882957924,-0.0046702882957924,-0.0020225027059949,-0.0115635945161367,-0.0115635945161367,0.0216765925334854,0.0216765925334854,0.0216765925334854,0.0216765925334854,0.0216765925334854,0.0216765925334854,0.0216765925334854,-0.028709720091449,-0.0011447163822682,1.7364848157155367e-05,0.0098649292948459,-0.0151560182865818,-0.0061447163822682,-0.0061447163822682,-0.0052552252085616,-0.0061447163822683,-0.0061447163822682,-0.0004034009835291,-0.0151560182865818,-0.0046447163822682,0.0010861506564542,0.0128649292948459,-0.0031447163822682,-0.0121560182865818,-0.0031447163822682
BM,2040,-0.0079135572143482,-0.0079135572143482,-0.0053062940897955,-0.0146709369160512,-0.0146709369160512,0.0215864564331158,0.0215864564331158,0.0215864564331158,0.0215864564331158,0.0215864564331158,0.0215864564331158,0.0215864564331158,-0.0319055222839818,-0.0044314018747958,-0.0041705819368997,0.0065254591393365,-0.0183362806979298,-0.0094314018747958,-0.0094314018747958,-0.0079154216306315,-0.0094314018747958,-0.0094314018747958,-0.0037040703210734,-0.0183362806979298,-0.0079314018747958,-0.0059242933880883,0.0095254591393365,-0.0064314018747958,-0.0153362806979298,-0.0064314018747958
BM,2045,-0.0080963316762122,-0.0080963316762122,-0.0055198110651721,-0.0147444501465944,-0.0147444501465944,0.0211415305692228,0.0211415305692228,0.0211415305692228,0.0211415305692228,0.0211415305692228,0.0211415305692228,0.0211415305692228,-0.0321133180719291,-0.0046451070294049,-0.0043310662108451,0.0063083218478255,-0.0185430660663076,-0.0096451070294049,-0.0096451070294049,-0.007574268455639,-0.0096451070294049,-0.0096451070294047,-0.0039186847259798,-0.0185430660663076,-0.0081451070294049,-0.0061381076158884,0.0093083218478255,-0.0066451070294049,-0.0155430660663076,-0.0066451070294049
BM,2050,-0.0082942060463862,-0.0082942060463861,-0.0057480067986624,-0.0149451202255459,-0.0149451202255459,0.0203999778798624,0.0203999778798624,0.0203999778798624,0.0203999778798624,0.0203999778798624,0.0203999778798624,0.0203999778798624,-0.0323353993006615,-0.0048735038789791,-0.0044470864918684,0.0060762569105202,-0.0187640674116516,-0.0098735038789791,-0.0098735038789791,-0.007698073843564,-0.0098735038789791,-0.0098735038789791,-0.0041480533345356,-0.0187640674116516,-0.0083735038789791,-0.0062881818224801,0.0090762569105202,-0.0068735038789791,-0.0149412319240365,-0.0068735038789791
BT,2025,-0.0032223334022558,-0.0032223334022558,0.047792753461241,0.0151186442602772,0.0151186442602772,0.047671257077408,0.047671257077408,0.047671257077408,0.047671257077408,0.047671257077408,0.047671257077408,0.047671257077408,0.0313857982687517,0.0032362236054241,0.0079118447615834,-0.0015719726534572,-0.0128526038513242,0.0047575762980137,0.0047575762980137,0.0195736261763298,0.0047575762980137,0.0047575762980137,-0.0015719726534572,-0.0128526038513242,0.0047575762980137,-0.0078954863349822,-0.0013194360052292,0.0077575762980137,-0.0099105692440704,0.0077575762980137
BT,2030,-0.004081249598853,-0.004081249598853,0.0509016465919696,0.0131578328996226,0.0131578328996226,0.0376567416897319,0.0376567416897319,0.0376567416897319,0.0376567416897319,0.0376567416897319,0.0376567416897319,0.0376567416897319,0.0348020685017302,0.024079700597424,0.0046043127478096,0.006161073162085,-0.0106856432197178,0.0029735459617635,0.0029735459617635,0.0118821711732334,0.0029735459617633,0.0029735459617635,-0.0007556072562693,-0.0106856432197178,0.0044735459617635,0.0359955089548307,0.0145628368244177,0.010133200640493,-0.007736930086498,0.0059735459617635
BT,2035,-0.0044890736020874,-0.0044890736020874,0.0504717790111295,0.010738026118909,0.010738026118909,0.0323165434568986,0.0323165434568986,0.0323165434568986,0.0323165434568986,0.0323165434568986,0.0323165434568986,0.0323165434568986,0.0343787989529447,0.0236608253580254,0.0087233526800869,0.0057474923172006,-0.011092319835555,0.0025612714496615,0.0025612714496615,0.0034507626233681,0.0025612714496615,0.0025612714496615,-0.0011657387233575,-0.011092319835555,0.0040612714496615,-0.020855093914863,0.015384456902476,0.0055612714496615,-0.0081435856836233,0.0055612714496615
BT,2040,-0.0053304765031982,-0.0053304765031982,0.0495858847117565,0.0100393460410677,0.0100393460410677,0.0297906040336743,0.0297906040336743,0.0297906040336743,0.0297906040336743,0.0297906040336743,0.0297906040336743,0.0297906040336743,0.0335065022339537,0.0227975846688663,0.0069724538332803,0.0048951626018566,-0.0119304209432364,0.0017116338953843,0.0017116338953843,0.0032276141395486,0.0017116338953843,0.0017116338953843,-0.0020109597748658,-0.0119304209432364,0.0032116338953843,0.0540451632578945,0.0148635148235868,0.0047116338953843,-0.0089816434748098,0.0047116338953843
BT,2045,-0.0067973579709091,-0.006797357970909,0.0480421562014459,0.0086876405851523,0.0086876405851523,0.0274780062341601,0.0274780062341601,0.0274780062341601,0.0274780062341601,0.0274780062341601,0.0274780062341601,0.0274780062341601,0.031986468392998,0.0212933315496643,0.0055451259431749,0.0034099225651021,-0.0133908667045044,0.0002310851246151,0.0002310851246151,0.0023019236983809,0.0002310851246151,0.0002310851246151,-0.0034838125019366,-0.0133908667045044,0.0017310851246151,-0.0079274984602226,0.0135127476008718,0.0032310851246151,-0.0104420137542645,0.0032310851246151
BT,2050,-0.00841847588908,-0.00841847588908,0.0463361544661744,0.0070666988524472,0.0070666988524472,0.0247202392310041,0.0247202392310041,0.0247202392310041,0.0247202392310041,0.0247202392310041,0.0247202392310041,0.0247202392310041,0.0303066520567565,0.0196309547687048,0.0040213218263164,0.0017685574785121,-0.0150048311978412,-0.0014050955607941,-0.0014050955607941,0.0007703344746208,-0.0014050955607941,-0.0014050955607941,-0.0051114881530628,-0.0150048311978412,9.490443920584644e-05,-0.0208150157719622,0.0112297455763578,0.0015949044392058,-0.0112297570340296,0.0015949044392058
BO,2025,0.0086909088290422,0.0086909088290422,0.0297023595227103,0.0304143422787868,0.0304143422787868,0.0237215050080043,0.0237215050080043,0.0237215050080043,0.0237215050080043,0.0237215050080043,0.0237215050080043,0.0237215050080043,0.015182798691016,0.0310726524400744,0.0354725384936799,0.0167164580602116,-0.0553838038799029,0.0647400723068182,0.0103857182254386,0.0483844607954361,0.0103857182254386,0.0477043914032565,0.0167164580602116,-0.0553838038799029,0.0647400723068182,0.0418803432660805,0.0163132445892775,0.0183724159891473,-0.0523838038799029,0.0133857182254386
BO,2030,-0.0190663355904023,-0.0190663355904023,0.0375666350680774,0.033900173441042,0.033900173441042,0.023037111170512,0.023037111170512,0.023037111170512,0.023037111170512,0.023037111170512,0.023037111170512,0.023037111170512,0.0286490191851791,0.0304234199429076,0.0157051620077256,0.0184320823001608,-0.0552562630121936,0.067,0.0098971274180418,0.0467415553771282,0.0098971274180418,0.0503129917838188,-0.0257839588499196,-0.0552562630121936,0.0399485637090209,0.0134648476864353,0.0206751271763083,0.0293816740624846,-0.0522562630121936,0.0128971274180418
BO,2035,7.665936085475122e-05,7.665936085475122e-05,0.0361380388294021,0.0274460028098336,0.0274460028098336,0.0216765925334854,0.0216765925334854,0.0216765925334854,0.0216765925334854,0.0216765925334854,0.0216765925334854,0.0216765925334854,0.027232725073742,0.029004677990682,0.0146757466477174,0.0170229851146953,-0.0550964408096809,0.067,0.008499804467115,0.025191567801927,0.008499804467115,0.0488599138965505,-0.0262037914628877,-0.0550964408096809,0.0392499022335575,0.015045243328625,0.0105077365671579,0.021897536200491,-0.0520964408096809,0.011499804467115
BO,2040,0.0018842006771521,0.0018842006771521,0.0346366867173155,0.026244101037861,0.026244101037861,0.0215864564331158,0.0215864564331158,0.0215864564331158,0.0215864564331158,0.0215864564331158,0.0215864564331158,0.0215864564331158,0.0257443016144214,0.0275136820263819,0.0142286181671404,0.0155421251080253,-0.0558535325280815,0.067,0.0070313183358722,0.0248679508722342,0.0070313183358722,0.0473328333289163,-0.0272289374459873,-0.0558535325280815,0.0385156591679361,0.0099691162075038,0.0092331298572522,0.0207702012268823,-0.0528535325280815,0.0100313183358722
BO,2045,0.0031368577325706,0.0031368577325706,0.0332026861318464,0.024923077774617,0.024923077774617,0.0211415305692228,0.0211415305692228,0.0211415305692228,0.0211415305692228,0.0211415305692228,0.0211415305692228,0.0211415305692228,0.0243226496948554,0.026089573005902,0.0126033457637521,0.014127697340237,-0.0561458533245364,0.067,0.0056287093442818,0.0238666935779916,0.0056287093442816,0.0458742584813393,-0.0279361513298815,-0.0561458533245364,0.0378143546721408,0.0087113101798284,0.0080157027436966,0.0196934391541076,-0.0531458533245364,0.0086287093442818
BO,2050,0.0038689254538449,0.0038689254538449,0.0318647153061137,0.023640941302205,0.023640941302205,0.0203999778798624,0.0203999778798624,0.0203999778798624,0.0203999778798624,0.0203999778798624,0.0203999778798624,0.0203999778798624,0.0229962005901616,0.0247608313433305,0.0114582034549443,0.012807988612372,-0.0564185984693953,0.067,0.0043200279325205,0.0227341776444367,0.0043200279325205,0.0445133590417011,-0.0285960056938139,-0.0564185984693953,0.0371600139662602,0.0079225439923023,0.0068798022587884,0.0186887838881152,-0.0527501144897433,0.0073200279325205
BA,2025,0.0185172330546742,0.0185172330546742,0.0036962110394871,0.0219011038340198,0.0219011038340198,0.0191098366304121,0.0191098366304121,0.0191098366304121,0.0191098366304121,0.0191098366304121,0.0191098366304121,0.0191098366304121,0.0483552755238834,0.0073616697090994,0.0669999999999999,-0.0353471850520579,0.0667719104892424,0.0241269737268382,-0.0158091459570356,-0.0330226049905851,0.067,0.0052717448027811,-0.0353471850520579,0.0667719104892424,0.0241269737268382,-0.0095823830331243,-0.0242942344780727,0.0111538889974812,0.0683655141445891,-0.0002894234207121
BA,2030,0.0209725471825242,0.0209725471825242,0.0102550495559652,0.0154220548176371,0.0154220548176371,0.0158039070783346,0.0158039070783346,0.0158039070783346,0.0158039070783346,0.0158039070783346,0.0158039070783346,0.0158039070783346,0.0348607529052833,0.0263767856302208,-0.0586723632473875,-0.0395534369636984,-0.07,0.0253887200588441,-0.0111888403149442,-0.039175474780417,0.0477101896362884,0.0182927515093936,0.0152232815181507,-0.07,-0.0223056399705779,0.0263963134938405,-0.0056265120304393,0.0401022247429032,-0.0696919622810956,0.0049669643934763
BA,2035,0.044055509114594,0.044055509114594,0.0096213106344533,0.0093684922643893,0.0093684922643893,0.0125911500341882,0.0125911500341882,0.0125911500341882,0.0125911500341882,0.0125911500341882,0.0125911500341882,0.0125911500341882,0.0342115480638038,0.0257329133881398,0.0647094206705581,-0.0371811819162201,0.0667719104892424,0.0247423261145421,-0.0118122434260508,-0.0614381622714805,0.0470497655276319,0.0176508177376021,0.0164094090418899,0.0667719104892424,-0.0226288369427289,0.0063615473435699,-0.0131997183700069,0.0360472536234973,0.0686736734127373,0.0043368708580562
BA,2040,0.0442865167776089,0.0442865167776089,0.0089166400033142,0.0089483794869177,0.0089483794869177,0.0099510394258139,0.0099510394258139,0.0099510394258139,0.0099510394258139,0.0099510394258139,0.0099510394258139,0.0099510394258139,0.0334896804778699,0.0250169752568385,0.0644519706469634,-0.0353044833719313,0.067,0.0240235840375852,-0.012505421403363,-0.0609486205210768,0.0463154229495298,0.0169370350413481,0.0173477583140343,0.067,-0.0229882079812074,-0.009505421403363,-0.0172958740808319,0.0353227035724061,0.07,0.0036344971694545
BA,2045,0.0439726356781141,0.0439726356781141,0.0075894662311044,0.0079780318474715,0.0079780318474715,0.0063136270324508,0.0063136270324508,0.0063136270324508,0.0063136270324508,0.0063136270324508,0.0063136270324508,0.0063136270324508,0.0321301180316371,0.0236685803211049,0.0643963815425558,-0.0356060045826789,0.0667719104892424,0.0226699081621212,-0.0138109499585622,-0.0607430554391695,0.0449323651542895,0.0155926996431289,0.0171969977086605,0.0667719104892424,-0.0236650459189393,-0.0189498703754987,-0.0150747084309758,0.0339580889823143,0.0686735518634935,0.002311649449385
BA,2050,0.0438095333773683,0.0438095333773683,0.0070427069324812,0.0075499969535774,0.0075499969535774,0.0026919029067342,0.0026919029067342,0.0026919029067342,0.0026919029067342,0.0026919029067342,0.0026919029067342,0.0026919029067342,0.0315700154850813,0.0231130784834658,0.0643734803517897,-0.0360269409467689,0.0667719104892424,0.0221122307217364,-0.0143487920197302,-0.0607714810611898,0.0443625831664927,0.0150388702239255,0.0169865295266155,0.0667719104892424,-0.0239438846391318,-0.0065691143953327,-0.015858297311209,0.0333959050906545,0.0686735518634935,0.0017666723659348
BW,2025,0.0259942967346561,0.0259942967346561,0.0397410319498785,0.0205860749501732,0.0205860749501732,0.0224105600344104,0.0224105600344104,0.0224105600344104,0.0224105600344104,0.0224105600344104,0.0224105600344104,0.0224105600344104,0.07,0.0126211080896916,-0.0214872709852805,0.067,-0.0007715812370138,0.0117544714409824,0.0117544714409824,-0.0111646430812717,0.0117544714409824,0.0117544714409824,0.067,-0.0007715812370138,0.0117544714409824,0.0134154284084051,-0.0193032690251401,0.0423772357204912,0.0022284187629861,0.0699999999999999
BW,2030,-0.0051555031624229,-0.0051555031624229,0.0354252655524456,0.0104686794918146,0.0104686794918146,0.0188638259224522,0.0188638259224522,0.0188638259224522,0.0188638259224522,0.0188638259224522,0.0188638259224522,0.0188638259224522,0.0145239766490625,0.0138940228029984,-0.0258362912225743,-0.0537890906469339,-0.0004089734817219,0.0125586213049383,0.0125586213049383,0.0022334987083192,0.0125586213049383,0.0125586213049383,-0.0257958434308282,-0.0004089734817219,0.0140586213049383,0.0121842444702057,0.0058158142982144,-0.0230610346688012,0.002591026518278,0.0699999999999999
BW,2035,-0.0074850475367531,-0.0074850475367531,0.0333003887538236,0.0037771299005344,0.0037771299005344,0.0161700572852563,0.0161700572852563,0.0161700572852563,0.0161700572852563,0.0161700572852563,0.0161700572852563,0.0161700572852563,0.0124420760242702,0.0118134174574646,-0.0270433174720593,-0.0576767414237298,-0.0024704504764963,0.0104704809971846,0.0104704809971846,-0.0182745184165016,0.0104704809971846,0.0104704809971846,-0.0287700026430289,-0.0024704504764963,0.0119704809971846,0.0449721951058332,0.0001458053793165,0.0417352404985923,0.0005295495235036,0.0699999999999999
BW,2040,-0.0085495646953531,-0.0085495646953531,0.0313781496366758,0.001489056916649,0.001489056916649,0.0162249719581268,0.0162249719581268,0.0162249719581268,0.0162249719581268,0.0162249719581268,0.0162249719581268,0.0162249719581268,0.010558714682292,0.0099312278711665,-0.0280980921687537,-0.0549726584203841,-0.0043353358764528,0.0085814750161031,0.0085814750161031,-0.0217654370479024,0.0085814750161031,0.0085814750161031,-0.0283500377592189,-0.0043353358764528,0.0100814750161031,0.0086127389274635,-0.0011747148982557,0.0407907375080515,-0.0013353358764528,0.0699999999999999
BW,2045,-0.012244049896229,-0.012244049896229,0.0298542844656746,0.0025362358168496,0.0025362358168496,0.0158901591185107,0.0158901591185107,0.0158901591185107,0.0158901591185107,0.0158901591185107,0.0158901591185107,0.0158901591185107,0.0090656700720519,0.0084391121764051,-0.0319370324143679,-0.07,-0.0058137335864729,0.0070839555885234,0.0070839555885234,-0.0130886379817003,0.0070839555885234,0.0070839555885234,-0.0366026171905143,-0.0058137335864729,0.0085839555885234,0.0101356154334219,-0.0038443083117145,0.0400419777942617,-0.0028137335864729,0.0699999999999999
BW,2050,-0.0115476192822796,-0.0115476192822796,0.0289419788041056,-0.0006665642605249,-0.0006665642605249,0.0155471527932251,0.0155471527932251,0.0155471527932251,0.0155471527932251,0.0155471527932251,0.0155471527932251,0.0155471527932251,0.0081718160245822,0.0075458142508724,-0.0310585042334937,-0.061671800807793,-0.0066988188463557,0.0061874225631027,0.006187422563103,-0.0232129181928877,0.006187422563103,0.0061874225631027,-0.0328808864796897,-0.0066988188463557,0.0076874225631027,0.0100711976613947,-0.0041321442215111,0.0395937112815515,-0.0030500184348028,0.0699999999999999
BR,2025,0.0151147472603171,0.0151147472603171,0.0203674246177341,-0.0043917593408226,-0.0043917593408226,0.0304537806409488,0.0304537806409488,0.0304537806409488,0.0304537806409488,0.0304537806409488,0.0304537806409488,0.0304537806409488,0.000448327329224,0.0327179704833031,0.0076902342364158,-0.0042050442651017,-0.004862286608553,0.054411572654606,0.0303048998964513,0.0531361547164825,-0.07,-0.0011515194089971,-0.0042050442651017,-0.004862286608553,0.054411572654606,0.0263666589177184,0.003306620949472,-0.0122449506821666,0.0104962165257321,0.07
BR,2030,0.0079923747437538,0.0079923747437538,0.0182584373440004,-0.0080859113918005,-0.0080859113918005,0.0248009849656203,0.0248009849656203,0.0248009849656203,0.0248009849656203,0.0248009849656203,0.0248009849656203,0.0248009849656203,0.0045689987963846,0.0354211395921577,0.0095491851226062,-0.0068679028410668,0.0022223973702656,0.0361374743123864,0.0268316301457053,0.0362204771760063,-0.07,-0.0031331215395931,-0.0006095826171356,0.0022223973702656,0.0196512648985666,0.0211677766546385,0.0139571823590377,-0.0093413240998983,0.0092274289170226,0.07
BR,2035,0.0068840703397305,0.0068840703397305,0.0171417719549278,-0.0076780840498781,-0.0076780840498781,0.0210379806818445,0.0210379806818445,0.0210379806818445,0.0210379806818445,0.0210379806818445,0.0210379806818445,0.0210379806818445,0.0034673753707146,0.0342856158154161,0.0088333345419961,-0.0079624533953025,0.0011178583886288,0.0349956694235774,0.0257000505241268,0.0400520643035673,-0.07,-0.0042317758737944,-0.0017093616165275,0.0011178583886288,0.0185292232676012,0.0113313082663568,0.0001538283768553,-0.0178912844582067,0.0081184892042862,0.07
BR,2040,0.005865708077575,0.005865708077575,0.0161156634113786,-0.0081844944638721,-0.0081844944638721,0.0196257501952681,0.0196257501952681,0.0196257501952681,0.0196257501952681,0.0196257501952681,0.0196257501952681,0.0196257501952681,0.0024550889508829,0.0332421782197673,0.0088392254509135,-0.0089682405236927,0.0001028928521019,0.0339464600875142,0.0246602372293199,0.0400482671765607,-0.07,-0.0052413339829321,-0.0027199531852601,0.0001028928521019,0.0174981744726637,0.018182417463747,-0.0006343881182347,-0.018884003082888,0.0070994798173604,0.07
BR,2045,0.0047448982466464,0.0047448982466464,0.0149864326827042,-0.0087660519330551,-0.0087660519330551,0.0180131985330922,0.0180131985330922,0.0180131985330922,0.0180131985330922,0.0180131985330922,0.0180131985330922,0.0180131985330922,0.0013410694461436,0.0320938768983642,0.0075008619415533,-0.0100751075691172,-0.0010140750160604,0.0327918069754799,0.023515924444906,0.0399470738079712,-0.07,-0.0063523509863353,-0.0038321075092117,-0.0010140750160604,0.0163635070056346,0.022747937390783,-0.0017140533825169,-0.0199764882619315,0.0059780616986262,0.07
BR,2050,0.0035097729949014,0.0035097729949014,0.0137421325718574,-0.0096332937023915,-0.0096332937023915,0.0162843180128531,0.0162843180128531,0.0162843180128531,0.0162843180128531,0.0162843180128531,0.0162843180128531,0.0162843180128531,0.0001135305933354,0.0308285628883702,0.0064322068370917,-0.0112947651221234,-0.0022448626725375,0.0315194939230526,0.0222550054065432,0.03892987597797,-0.07,-0.0075765813808715,-0.0050575911180366,-0.0022448626725375,0.0151132161490828,0.0057687656313549,-0.0032516147567022,-0.0211802984265541,0.0052497901171199,0.07
VG,2025,0.0215000509176363,0.0215000509176363,0.0147566752405712,0.0157382733977408,0.0157382733977408,0.0237215050080043,0.0237215050080043,0.0237215050080043,0.0237215050080043,0.0237215050080043,0.0237215050080043,0.0237215050080043,-0.0061668865146196,0.0231013100757555,0.0212555785393255,0.0332526898066314,0.0131461528705222,0.0181013100757555,0.0181013100757557,0.0329173599540718,0.0181013100757555,0.0181013100757557,0.0332526898066314,0.0131461528705222,0.0181013100757555,0.07,0.0238583847631926,0.0211013100757556,0.0161461528705222,0.0211013100757557
VG,2030,0.0021060220097611,0.002106022009761,-0.0028743485993283,0.000594835028926,0.000594835028926,0.023037111170512,0.023037111170512,0.023037111170512,0.023037111170512,0.023037111170512,0.023037111170512,0.023037111170512,-0.0123814964542314,0.0069507371194885,0.0035815039055348,0.0154068286591077,-0.004350680231633,0.0019507371194887,0.0019507371194885,0.0108593623309585,0.0019507371194885,0.0019507371194885,0.0067260696721664,-0.004350680231633,0.0034507371194886,0.0057745836770811,0.0115855045908266,0.0091103917982183,-0.001350680231633,0.0049507371194886
VG,2035,-0.0025283500059052,-0.0025283500059052,-0.007776683926795,-0.0063368762721376,-0.0063368762721376,0.0216765925334854,0.0216765925334854,0.0216765925334854,0.0216765925334854,0.0216765925334854,0.0216765925334854,0.0216765925334854,-0.0172369962622571,0.002,0.0031620812304254,0.0121086511347242,-0.0092703743759456,-0.003,-0.003,-0.0021105088262933,-0.003,-0.003,0.0026186216173074,-0.0092703743759456,-0.0015,0.0040307529678853,0.0032340107179699,0.0,-0.0062703743759456,0.0
VG,2040,-0.0022816653377364,-0.0022816653377364,-0.007776683926795,-0.0061802540045232,-0.0061802540045232,0.0215864564331158,0.0215864564331158,0.0215864564331158,0.0215864564331158,0.0215864564331158,0.0215864564331158,0.0215864564331158,-0.0172369962622571,0.002,0.002260819937896,0.0134469525050049,-0.0092703743759456,-0.003,-0.003,-0.0014840197558356,-0.003,-0.003,0.0032877723024477,-0.0092703743759456,-0.0015,0.0,0.0037226816905569,0.0,-0.0062703743759456,0.0
VG,2045,-0.0022569531088149,-0.0022569531088149,-0.007776683926795,-0.0060415394221228,-0.0060415394221228,0.0211415305692228,0.0211415305692228,0.0211415305692228,0.0211415305692228,0.0211415305692228,0.0211415305692228,0.0211415305692228,-0.0172369962622571,0.002,0.0023140408185598,0.0134512402800497,-0.0092703743759456,-0.003,-0.003,-0.0009291614262341,-0.003,-0.003,0.0032899161899701,-0.0092703743759456,-0.0015,1.995576468216094e-05,0.0038002367604074,0.0,-0.0062703743759456,0.0
VG,2050,-0.0071739741481462,-0.0071739741481461,-0.0126548686441061,-0.0109180475871395,-0.0109180475871395,0.0203999778798624,0.0203999778798624,0.0203999778798624,0.0203999778798624,0.0203999778798624,0.0203999778798624,0.0203999778798624,-0.0220685761881976,-0.0029263480652584,-0.0024999306781478,0.0083320279727141,-0.0141658323945287,-0.0079263480652584,-0.0079263480652584,-0.0057509180298434,-0.0079263480652584,-0.0079263480652584,-0.0017159385228197,-0.0141658323945287,-0.0064263480652584,-0.0047602493882107,-0.0015205404945372,-0.0049263480652584,-0.0103539888536393,-0.0049263480652584
BN,2025,-0.0092805387104382,-0.0092805387104382,0.0086328115695863,0.0135254641486238,0.0135254641486238,0.0196480805330674,0.0196480805330674,0.0196480805330674,0.0196480805330674,0.0196480805330674,0.0196480805330674,0.0196480805330674,0.0147385580086478,0.0131824162358435,0.0113366846994133,-0.0069724500681241,-0.0090206700053293,-0.0118484960578613,0.0081824162358438,0.0229984661141597,0.0081824162358438,0.0081824162358438,-0.0069724500681241,-0.0090206700053293,-0.0118484960578613,-0.0026277192765563,0.0080834410623169,-0.0088484960578612,-0.0060206700053293,0.0111824162358436
BN,2030,-0.0150267600499026,-0.0150267600499026,0.0036963701377361,0.0090578757981631,0.0090578757981631,0.017436541740053,0.017436541740053,0.017436541740053,0.017436541740053,0.017436541740053,0.017436541740053,0.017436541740053,0.0159561365561562,0.0087889138083421,0.0054196805943882,-0.004446510895468,-0.0067623781511557,-0.07,0.0037889138083421,0.012697539019812,0.0037889138083421,0.0037889138083421,-0.0065114697860515,-0.0067623781511557,-0.0316055430958289,-0.0663326160401085,-0.0146353009781711,-0.07,-0.0037623781511557,0.0067889138083421
BN,2035,0.0053471563433436,0.0053471563433436,0.0022626439246742,0.0056095125188062,0.0056095125188062,0.0166379779553842,0.0166379779553842,0.0166379779553842,0.0166379779553842,0.0166379779553842,0.0166379779553842,0.0166379779553842,0.0145048629614683,0.0073478986466832,0.0085099798771087,-0.0058401821354027,-0.016671680230487,0.067,0.0023478986466832,0.0032373898203898,0.0023478986466832,0.0023478986466832,-0.0079178167933159,-0.016671680230487,0.0361739493233416,0.07,-0.0036330378633219,0.07,-0.013671680230487,0.0053478986466832
BN,2040,-0.01667209568301,-0.01667209568301,0.0013337644743629,0.0048308714349216,0.0048308714349216,0.0156877088142821,0.0156877088142821,0.0156877088142821,0.0156877088142821,0.0156877088142821,0.0156877088142821,0.0156877088142821,0.0135646149513506,0.0064142968480571,0.0066751167859532,-0.0067374185388773,-0.0089574917736858,-0.07,0.0014142968480571,0.0029302770922215,0.0014142968480571,0.0014142968480571,-0.0088261117041891,-0.0089574917736858,-0.0327928515759714,-0.07,-0.0044463424502208,-0.07,-0.0059574917736858,0.0044142968480571
BN,2045,0.0038426627376756,0.0038426627376756,7.429974699357605e-05,0.0037014653783958,0.0037014653783958,0.0148284649350876,0.0148284649350876,0.0148284649350876,0.0148284649350876,0.0148284649350876,0.0148284649350876,0.0148284649350876,0.0122897356294695,0.0051484291034493,0.0054624699220091,-0.0079924805969788,-0.0187048862748474,0.067,0.0001484291034493,0.0022192676772152,0.0001484291034493,0.0001484291034493,-0.0100769169384726,-0.0187048862748474,0.0350742145517246,0.07,-0.0055490995835211,0.07,-0.0157048862748474,0.0031484291034493
BN,2050,-0.018086144512307,-0.018086144512307,-0.000741667124679,0.0029060384841803,0.0029060384841803,0.0145745205152678,0.0145745205152678,0.0145745205152678,0.0145745205152678,0.0145745205152678,0.0145745205152678,0.0145745205152678,0.0114637821355527,0.0043283139219179,0.0047547313090285,-0.0088097560750766,-0.0108857899430813,-0.07,-0.000671686078082,0.0015037439573329,-0.000671686078082,-0.000671686078082,-0.0108893540792724,-0.0108857899430813,-0.033835843039041,-0.0697994236428859,-0.0062635406224164,-0.07,-0.0070935456248991,0.0023283139219179
BG,2025,-0.0254826105121933,-0.0254826105121933,0.0147057304975521,0.0319699696335094,0.0319699696335094,0.0283500988554499,0.0283500988554499,0.0283500988554499,0.0283500988554499,0.0283500988554499,0.0283500988554499,0.0283500988554499,0.0073424552724545,0.0464147373990857,-0.0086497143280302,-0.07,-0.07,0.06355216846342,-0.07,0.0447260103642503,0.067,0.0088114128973327,-0.07,-0.07,0.06355216846342,-0.0013220212951506,0.0113035580660775,0.0109725300300089,-0.069668223651224,0.0022934095915784
BG,2030,-0.0424623670766466,-0.0424623670766466,0.0122541352046459,-0.0010735761455287,-0.0010735761455287,0.0241548508595075,0.0241548508595075,0.0241548508595075,0.0241548508595075,0.0241548508595075,0.0241548508595075,0.0241548508595075,0.0068876875071106,0.0225418118595259,-0.0083964128168084,-0.0386679294496472,-0.07,0.0638937269897673,-0.0531950227452018,0.0398209189942305,-0.07,0.0189970889165439,-0.0543339647248236,-0.07,-0.0030531365051163,0.0074192426485762,0.0279488091289212,0.0253614871473038,-0.0634997151238562,-0.0063184880790437
BG,2035,-0.0281794974012698,-0.0281794974012697,0.0111726554800763,0.0281709153998941,0.0281709153998941,0.0194432106466975,0.0194432106466975,0.0194432106466975,0.0194432106466975,0.0194432106466975,0.0194432106466975,0.0194432106466975,0.0058119525789994,0.0214493191498792,-0.00900934771613,-0.0395506361207994,-0.0503113174094191,0.0627516144323402,-0.0542117914862554,0.0219686706916198,0.067,0.0179030383289574,-0.0434309767651092,-0.0503113174094191,-0.0036241927838298,0.0006535585753241,0.0140387105743452,0.0180426033554683,-0.0019991823983603,-0.0072511863413045
BG,2040,-0.0144067498834046,-0.0144067498834045,0.0107426798611665,0.0280669094584863,0.0280669094584863,0.0156137524914645,0.0156137524914645,0.0156137524914645,0.0156137524914645,0.0156137524914645,0.0156137524914645,0.0156137524914645,0.0053842609810992,0.0210149649790953,-0.0084995605074271,-0.0398544980452809,-0.0294700546415967,0.0622975323607229,-0.0546160392578879,0.0224153120770947,0.067,0.0174680647757513,-0.0331622763434388,-0.0294700546415967,-0.0038512338196385,-0.0090497791086254,0.013870129961065,0.0176088485404943,0.0163038345414759,-0.0076220093012371
BG,2045,-0.0429057644850614,-0.0429057644850614,0.0108044038489201,0.0282967927530592,0.0282967927530592,0.0123295162618539,0.0123295162618539,0.0123295162618539,0.0123295162618539,0.0123295162618539,0.0123295162618539,0.0123295162618539,0.0054456570923906,0.0210773175180281,-0.0086501493276312,-0.0397973037955042,-0.07,0.0623627168851356,-0.0545580085617081,0.0232110076913928,0.067,0.0175305062284535,-0.0548986518977521,-0.07,-0.0038186415574321,-0.0088168863667514,0.0139521408902136,0.0176711150405239,-0.0637270603379528,-0.0011890480497924
BG,2050,-0.0428658770810252,-0.0428658770810252,0.0109321438459624,0.0284267086557547,0.0284267086557547,0.0103776786497034,0.0103776786497034,0.0103776786497034,0.0103776786497034,0.0103776786497034,0.0103776786497034,0.0103776786497034,0.0055727185373843,0.0212063583241834,-0.0083560381039338,-0.0396928810725329,-0.07,0.0624976185863818,-0.0544379119634786,0.0234743850408045,0.067,0.0176597310448302,-0.0548464405362664,-0.07,-0.003751190706809,-0.0080862066144996,0.0138360836638939,0.0177999777860962,-0.0630009479545335,0.0057282875770773
BF,2025,0.0318613282661385,0.0318613282661385,0.0430213025886616,0.0500319387121528,0.0500319387121528,0.0200492989406531,0.0200492989406531,0.0200492989406531,0.0200492989406531,0.0200492989406531,0.0200492989406531,0.0200492989406531,0.0428651439189173,0.07,-0.07,0.067,0.0053213738687217,0.0232626109296937,0.0232626109296939,0.067,0.067,0.0232626109296939,0.067,0.0053213738687217,0.0232626109296937,-0.0343063235026132,-0.0064313518970976,0.0262626109296939,0.029038036172124,0.0262626109296939
BF,2030,0.0193411397250525,0.0193411397250525,0.0420656004354509,0.0487006767274127,0.0487006767274127,0.0238279471698217,0.0238279471698217,0.0238279471698217,0.0238279471698217,0.0238279471698217,0.0238279471698217,0.0238279471698217,0.042482144345441,0.07,-0.0149838157449375,0.067,0.0074819696251804,0.0183205625642101,0.0183205625642098,0.067,0.067,0.0183205625642101,0.037211681343942,0.0074819696251804,0.0198205625642099,0.0258036617900357,0.0331732197275933,0.0254802172429397,0.0268933827948038,0.02132056256421
BF,2035,0.0181415182695831,0.0181415182695831,0.0405708453810365,0.0479598845081363,0.0479598845081363,0.0264158537235585,0.0264158537235585,0.0264158537235585,0.0264158537235585,0.0264158537235585,0.0264158537235585,0.0264158537235585,0.0409867906450232,0.07,-0.07,0.067,0.0060297313905347,0.016852747387522,0.016852747387522,0.067,0.067,0.016852747387522,0.0364877601015307,0.0060297313905347,0.018352747387522,0.0267372199149882,0.0019622800036012,0.019852747387522,0.0254175585067638,0.019852747387522
BF,2040,0.0166631307542968,0.0166631307542968,0.0387310772957454,0.0470481057663072,0.0470481057663072,0.0314180046623162,0.0314180046623162,0.0314180046623162,0.0314180046623162,0.0314180046623162,0.0314180046623162,0.0314180046623162,0.0391462857367939,0.07,-0.07,0.067,0.0042422936772789,0.015046137328435,0.015046137328435,0.067,0.067,0.015046137328435,0.0355967464239927,0.0042422936772789,0.0165461373284349,0.0221780153310443,0.0018560595152857,0.018046137328435,0.0236010907071641,0.018046137328435
BF,2045,0.0150361721530346,0.0150361721530348,0.0367069744768668,0.0460449717646442,0.0460449717646442,0.0354276323935354,0.0354276323935354,0.0354276323935354,0.0354276323935354,0.0354276323935354,0.0354276323935354,0.0354276323935354,0.037121372269335,0.07,-0.07,0.067,0.0022757644484611,0.0130585147892418,0.0130585147892418,0.067,0.067,0.0130585147892418,0.0346164580328725,0.0022757644484611,0.0145585147892418,0.0204597971662301,0.0015698037125026,0.0160585147892418,0.0216026227355933,0.0160585147892418
BF,2050,0.0133751963950375,0.0133751963950375,0.0346398965356327,0.0450205395334355,0.0450205395334355,0.0381696323647291,0.0381696323647291,0.0381696323647291,0.0381696323647291,0.0381696323647291,0.0381696323647291,0.0381696323647291,0.0350534664680817,0.07,-0.07,0.067,0.000267482481869,0.0110286916656604,0.0110286916656604,0.067,0.067,0.0110286916656604,0.0336153564631136,0.000267482481869,0.0125286916656604,0.0193305165176119,0.0002617458034935,0.0140286916656604,0.0203451076998692,0.0140286916656605
BI,2025,-0.0211281767272994,-0.0211281767272994,0.0433646694777209,0.0293257807833531,0.0293257807833531,0.0065708248734619,0.0065708248734619,0.0065708248734619,0.0065708248734619,0.0065708248734619,0.0065708248734619,0.0065708248734619,0.0328835230244604,0.028201183410212,0.0263554518737817,-0.07,-0.0165857135921102,0.023201183410212,0.023201183410212,0.0380172332885281,0.023201183410212,0.023201183410212,-0.07,-0.0165857135921102,0.023201183410212,0.0686179183078192,-0.00581523556327,0.026201183410212,-0.0135857135921102,0.026201183410212
BI,2030,-0.0193255547869569,-0.0193255547869569,0.0317907555417318,0.022473713858421,0.022473713858421,0.0128088761047309,0.0128088761047309,0.0128088761047309,0.0128088761047309,0.0128088761047309,0.0128088761047309,0.0128088761047309,0.0184630648036328,0.0258410551395271,0.0224718219255733,-0.07,-0.0174749564717885,0.0208410551395271,0.0208410551395271,0.029749680350997,0.0208410551395271,0.0208410551395271,-0.0441676349213364,-0.0174749564717885,0.0223410551395271,0.024332460687945,-0.0114467081975855,0.0280007098182567,-0.0144749564717885,0.0238410551395271
BI,2035,-0.0201041148788988,-0.0201041148788988,0.0305600657538458,0.0192475553076238,0.0192475553076238,0.01587962653007,0.01587962653007,0.01587962653007,0.01587962653007,0.01587962653007,0.01587962653007,0.01587962653007,0.0172483027688359,0.0246174757626509,0.0257795569930763,-0.07,-0.0186527448722465,0.0196174757626509,0.0196174757626509,0.0205069669363575,0.0196174757626509,0.0196174757626509,-0.0447542224159468,-0.0186527448722465,0.0211174757626509,0.0260406786100763,-0.0074429986978041,0.0226174757626509,-0.0156527448722465,0.0226174757626509
BI,2040,-0.0205380288096546,-0.0205380288096546,0.0297055354400168,0.0185561149621681,0.0185561149621681,0.0204065020426014,0.0204065020426014,0.0204065020426014,0.0204065020426014,0.0204065020426014,0.0204065020426014,0.0204065020426014,0.0164048319014893,0.023767882567673,0.0240287025055691,-0.07,-0.0194705430707645,0.018767882567673,0.018767882567673,0.0202838628118373,0.018767882567673,0.018767882567673,-0.0451615198525483,-0.0194705430707645,0.020267882567673,0.021767882567673,-0.0067618328061782,0.021767882567673,-0.0164705430707645,0.021767882567673
BI,2045,-0.0072176684647674,-0.0072176684647674,0.0278722149076384,0.016875384902146,0.016875384902146,0.0226029924025803,0.0226029924025803,0.0226029924025803,0.0226029924025803,0.0226029924025803,0.0226029924025803,0.0226029924025803,0.0145952384505085,0.0219451541947699,0.0222591950133297,0.0169451541947699,-0.0212250580416462,0.0169451541947699,0.0169451541947699,0.0190159927685357,0.0169451541947699,0.0169451541947699,-0.002562764012552,-0.0212250580416462,0.0184451541947699,0.0202083529450547,0.0107328140745922,0.0199451541947699,-0.0182250580416462,0.0199451541947699
BI,2050,-0.0095485192189181,-0.0095485192189181,0.0250967565284931,0.0141470810560229,0.0141470810560229,0.0234773091767803,0.0234773091767803,0.0234773091767803,0.0234773091767803,0.0234773091767803,0.0234773091767803,0.0234773091767803,0.011855700427741,0.0191857312536452,0.0196121486407558,0.0141857312536451,-0.0238812129208759,0.0141857312536451,0.0141857312536451,0.0163611612890602,0.0141857312536451,0.0141857312536451,-0.0052653508275299,-0.0238812129208759,0.0156857312536451,0.0183282274803901,0.0054945564706101,0.0171857312536451,-0.0201017591524299,0.0171857312536451
CV,2025,0.000909435623069,0.000909435623069,0.0377568402763672,0.0167133214095764,0.0167133214095764,0.0237215050080043,0.0237215050080043,0.0237215050080043,0.0237215050080043,0.0237215050080043,0.0237215050080043,0.0237215050080043,0.07,0.0041805510402641,0.0023348195038338,0.0156620150616707,-0.0121142592327278,-0.0008194489597358,-0.0008194489597358,-0.0015078164422225,-0.0008194489597358,-0.0008194489597358,0.0156620150616707,-0.0121142592327278,-0.0008194489597358,0.0294424441184159,0.0386225703211382,0.0021805510402641,-0.0090541045951014,0.0021805510402641
CV,2030,-0.0007011998377278,-0.0007011998377278,0.035920158440875,0.0222167065814089,0.0222167065814089,0.023037111170512,0.023037111170512,0.023037111170512,0.023037111170512,0.023037111170512,0.023037111170512,0.023037111170512,0.07,0.0061479554057552,0.0027787221918014,0.0218590200925533,-0.0093703470662244,0.0011479554057552,0.0011479554057552,0.0165709155141251,0.0011479554057552,0.0011479554057552,0.007745098697562,-0.0093703470662244,0.0026479554057552,0.0048601123093764,0.0424047364904668,0.0083076100844849,-0.0064467404805722,0.0041479554057552
CV,2035,-0.0007743060939311,-0.0007743060939311,0.0358333770309209,0.0218153279364594,0.0218153279364594,0.0216765925334854,0.0216765925334854,0.0216765925334854,0.0216765925334854,0.0216765925334854,0.0216765925334854,0.0216765925334854,0.07,0.0060636729061238,0.0072257541365492,0.0217729992232996,-0.0094537467190407,0.0010636729061238,0.0010636729061238,0.0151339659335901,0.0010636729061238,0.0010636729061238,0.0076603883725535,-0.0094537467190407,0.0025636729061238,0.0078903082686243,0.032777054537083,0.0040636729061238,-0.0065301337213575,0.0040636729061238
CV,2040,-0.0015605904564202,-0.0015605904564202,0.0350092774156751,0.0214823534712553,0.0214823534712553,0.0215864564331158,0.0215864564331158,0.0215864564331158,0.0215864564331158,0.0215864564331158,0.0215864564331158,0.0215864564331158,0.07,0.0052633036155709,0.005524123553467,0.0209561219071509,-0.0102457322587312,0.0002633036155709,0.0002633036155709,0.0154028066538797,0.0002633036155709,0.0002633036155709,0.0068559563371249,-0.0102457322587312,0.0017633036155709,0.0032633036155709,0.0322164893583073,0.0032633036155709,-0.0073220583706756,0.0032633036155709
CV,2045,-0.0026630421227543,-0.0026630421227544,0.0338579974123964,0.0209107557852567,0.0209107557852567,0.0211415305692228,0.0211415305692228,0.0211415305692228,0.0211415305692228,0.0211415305692228,0.0211415305692228,0.0211415305692228,0.07,0.0041451752456442,0.004459216064204,0.0198149315682455,-0.0113521483980705,-0.0008548247543557,-0.0008548247543557,0.0153526726497382,-0.0008548247543557,-0.0008548247543557,0.0057321522493029,-0.0113521483980705,0.0006451752456442,0.0022468529523948,0.0314333710690622,0.0021451752456442,-0.0084283894452161,0.0021451752456442
CV,2050,-0.0037286472784912,-0.0037286472784912,0.0327442050887227,0.0201477372761137,0.0201477372761137,0.0203999778798624,0.0203999778798624,0.0203999778798624,0.0203999778798624,0.0203999778798624,0.0203999778798624,0.0203999778798624,0.07,0.003063455080472,0.0034898724675826,0.0187109003719213,-0.0124225377032575,-0.0019365449195279,-0.0019365449195279,0.0144640389435111,-0.0019365449195279,-0.0019365449195279,0.0046449411774828,-0.0124225377032575,-0.0004365449195279,0.0015575924213866,0.0306757524735808,0.001063455080472,-0.0086585725195319,0.001063455080472
KH,2025,0.0280038127741614,0.0280038127741614,0.07,0.0195730296108288,0.0195730296108288,0.0198441380788307,0.0198441380788307,0.0198441380788307,0.0198441380788307,0.0198441380788307,0.0198441380788307,0.0198441380788307,0.0402265190142536,0.0158561437984567,0.067,0.067,0.0061552945240274,0.0108561437984567,0.0108561437984567,0.016353311832148,0.0108561437984567,0.0108561437984567,0.067,0.0061552945240274,0.0108561437984567,0.07,0.0192246052488348,0.0138561437984567,-0.0014263625305899,0.0138561437984567
KH,2030,-0.0027075708064242,-0.0027075708064242,0.07,0.0372839731729173,0.0372839731729173,0.0127063750616973,0.0127063750616973,0.0127063750616973,0.0127063750616973,0.0127063750616973,0.0127063750616973,0.0127063750616973,0.07,0.012917090471991,0.0369437523275694,-0.07,0.0072655843448095,0.007917090471991,0.007917090471991,0.0633017117476872,0.007917090471991,0.007917090471991,-0.0285038303945762,0.0072655843448095,0.009417090471991,0.0114645497158624,0.0421331369655566,0.0150767451507207,0.0031683288288858,0.010917090471991
KH,2035,0.0188672564673196,0.0188672564673196,0.07,0.03579421308588,0.03579421308588,0.007424674622241,0.007424674622241,0.007424674622241,0.007424674622241,0.007424674622241,0.007424674622241,0.007424674622241,0.07,0.0114076547232473,0.067,0.067,0.0057571213827048,0.0064076547232473,0.0064076547232473,0.0603615428970254,0.0064076547232473,0.0064076547232473,0.0392399024177285,0.0057571213827048,0.0079076547232473,0.0129332980893967,0.0450285014365807,0.0094076547232473,0.0016704630278091,0.0094076547232473
KH,2040,0.0179569962604354,0.0179569962604354,0.07,0.0352308309057357,0.0352308309057357,0.0070994106226278,0.0070994106226278,0.0070994106226278,0.0070994106226278,0.0070994106226278,0.0070994106226278,0.0070994106226278,0.07,0.0103156955899665,0.067,0.067,0.0046658659847477,0.0053156955899665,0.0053156955899665,0.0602919324430096,0.0053156955899665,0.0053156955899665,0.0386928020436373,0.0046658659847477,0.0068156955899665,0.0083156955899665,0.0446032424154034,0.0083156955899665,0.0005868738500147,0.0083156955899665
KH,2045,0.0170795851124284,0.0170795851124284,0.07,0.0346982342849361,0.0346982342849361,0.0074591180277814,0.0074591180277814,0.0074591180277814,0.0074591180277814,0.0074591180277814,0.0074591180277814,0.0074591180277814,0.07,0.0092631234135276,0.067,0.067,0.0036139721599053,0.0042631234135276,0.0042631234135276,0.0602666903126892,0.0042631234135276,0.0042631234135276,0.0381654355754826,0.0036139721599053,0.0057631234135276,0.0074853083662968,0.0441379818489115,0.0072631234135276,-0.0004576302751622,0.0072631234135276
KH,2050,0.0161248216744628,0.0161248216744628,0.07,0.0338760371948404,0.0338760371948404,0.0058876132493608,0.0058876132493608,0.0058876132493608,0.0058876132493608,0.0058876132493608,0.0058876132493608,0.0058876132493608,0.07,0.008117831912773,0.067,0.067,0.0024694187656058,0.003117831912773,0.003117831912773,0.0592684849538156,0.003117831912773,0.003117831912773,0.0375916142763065,0.0024694187656058,0.004617831912773,0.0070956953493935,0.0433884411387353,0.006117831912773,-0.0010186127491098,0.006117831912773
CM,2025,0.0301955007851019,0.0301955007851019,0.0305242201916422,0.033592820250714,0.033592820250714,0.0427046914961593,0.0427046914961593,0.0427046914961593,0.0427046914961593,0.0427046914961593,0.0427046914961593,0.0427046914961593,0.0304451684223745,0.0311097677398906,0.0283274413198503,0.0405808173862108,0.0248325121128144,0.0251731728562806,0.0251731728562806,0.0539314984491698,0.024821441275031,0.0251731728562806,0.0405808173862108,0.0248325121128144,0.0251731728562806,0.0610443738278696,0.0448716702728995,0.0281731728562806,0.027828174871079,0.0281731728562806
CM,2030,0.022247910537605,0.022247910537605,0.0372806915386227,0.034513298926672,0.034513298926672,0.0458208270331796,0.0458208270331796,0.0458208270331796,0.0458208270331796,0.0458208270331796,0.0458208270331796,0.0458208270331796,0.07,-0.0016281612224674,0.0236212938664904,0.0219602672172941,0.0199797745499126,0.0219905270804442,0.0219905270804442,-0.0007643567349005,0.0468270253611443,0.0219905270804442,0.0225605631955691,0.0199797745499126,0.0234905270804442,-0.0075581884927856,0.0317546670953313,0.0291501817591738,0.0277739457758917,0.0249905270804442
CM,2035,0.0206924312879107,0.0206924312879107,0.0357075787261353,0.0430427745710376,0.0430427745710376,0.0454320695073608,0.0454320695073608,0.0454320695073608,0.0454320695073608,0.0454320695073608,0.0454320695073608,0.0454320695073608,0.07,-0.0031421518903055,0.0265951314410636,0.0204028363274612,0.0184253530259602,0.0204330502106381,0.0204330502106381,0.0365062387325145,0.0452318093409976,0.0204330502106381,0.0210044994093009,0.0184253530259602,0.0219330502106381,0.0625203903130353,0.0278589441936731,0.0234330502106381,0.0262122394911567,0.0234330502106382
CM,2040,0.0192102419230077,0.0192102419230077,0.0342085807840721,0.0421110394402547,0.0421110394402547,0.0457259094121884,0.0457259094121884,0.0457259094121884,0.0457259094121884,0.0457259094121884,0.0457259094121884,0.0457259094121884,0.07,-0.0045848131396305,0.0242097714849686,0.0189187814775905,0.0169441657601729,0.0189489515470725,0.0189489515470725,0.0357834566629171,0.0437117495510291,0.0189489515470725,0.0195217472539441,0.0169441657601729,0.0204489515470725,0.0623370741153807,0.0532738520039007,0.0219489515470725,0.0247241106752561,0.0219489515470725
CM,2045,0.0175620107340641,0.0175620107340641,0.0325416699213869,0.0065493172832702,0.0065493172832702,0.0448143149675483,0.0448143149675483,0.0448143149675483,0.0448143149675483,0.0448143149675483,0.0448143149675483,0.0448143149675483,-0.068,-0.0061890766547393,0.0226126497506253,0.0172684875841479,0.0152970606683448,0.0172986089320655,0.0172986089320655,0.0348772426409307,0.0420214175600844,0.0172986089320655,0.0178729019786581,0.0152970606683448,0.0187986089320655,-0.060047509340902,0.0265326732646622,0.0202986089320655,0.0230692864632324,0.0202986089320655
CM,2050,0.0158977676671217,0.0158977676671217,0.0308585661952278,0.0399371917883792,0.0399371917883792,0.0436722150695585,0.0436722150695585,0.0436722150695585,0.0436722150695585,0.0436722150695585,0.0436722150695585,0.0436722150695585,0.07,-0.0078089244585211,0.0210586517895374,0.0156021622493688,0.0136339551121391,0.0156322344024267,0.0156322344024267,0.0338018675651681,0.0403146651859221,0.0156322344024267,0.0162080393343395,0.0136339551121391,0.0171322344024267,0.0619273924745447,0.0506473565480154,0.0186322344024267,0.0222339646449609,0.0186322344024267
CA,2025,-0.0251191683328379,-0.0251191683328379,0.0087750975983569,0.0096943631429469,0.0096943631429469,0.0136294008358484,0.0136294008358484,0.0136294008358484,0.0136294008358484,0.0136294008358484,0.0136294008358484,0.0136294008358484,0.0126493320921288,0.0100782920516186,0.0029702624809341,-0.0189055382694665,-0.0490981571171772,-0.0073538096118701,0.0079816758408651,-0.0005859552745223,0.0079816758408651,0.0187323999133163,-0.0189055382694665,-0.0490981571171772,-0.0073538096118701,-0.0070572317415753,-0.0029996371455429,0.0169259478964171,0.0077836972223032,-0.0644141965957134
CA,2030,-0.0329326184461556,-0.0329326184461556,0.0048110224132302,0.0057540828335471,0.0057540828335471,0.0130323684073963,0.0130323684073963,0.0130323684073963,0.0130323684073963,0.0130323684073963,0.0130323684073963,0.0130323684073963,0.0113262469589101,0.005858661002946,0.0091677989129077,-0.0253817511060296,-0.0410655332521409,-0.0088160910769998,0.0047495789665584,-0.0072303334233625,0.0047495789665584,0.0141708388320825,-0.0317236421790852,-0.0410655332521409,-0.0339958559150447,-0.0694178991710077,0.0113081012988477,0.0130629461287269,-0.0020615545402961,-0.0434875582785781
CA,2035,-0.0339808143472498,-0.0339808143472498,0.0031562292835085,0.0029144448115238,0.0029144448115238,0.0138675250468878,0.0138675250468878,0.0138675250468878,0.0138675250468878,0.0138675250468878,0.0138675250468878,0.0138675250468878,0.009660702702031,0.0042021391076822,0.0067773583143709,-0.0244479167279496,-0.0426528737492428,-0.010456648136501,0.0030866364554752,-0.0135819096979683,0.0030866364554752,0.0124923497865573,-0.0320503952385963,-0.0426528737492428,-0.0355923872403149,-0.0664110476598302,-0.0034463010438568,0.0090869610399049,-0.0037083071651903,-0.045065951596638
CA,2040,-0.0346535856687505,-0.0346535856687505,0.0019852008965642,0.0020440990284962,0.0020440990284962,0.0140594047187889,0.0140594047187889,0.0140594047187889,0.0140594047187889,0.0140594047187889,0.0140594047187889,0.0140594047187889,0.0084820661888098,0.0030298873451464,0.0063460702726699,-0.0235302809434752,-0.0437761687088765,-0.0116176022476659,0.001909841089723,-0.0135200639484578,0.001909841089723,0.0113045527839098,-0.0321532248261758,-0.0437761687088765,-0.0367221861674182,0.004909841089723,-0.0044665084028209,0.0079066562665743,-0.0048736456207292,-0.0461829150091719
CA,2045,-0.0353335411344646,-0.0353335411344646,0.0011682043692762,0.0015055339705914,0.0015055339705914,0.0132579266377923,0.0132579266377923,0.0132579266377923,0.0132579266377923,0.0132579266377923,0.0132579266377923,0.0132579266377923,0.0076597616665863,0.0022120373000265,0.005606065807448,-0.0243035590639092,-0.044559862845904,-0.0124275702106436,0.0010888210889551,-0.0132023040958973,0.0010888210889551,0.0104758572227216,-0.0329317109549066,-0.044559862845904,-0.0375104179560477,0.0042856592212112,-0.0051805298284324,0.0070831878419796,-0.0056866724285377,-0.0469621917878751
CA,2050,-0.0358663978746174,-0.0358663978746173,0.0005654425511195,0.0009729218452916,0.0009729218452916,0.0120381918577958,0.0120381918577958,0.0120381918577958,0.0120381918577958,0.0120381918577958,0.0120381918577958,0.0120381918577958,0.0070530837281386,0.0016086457754475,0.0052918252306878,-0.0251721939661105,-0.0451380549031964,-0.013025146510795,0.0004830908417917,-0.0135089513070148,0.0004830908417917,0.0098644641182511,-0.0336551244346534,-0.0451380549031964,-0.0380919577914989,0.0043592100353849,-0.0058406640236459,0.0064756512023184,-0.005834237974006,-0.0475371248167063
KY,2025,0.0213643732050384,0.0213643732050384,0.0404300865626854,0.0094979116487209,0.0094979116487209,0.0237215050080043,0.0237215050080043,0.0237215050080043,0.0237215050080043,0.0237215050080043,0.0237215050080043,0.0237215050080043,-0.0306452005826496,0.0229402657664057,0.0210945342299755,0.0282125880823037,0.0179402657664058,0.0179402657664057,0.0179402657664057,0.0327563156447219,0.0179402657664057,0.0179402657664059,0.0282125880823037,0.0179402657664058,0.0179402657664057,-0.0102572252741559,0.0312125880823037,0.0209402657664058,-0.0391258499809501,0.0209402657664057
KY,2030,0.0170104025414584,0.0170104025414584,0.0346712931915944,0.0065137834222633,0.0065137834222633,0.023037111170512,0.023037111170512,0.023037111170512,0.023037111170512,0.023037111170512,0.023037111170512,0.023037111170512,-0.0278727581002935,0.0200064221926257,0.0166371889786718,0.0180303042856219,0.0150064221926257,0.0150064221926257,0.0150064221926257,0.0239150474040956,0.0150064221926257,0.0150064221926257,0.0180183632391238,0.0150064221926257,0.0165064221926257,0.0184708287437963,0.0210303042856219,0.0221660768713553,-0.0365850756361611,0.0180064221926257
KY,2035,0.0132258291285121,0.0132258291285121,0.0308341008460144,0.0007707764622366,0.0007707764622366,0.0216765925334854,0.0216765925334854,0.0216765925334854,0.0216765925334854,0.0216765925334854,0.0216765925334854,0.0216765925334854,-0.0314775497231448,0.0162237214661282,0.0173858026965536,0.0142363674404314,0.0112237214661282,0.0112237214661282,0.0112237214661282,0.0121132126398348,0.0112237214661282,0.0112237214661282,0.0142300444532798,0.0112237214661282,0.0127237214661282,0.0175975824947733,0.0172363674404314,0.0142237214661282,-0.0334620455904121,0.0142237214661282
KY,2040,0.0122806264460956,0.0122806264460956,0.029875756509085,-6.22798244333863e-06,-6.22798244333863e-06,0.0215864564331158,0.0215864564331158,0.0215864564331158,0.0215864564331158,0.0215864564331158,0.0215864564331158,0.0215864564331158,-0.0323778516435188,0.0152789864898603,0.0155398064277564,0.0132888262272722,0.0102789864898603,0.0102789864898603,0.0102789864898603,0.0117949667340247,0.0102789864898603,0.0102789864898603,0.0132839063585663,0.0102789864898603,0.0117789864898603,0.0132789864898603,0.0162888262272722,0.0132789864898603,-0.0342622503349424,0.0132789864898603
KY,2045,0.0094191404324677,0.0094191404324677,0.0269744857368186,-0.0026939545738555,-0.0026939545738555,0.0211415305692228,0.0211415305692228,0.0211415305692228,0.0211415305692228,0.0211415305692228,0.0211415305692228,0.0211415305692228,-0.0351034060681065,0.0124189163996395,0.0127329572181993,0.0104202605966089,0.0074189163996395,0.0074189163996395,0.0074189163996395,0.0094897549734053,0.0074189163996395,0.0074189163996395,0.0104195884981242,0.0074189163996395,0.0089189163996395,0.0107018699831652,0.0134202605966089,0.0104189163996395,-0.0399187327061056,0.0104189163996395
KY,2050,0.0089028909850993,0.0089028909850992,0.0264510585994097,-0.0031777336090294,-0.0031777336090294,0.0203999778798624,0.0203999778798624,0.0203999778798624,0.0203999778798624,0.0203999778798624,0.0203999778798624,0.0203999778798624,-0.0355951316815691,0.0119029224033455,0.0123293397904561,0.0099027338938685,0.0069029224033454,0.0069029224033453,0.0069029224033455,0.0090783524387605,0.0069029224033453,0.0069029224033455,0.0099028281486069,0.0069029224033454,0.0084029224033453,0.0111247161716961,0.0129027338938685,0.0099029224033453,-0.039655844964705,0.0099029224033454
CF,2025,-0.0113618996574461,-0.0113618996574461,-0.0075424296163978,0.0156510798353311,0.0156510798353311,0.0319962208846777,0.0319962208846777,0.0319962208846777,0.0319962208846777,0.0319962208846777,0.0319962208846777,0.0319962208846777,0.0077515242660677,0.0143853350008893,0.0125396034644591,-0.07,0.0265289660267721,0.0093853350008893,0.0093853350008895,0.0099373642411849,0.0355300958331824,0.0093853350008893,-0.07,0.0265289660267721,0.0093853350008893,0.07,0.0656144733099245,0.0123853350008893,0.0296523069225508,0.0123853350008893
CF,2030,0.0391863432661153,0.0391863432661153,-0.0062378699653563,0.0372769674293546,0.0372769674293546,0.0344836336459077,0.0344836336459077,0.0344836336459077,0.0344836336459077,0.0344836336459077,0.0344836336459077,0.0344836336459077,0.0289211736089491,0.0350492375941471,0.0316800043801932,-0.0018217407037007,0.0496674340199077,0.0300492375941471,0.0300492375941471,0.0231374585143224,0.067,0.0300492375941469,0.025407509598018,0.0496674340199077,0.0315492375941471,-0.0693510436206181,0.0681749262423653,0.0372088922728766,0.0530224099785202,0.0330492375941469
CF,2035,0.0362972448974016,0.0362972448974016,-0.0090007998046227,0.0347913422510455,0.0347913422510455,0.0356556364428468,0.0356556364428468,0.0356556364428468,0.0356556364428468,0.0356556364428468,0.0356556364428468,0.0356556364428468,0.0260602949090944,0.0321712868461379,0.0333333680765633,-0.0046109027449434,0.0467348293396139,0.0271712868461379,0.0271712868461379,0.0189337872489499,0.067,0.0271712868461379,0.0225466689644517,0.0467348293396139,0.0286712868461379,0.07,0.0680847517208803,0.0301712868461379,0.0500888163779616,0.0301712868461379
CF,2040,0.0323905759992937,0.0323905759992937,-0.0127325454242261,0.0321604158904169,0.0321604158904169,0.0391217692811867,0.0391217692811867,0.0391217692811867,0.0391217692811867,0.0391217692811867,0.0391217692811867,0.0391217692811867,0.0221962548583221,0.028284188467929,0.028545008405825,-0.0083780788352834,0.0427739127379025,0.023284188467929,0.023284188467929,0.0161612202354165,0.067,0.023284188467929,0.0186826803278356,0.0427739127379025,0.024784188467929,-0.07,0.0679629576851544,0.026284188467929,0.0461265640930872,0.026284188467929
CF,2045,0.0292327402556275,0.0292327402556274,-0.0157498455842588,0.0300855845857095,0.0300855845857095,0.0414476962822778,0.0414476962822778,0.0414476962822778,0.0414476962822778,0.0414476962822778,0.0414476962822778,0.0414476962822778,0.0190719881338374,0.0251412779498538,0.0254553187684136,-0.011424026276219,0.0395713165498241,0.0201412779498538,0.0201412779498538,0.0141290722591468,0.067,0.0201412779498538,0.0155584551742288,0.0395713165498241,0.0216412779498538,0.07,0.06786448120767,0.0231412779498538,0.0429228879393758,0.0231412779498538
CF,2050,0.0276249440879249,0.0276249440879249,-0.0172892767035639,0.0289407127996508,0.0289407127996508,0.0425937294700977,0.0425937294700977,0.0425937294700977,0.0425937294700977,0.0425937294700977,0.0425937294700977,0.0425937294700977,0.017477982511066,0.0235377602353075,0.0239641776224181,-0.0129780732817027,0.0379373471158905,0.0185377602353075,0.0185377602353075,0.0127471084522297,0.067,0.0185377602353075,0.0139644707609823,0.0379373471158905,0.0200377602353075,-0.069320239239279,0.0678142383594551,0.0215377602353075,0.0421292638390637,0.0215377602353075
TD,2025,0.0331792345758203,0.0331792345758203,0.0228770123754842,0.0343877515073689,0.0343877515073689,0.0154015115260037,0.0154015115260037,0.0154015115260037,0.0154015115260037,0.0154015115260037,0.0154015115260037,0.0154015115260037,0.0316119387579383,0.0353743391310736,0.0335286075946435,0.0626183372661536,0.0065450273302337,0.0303743391310736,0.0303743391310739,0.0451903890093898,0.0303743391310736,0.0303743391310739,0.0626183372661536,0.0065450273302337,0.0303743391310736,0.0497446854877035,0.066023109805077,0.0333743391310737,0.0095450273302337,0.0333743391310737
TD,2030,0.016523304061653,0.016523304061653,0.0191237107927235,0.035209482353141,0.035209482353141,0.0263242392963198,0.0263242392963198,0.0263242392963198,0.0263242392963198,0.0263242392963198,0.0263242392963198,0.0263242392963198,0.0551440315202877,0.0305950908936021,0.0272258576796482,0.0579996623064024,0.0018914801410785,0.0255950908936021,0.0255950908936021,0.034503716105072,0.0255950908936021,0.0255950908936021,0.0307456401961845,0.0018914801410785,0.0270950908936021,0.0531208054743471,0.0618311022780973,0.0327547455723317,0.0048914801410785,0.0285950908936021
TD,2035,0.0156017766306837,0.0156017766306837,0.0181367673019903,0.0322006692227105,0.0322006692227105,0.0315107411531172,0.0315107411531172,0.0315107411531172,0.0315107411531172,0.0315107411531172,0.0315107411531172,0.0315107411531172,0.0541221365082211,0.0295970164029715,0.0307590976333969,0.0569701447567944,0.000916405924742,0.0245970164029715,0.0245970164029715,0.0254865075766781,0.0245970164029715,0.0245970164029715,0.0297440234758002,0.000916405924742,0.0260970164029715,0.0311921052910751,0.0608966902757972,0.0275970164029715,0.003916405924742,0.0275970164029715
TD,2040,0.0131741536731726,0.0131741536731726,0.015637572232231,0.0298148299388489,0.0298148299388489,0.0368519696225484,0.0368519696225484,0.0368519696225484,0.0368519696225484,0.0368519696225484,0.0368519696225484,0.0368519696225484,0.0515344351859599,0.0270696347750905,0.0273304547129865,0.0543631412065716,-0.0015527330857468,0.0220696347750905,0.0220696347750905,0.0235856150192548,0.0220696347750905,0.0220696347750905,0.0272076720100102,-0.0015527330857468,0.0235696347750904,0.0385866208063136,0.0585305184623155,0.0250696347750905,0.0014472669142531,0.0250696347750905
TD,2045,0.0110163471197667,0.0110163471197667,0.0133996676529288,0.0276768969647636,0.0276768969647636,0.0395118781832217,0.0395118781832217,0.0395118781832217,0.0395118781832217,0.0395118781832217,0.0395118781832217,0.0395118781832217,0.049217277670315,0.0248064905383245,0.0251205313568843,0.0520286995081641,-0.0037637239625171,0.0198064905383247,0.0198064905383245,0.0218773291120905,0.0198064905383245,0.0198064905383245,0.0249364957306182,-0.0037637239625171,0.0213064905383247,0.0234542346761231,0.056411729576694,0.0228064905383245,-0.0007637239625171,0.0228064905383245
TD,2050,0.0094898421752102,0.0094898421752103,0.0117832501939465,0.0260586436826523,0.0260586436826523,0.0412420609694554,0.0412420609694554,0.0412420609694554,0.0412420609694554,0.0412420609694554,0.0412420609694554,0.0412420609694554,0.0475436165597646,0.0231718427118099,0.0235982600989205,0.0503425541947392,-0.0053607019069373,0.0181718427118099,0.0181718427118099,0.0203472727472249,0.0181718427118099,0.0181718427118099,0.0232960464351523,-0.0053607019069373,0.0196718427118098,0.0224607990621687,0.0548813482645092,0.0211718427118099,-0.0015950730974102,0.0211718427118098
CL,2025,0.0250059057355673,0.0250059057355673,0.0338704505861633,0.0393284169753973,0.0393284169753973,0.033567820551583,0.033567820551583,0.033567820551583,0.033567820551583,0.033567820551583,0.033567820551583,0.033567820551583,0.0128039507786437,0.07,0.049425947738346,0.0431716122641218,0.0067978118986928,0.0250482930438874,0.0515548690071586,0.066116728263401,0.067,0.0113929888595446,0.0431716122641218,0.0067978118986928,0.0250482930438874,-0.0049004337103021,0.019171322803707,0.0339079921221876,-0.0001501611621707,0.07
CL,2030,0.0009214106851396,0.0009214106851396,0.0283978795655683,0.0354428040787747,0.0354428040787747,0.0275484061875017,0.0275484061875017,0.0275484061875017,0.0275484061875017,0.0275484061875017,0.0275484061875017,0.0275484061875017,0.0115544945353396,-0.068,0.0075998479427541,-0.0014866884114551,-0.0413872613257802,0.0207736346878312,-0.07,0.0548023676863513,0.067,0.0084143540934081,-0.0196839906256157,-0.0413872613257802,0.0453868173439156,0.037530576741897,0.0191275938415463,0.0420603001930919,-0.0431279843540311,0.07
CL,2035,0.0260264308981464,0.0260264308981464,0.0268124533683833,0.0305787376911841,0.0305787376911841,0.0236205061689664,0.0236205061689664,0.0236205061689664,0.0236205061689664,0.0236205061689664,0.0236205061689664,0.0236205061689664,0.0099950854845338,0.07,0.0294011788266963,-0.0030336766434398,-0.07,0.0191922620323182,-0.07,0.0384677930709576,0.067,0.006852072209245,-0.0365168383217199,-0.07,0.0445961310161591,0.0423739903872149,0.0118745620532298,0.0359519996856147,-0.07,0.07
CL,2040,0.0255695834709519,0.0255695834709519,0.0254232954574427,0.0297688552131677,0.0297688552131677,0.0222271817250543,0.0222271817250543,0.0222271817250543,0.0222271817250543,0.0222271817250543,0.0222271817250543,0.0222271817250543,0.0086287239199496,0.07,0.0291923475892056,-0.004389155027996,-0.07,0.0178066558537076,-0.07,0.0379635034781968,0.067,0.0054831934545244,-0.037194577513998,-0.07,0.0439033279268538,0.0437263761554371,0.0107886582244772,0.0345477418519127,-0.07,0.07
CL,2045,0.0251462222081006,0.0251462222081006,0.0241359605345183,0.0290008549769395,0.0290008549769395,0.0210286519643714,0.0210286519643714,0.0210286519643714,0.0210286519643714,0.0210286519643714,0.0210286519643714,0.0210286519643714,0.007362514408721,0.07,0.0282759834202838,-0.0056452790783764,-0.07,0.0165226123269802,-0.07,0.0374262542399843,0.067,0.0042146512590527,-0.0376500834394152,-0.07,0.0432613061634901,-0.0311696306738917,0.0106966649355228,0.0332464138057075,-0.0691474978112794,0.07
CL,2050,0.0259122226296916,0.0259122226296916,0.022754471906367,0.0280083879883714,0.0280083879883714,0.0188641598190566,0.0188641598190566,0.0188641598190566,0.0188641598190566,0.0188641598190566,0.0188641598190566,0.0188641598190566,0.006003696272532,0.07,0.0275407929297722,-0.0069932741185526,-0.0626780459260017,0.0151446558227043,-0.07,0.0361765258512873,0.067,0.0028533298296665,-0.0332530575067336,-0.0626780459260017,0.0425723279113521,0.0416347497472912,0.0091588172539592,0.0318499086186634,-0.0601515421392426,0.07
CN,2025,0.018838378905179,0.018838378905179,0.0641761184335594,-0.016379962345339,-0.016379962345339,0.0352400940606996,0.0352400940606996,0.0352400940606996,0.0352400940606996,0.0352400940606996,0.0352400940606996,0.0352400940606996,0.0048267168728812,0.0568274086280649,0.0148050148808771,-0.0037641410433704,-0.0001732831271187,0.0604525608860263,-0.0001732831271187,-0.07,-0.0001732831271187,-0.0001732831271187,-0.0037641410433704,-0.0001732831271187,0.0604525608860263,0.0443269395135565,0.0031670210467196,0.065413975436033,-0.0165541352845006,0.07
CN,2030,0.0113079087165715,0.0113079087165715,0.0534259850434524,-0.0203557341122927,-0.0203557341122927,0.021746098079332,0.021746098079332,0.021746098079332,0.021746098079332,0.021746098079332,0.021746098079332,0.021746098079332,-0.0004743121497237,0.0406558985380427,0.0098534801212519,0.0241845956929657,-0.0054743121497237,0.0573695555645564,-0.0054743121497237,-0.07,-0.0054743121497237,-0.0054743121497237,0.010855141771621,-0.0054743121497237,0.0189000787856321,0.0021575311664488,0.019534464358701,-0.0083962333769874,-0.0228855038748208,0.0667472441620636
CN,2035,0.0094061827040716,0.0094061827040716,0.052385022236278,-0.0210964332830077,-0.0210964332830077,0.0118532274469123,0.0118532274469123,0.0118532274469123,0.0118532274469123,0.0118532274469123,0.0118532274469123,0.0118532274469123,-0.0014619110440102,0.0396275787369244,0.0090884955983042,0.0188010007143766,-0.0064619110440102,0.0563197381880561,-0.0064619110440102,-0.07,-0.0064619110440102,-0.0064619110440102,0.0076695448351831,-0.0064619110440102,0.0037581828297415,0.0061705450460039,0.0116826733536765,0.0653379826627365,-0.0238528946976519,0.0660475604785235
CN,2040,0.0080937689356986,0.0080937689356986,0.0513908432734591,-0.0218038433155536,-0.0218038433155536,0.0076288483027808,0.0076288483027808,0.0076288483027808,0.0076288483027808,0.0076288483027808,0.0076288483027808,0.0076288483027808,-0.0024051244207381,0.038645474567327,0.0090935623557523,0.015712708488998,-0.0074051244207381,0.0553171026055691,-0.0074051244207381,-0.07,-0.0074051244207381,-0.0074051244207381,0.0056537920341299,-0.0074051244207381,-0.0046013499035742,0.0346836197646276,0.010717068111646,0.0649002590061308,-0.0247768082114243,0.0650385570792406
CN,2045,0.0071585677824269,0.0071585677824269,0.0503342092224505,-0.0225111919755525,-0.0225111919755525,0.0049193880986195,0.0049193880986195,0.0049193880986195,0.0049193880986195,0.0049193880986195,0.0049193880986195,0.0049193880986195,-0.0034075911882822,0.0376016738573503,0.0080734934013619,0.0146854667329884,-0.0084075911882822,0.0542514806835313,-0.0084075911882822,-0.0698219943373635,-0.0084075911882822,-0.0084075911882822,0.004638937772353,-0.0084075911882822,-0.0056302529801478,0.034375325356209,0.0097786371047313,0.0644350372122698,-0.0257587626837567,0.0639661673092512
CN,2050,0.0056760129410642,0.0056760129410642,0.0487404769252652,-0.0235934277459602,-0.0235934277459602,0.0014817690303381,0.0014817690303381,0.0014817690303381,0.0014817690303381,0.0014817690303381,0.0014817690303381,0.0014817690303381,-0.0049196223998116,0.0360272982239637,0.0068196382410404,0.01308359140456,-0.0099196223998116,0.0526441918855612,-0.0099196223998116,-0.0696148437844058,-0.0099196223998116,-0.0099196223998116,0.0030819845023741,-0.0099196223998116,-0.0071326334374753,0.0069255173454112,0.0085475862682475,0.06373333826785,-0.0264068356230776,0.0623486704947471
HK,2025,-0.0161886416611208,-0.0161886416611208,0.0156483843730967,0.0037530609154887,0.0037530609154887,0.0237215050080043,0.0237215050080043,0.0237215050080043,0.0237215050080043,0.0237215050080043,0.0237215050080043,0.0237215050080043,0.0037677972844447,0.0038094654997313,0.0019637339633011,-0.0164283178573292,-0.0309470726257647,-0.0011905345002686,-0.0011905345002686,0.0136255153780475,-0.0011905345002686,-0.0011905345002686,-0.0164283178573292,-0.0309470726257647,-0.0011905345002686,0.0699999999999999,-0.0312327147924875,0.0018094654997313,-0.0279470726257647,0.0018094654997313
HK,2030,-2.1910894156765325e-05,-2.1910894156765325e-05,0.0124325098736559,-0.0027769432663046,-0.0027769432663046,0.023037111170512,0.023037111170512,0.023037111170512,0.023037111170512,0.023037111170512,0.023037111170512,0.023037111170512,-0.0008079132026109,-0.0014028283580259,-0.0047720615719797,-0.0041402474632352,0.019287438060534,-0.0064028283580259,-0.0064028283580258,0.002505796853444,-0.0064028283580258,-0.0064028283580258,-0.0037715379106305,0.019287438060534,-0.0034725715271299,-0.0692060908912552,-0.0072094344531353,0.0007568263207037,0.022287438060534,-0.0034028283580259
HK,2035,0.0052910416773757,0.0052910416773757,0.0105852139136524,-0.006604000561499,-0.006604000561499,0.0216765925334854,0.0216765925334854,0.0216765925334854,0.0216765925334854,0.0216765925334854,0.0216765925334854,0.0216765925334854,-0.0026310027165445,-0.0032248302343861,-0.0020627490039607,0.0368806988464366,0.0174184686480912,-0.0082248302343861,-0.0082248302343861,-0.0073353390606794,-0.0082248302343861,-0.0082248302343861,0.0158279343060252,0.0174184686480912,-0.005297188231932,0.0699999999999999,0.0285564811719531,-0.0052248302343861,0.0204184686480912,-0.0052248302343861
HK,2040,-0.0025394611683334,-0.0025394611683334,0.0090059012799081,-0.0080052986673889,-0.0080052986673889,0.0215864564331158,0.0215864564331158,0.0215864564331158,0.0215864564331158,0.0215864564331158,0.0215864564331158,0.0215864564331158,-0.0041896204822634,-0.0047825181438189,-0.0045216982059228,-0.0022879329623573,0.0158206266839119,-0.0097825181438189,-0.0097825181438189,-0.0082665378996545,-0.0097825181438189,-0.0097825181438189,-0.0045352255530881,0.0158206266839119,-0.0068571116421632,-0.0699999999999999,-0.0201044331149348,-0.0067825181438189,0.0188206266839119,-0.0067825181438189
HK,2045,-0.0049886709377066,-0.0049886709377066,0.0064079154829381,-0.0104293793901704,-0.0104293793901704,0.0211415305692228,0.0211415305692228,0.0211415305692228,0.0211415305692228,0.0211415305692228,0.0211415305692228,0.0211415305692228,-0.0067535630049306,-0.0073449310431723,-0.0070308902246124,-0.0041179973135133,0.0131921599446202,-0.0123449310431723,-0.0123449310431722,-0.0102740924694064,-0.0123449310431723,-0.0123449310431722,-0.0067314641783428,0.0131921599446202,-0.009423201963706,-0.0093030704164601,-0.0218818351416693,-0.0093449310431722,0.0161921599446202,-0.0093449310431722
HK,2050,-0.0015075176380035,-0.0015075176380035,0.0030860098001126,-0.0136801410052222,-0.0136801410052222,0.0203999778798624,0.0203999778798624,0.0203999778798624,0.0203999778798624,0.0203999778798624,0.0203999778798624,0.0203999778798624,-0.0100319393711216,-0.0106213515617275,-0.0101949341746168,0.0332234874334846,0.0098312799088037,-0.0156213515617275,-0.0156213515617275,-0.0134459215263124,-0.0156213515617275,-0.0156213515617275,0.0103010679358785,0.0098312799088037,-0.0127043246056074,0.0699999999999999,0.0236334427572779,-0.0126213515617275,0.0128312799088037,-0.0126213515617275
MO,2025,0.0229253289469383,0.0229253289469383,0.0420357029633042,0.0316084965739322,0.0316084965739322,0.0237215050080043,0.0237215050080043,0.0237215050080043,0.0237215050080043,0.0237215050080043,0.0237215050080043,0.0237215050080043,0.0151550595810632,0.019731438418175,0.0178857068817445,-0.0129554515773597,0.0147314384181749,0.067,0.014731438418175,0.0295474882964909,0.0147314384181748,0.067,-0.0129554515773597,0.0147314384181749,0.067,0.0677567334043943,-0.0392315236590291,0.07,-1.1102230246251563e-16,0.0177314384181748
MO,2030,-0.0172069525892622,-0.0172069525892622,0.0339642827132196,-0.0140676998254883,-0.0140676998254883,0.023037111170512,0.023037111170512,0.023037111170512,0.023037111170512,0.023037111170512,0.023037111170512,0.023037111170512,0.0086094036937878,0.0031055858963944,-0.0002636473175594,-0.0346640591211508,-0.0018944141036055,-0.07,-0.0018944141036055,0.0070142111078643,-0.0018944141036055,-0.07,-0.0167792366123782,-0.0018944141036055,-0.0344472070518027,-0.0668119239258863,-0.0329156451201527,-0.0689163995612684,-0.016621451223642,0.0011055858963944
MO,2035,0.0044828995137221,0.0044828995137221,0.0325404872417691,0.0171397033459601,0.0171397033459601,0.0216765925334854,0.0216765925334854,0.0216765925334854,0.0216765925334854,0.0216765925334854,0.0216765925334854,0.0216765925334854,0.007220590210117,0.0017243660000084,0.0028864472304338,-0.0360000669177009,-0.0032756339999915,0.067,-0.0032756339999915,-0.0023861428262849,-0.0032756339999915,0.067,-0.0181378504588462,-0.0032756339999915,0.0333621830000042,-0.0418725463320032,-0.043563349031287,0.07,-0.0179782132239586,-0.0002756339999915
MO,2040,0.000791693875146,0.000791693875146,0.027944415410495,0.0139462204490835,0.0139462204490835,0.0215864564331158,0.0215864564331158,0.0215864564331158,0.0215864564331158,0.0215864564331158,0.0215864564331158,0.0215864564331158,0.0027374417107826,-0.0027342700793063,-0.0024734501414102,-0.0403127564318982,-0.0077342700793063,0.067,-0.0077342700793063,-0.006218289835142,-0.0077342700793063,0.067,-0.0225235132556023,-0.0077342700793063,0.0311328649603468,-0.0678289902087943,-0.0519243998957121,0.07,-0.0223578981832356,-0.0047342700793063
MO,2045,0.0004580690216544,0.0004580690216544,0.0275290053950463,0.0137821401037226,0.0137821401037226,0.0211415305692228,0.0211415305692228,0.0211415305692228,0.0211415305692228,0.0211415305692228,0.0211415305692228,0.0211415305692228,0.0023322381248214,-0.0031372581418482,-0.0028232173232884,-0.0407025533026799,-0.0081372581418482,0.067,-0.0081372581418482,-0.0060664195680824,-0.0081372581418482,0.067,-0.0229199057222641,-0.0081372581418482,0.0309313709290758,0.0675213374921768,-0.0483854185236075,0.07,-0.0227537503507787,-0.0051372581418482
MO,2050,0.0001006992848407,0.0001006992848407,0.0270840296495733,0.0134839423980238,0.0134839423980238,0.0203999778798624,0.0203999778798624,0.0203999778798624,0.0203999778798624,0.0203999778798624,0.0203999778798624,0.0203999778798624,0.0018981952249731,-0.0035689278341463,-0.0031425104470356,-0.0411200929543701,-0.0085689278341463,0.067,-0.0085689278341463,-0.0063934977987312,-0.0085689278341463,0.067,-0.0233445103942582,-0.0085689278341463,0.0307155360829268,-0.0676876065070458,-0.0527220559480416,0.07,-0.0231777762692663,-0.0055689278341463
CO,2025,0.0274789851562368,0.0274789851562368,0.07,0.0170792775767359,0.0170792775767359,0.0233157985081879,0.0233157985081879,0.0233157985081879,0.0233157985081879,0.0233157985081879,0.0233157985081879,0.0233157985081879,0.0332170437789158,0.0464291462208747,0.0035227593768669,0.0331800683607791,0.003421192768248,0.0458356943396832,0.0114008342640575,0.0018486673323384,0.0104268800576344,0.022824519138055,0.0331800683607791,0.003421192768248,0.0458356943396832,0.0178918510730419,0.0054518498166375,0.0337247239757618,0.0076348980601113,0.0134268800576344
CO,2030,-0.0099650208879157,-0.0099650208879157,0.0649195129148487,0.0235633006308152,0.0235633006308152,0.0255605116552577,0.0255605116552577,0.0255605116552577,0.0255605116552577,0.0255605116552577,0.0255605116552577,0.0255605116552577,0.0287870737069493,0.0405802007081863,-0.0009943934682086,0.0363373442423836,-0.0373449063792511,0.035956202683164,0.0116737639135745,0.0550794173163193,0.0057683763538186,0.0046183351461736,0.0009962189315662,-0.0373449063792511,0.0223622895184913,-0.026225937350183,-0.0056528727471884,0.0179338123626022,-0.0228534017369844,0.0087683763538186
CO,2035,-0.0120864118215158,-0.0120864118215159,0.0623129576859524,0.0207125241896139,0.0207125241896139,0.0253528772070792,0.0253528772070792,0.0253528772070792,0.0253528772070792,0.0253528772070792,0.0253528772070792,0.0253528772070792,0.0262691246210449,0.0380333318061749,-0.0028231142042897,0.0337886186274095,-0.0397129439427773,0.03340841172647,0.0091855198152986,0.0511389655397905,0.0032946138024853,0.0021473927951348,-0.0014621626576839,-0.0397129439427773,0.0198515127644776,-0.0217580007003312,0.0138189745187027,0.0122505796840104,-0.0252374965587669,0.0062946138024853
CO,2040,-0.0138670340832699,-0.0138670340832699,0.0600062337609179,0.018758600875796,0.018758600875796,0.025398629506578,0.025398629506578,0.025398629506578,0.025398629506578,0.025398629506578,0.025398629506578,0.025398629506578,0.0240408144996691,0.0357794285068826,-0.0038226891274485,0.0315330721923164,-0.0418085868213976,0.0311536924361822,0.0069834977253043,0.0499274993149595,0.0011054074512232,-3.9317762667742846e-05,-0.0036377573145405,-0.0418085868213976,0.0176295499437027,0.0262734608885561,-0.0031236339323036,0.0100484160554689,-0.0273473496338105,0.0041054074512232
CO,2045,-0.0152493102273899,-0.0152493102273899,0.0580512574643037,0.0171445133916378,0.0171445133916378,0.0245990450818485,0.0245990450818485,0.0245990450818485,0.0245990450818485,0.0245990450818485,0.0245990450818485,0.0245990450818485,0.0221522948456622,0.0338692183264812,-0.0056350569471562,0.0296214694345425,-0.0435846693900169,0.0292427906935887,0.0051172574943695,0.0490683112934771,-0.0007499712868502,-0.0018925812857378,-0.0054815999777371,-0.0435846693900169,0.0157464097033692,0.0039219308782035,-0.0041310483177129,0.0081820558689114,-0.0291354755149716,0.0022500287131497
CO,2050,-0.0161703368354148,-0.0161703368354149,0.0565056803641057,0.0157062672336015,0.0157062672336015,0.0237390512385522,0.0237390512385522,0.0237390512385522,0.0237390512385522,0.0237390512385522,0.0237390512385522,0.0237390512385522,0.0206592574438475,0.0323590326958387,-0.0067654464601304,0.0281101828515758,-0.0449888155941794,0.0277320583234846,0.0036418338949139,0.0477403651117412,-0.0022168079409453,-0.0033577456802373,-0.0069393163713018,-0.0449888155941794,0.0142576251912696,-0.009035938148299,-0.004763047975209,0.0067065374342068,-0.0297096795476022,0.0007831920590546
KM,2025,0.0242859278294618,0.0242859278294618,0.07,0.0218899633449497,0.0218899633449497,0.0237369108181602,0.0237369108181602,0.0237369108181602,0.0237369108181602,0.0237369108181602,0.0237369108181602,0.0237369108181602,0.0219359508753707,0.0219359508753707,0.007002619128663,0.067,-0.0110781673869851,0.0169359508753707,0.0169359508753707,0.0317520007536868,0.0169359508753707,0.0169359508753707,0.067,-0.0110781673869851,0.0169359508753707,0.0699999999999999,0.07,0.0199359508753707,-0.0061588737669044,0.0199359508753707
KM,2030,0.0136368064496424,0.0136368064496424,0.07,0.0183416565016599,0.0183416565016599,0.0329710203965083,0.0329710203965083,0.0329710203965083,0.0329710203965083,0.0329710203965083,0.0329710203965083,0.0329710203965083,0.0198645001987924,0.0198645001987924,0.067,0.067,-0.0019340189781762,0.0148645001987924,0.0148645001987924,0.0237731254102624,0.0148645001987924,0.0148645001987924,0.0335697141294062,-0.0019340189781762,0.0163645001987924,0.032017083475209,-0.0325299600532623,0.0220241548775221,0.0024879316944413,0.0178645001987924
KM,2035,0.0127782693641429,0.0127782693641429,0.07,0.0152629925683887,0.0152629925683887,0.0350457570345796,0.0350457570345796,0.0350457570345796,0.0350457570345796,0.0350457570345796,0.0350457570345796,0.0350457570345796,0.0187906197749621,0.0187906197749621,0.067,0.067,-0.0029752041398272,0.0137906197749621,0.0137906197749621,0.0146801109486687,0.0137906197749621,0.0137906197749621,0.0330421241835451,-0.0029752041398272,0.0152906197749621,0.0336135895827307,0.07,0.0167906197749621,0.0014554492801256,0.0167906197749621
KM,2040,0.0121800409179434,0.0121800409179434,0.07,0.0146610153660008,0.0146610153660008,0.0372113122989119,0.0372113122989119,0.0372113122989119,0.0372113122989119,0.0372113122989119,0.0372113122989119,0.0372113122989119,0.0180320203049597,0.0180320203049597,0.067,0.067,-0.0037107073618579,0.0130320203049597,0.0130320203049597,0.0145480005491241,0.0130320203049597,0.0130320203049597,0.0326694295665024,-0.0037107073618579,0.0145320203049597,0.0300295200517208,0.07,0.0160320203049597,0.0007260937625968,0.0160320203049597
KM,2045,0.0113672541719549,0.0113672541719549,0.07,0.0137770049589673,0.0137770049589673,0.0382578815775425,0.0382578815775425,0.0382578815775425,0.0382578815775425,0.0382578815775425,0.0382578815775425,0.0382578815775425,0.0170092953155258,0.0170092953155258,0.067,0.067,-0.0047022945626473,0.0120092953155258,0.0120092953155258,0.0140801338892917,0.0120092953155258,0.0120092953155258,0.0321669719279864,-0.0047022945626473,0.0135092953155258,0.0292720559236625,0.07,0.0150092953155258,-0.0002572052554684,0.0150092953155258
KM,2050,0.0105357363824097,0.0105357363824097,0.07,0.0127549864009499,0.0127549864009499,0.0391216299986612,0.0391216299986612,0.0391216299986612,0.0391216299986612,0.0391216299986612,0.0391216299986612,0.0391216299986612,0.0159611288920962,0.0159611288920962,0.067,0.067,-0.0057185486099307,0.0109611288920962,0.0109611288920962,0.0131365589275112,0.0109611288920962,0.0109611288920962,0.0316520150907825,-0.0057185486099307,0.0124611288920962,0.0285594394686076,0.07,0.0139611288920962,-0.0004994984562257,0.0139611288920962
CG,2025,0.0191424981531239,0.0191424981531239,0.0260178317803736,0.0278839701292458,0.0278839701292458,0.0237215050080043,0.0237215050080043,0.0237215050080043,0.0237215050080043,0.0237215050080043,0.0237215050080043,0.0237215050080043,0.0324696339519454,0.0264167322289072,0.024571000692477,0.0178306306217098,0.0181801316087546,0.0214167322289072,0.0214167322289072,0.0362327821072233,0.0214167322289072,0.0214167322289072,0.0178306306217098,0.0181801316087546,0.0214167322289072,0.0654262819126119,0.0149117043254763,0.0244167322289072,0.0213598931831037,0.0244167322289072
CG,2030,0.0188925474040239,0.0188925474040239,0.0637544066722466,0.0252380557323788,0.0252380557323788,0.023037111170512,0.023037111170512,0.023037111170512,0.023037111170512,0.023037111170512,0.023037111170512,0.023037111170512,0.0303874360235814,0.0255520538981546,0.0221828206842007,0.0127550961124277,0.0176810156897683,0.0205520538981546,0.0205520538981546,0.0294606791096245,0.0205520538981546,0.0205520538981546,0.016739206207439,0.0176810156897683,0.0220520538981546,-0.0684401227313863,0.0479781311258461,0.0277117085768842,0.0207895506107014,0.0235520538981546
CG,2035,0.0184727495825334,0.0184727495825335,0.0633171272168577,0.02281122840076,0.02281122840076,0.0216765925334854,0.0216765925334854,0.0216765925334854,0.0216765925334854,0.0216765925334854,0.0216765925334854,0.0216765925334854,0.0299638986263008,0.025130507934344,0.0262925891647694,0.0123367612955952,0.0172606521519655,0.020130507934344,0.020130507934344,0.0210199991080507,0.0201305079343442,0.0201305079343442,0.0163198483194492,0.0172606521519655,0.021630507934344,0.0169103698061665,0.0129932431261565,0.023130507934344,0.0203691423732102,0.023130507934344
CG,2040,0.0171481385525463,0.0171481385525463,0.0619383527742267,0.0216371153033388,0.0216371153033388,0.0215864564331158,0.0215864564331158,0.0215864564331158,0.0215864564331158,0.0215864564331158,0.0215864564331158,0.0215864564331158,0.0286284539085752,0.0238013423535385,0.0240621622914346,0.0110177206985501,0.0159352148477565,0.0188013423535385,0.0188013423535385,0.0203173225977029,0.0188013423535385,0.0188013423535385,0.0149975819034293,0.0159352148477565,0.0203013423535385,0.060032921806277,0.0108838659765685,0.0218013423535385,0.0190435641275799,0.0218013423535385
CG,2045,0.0157686835706554,0.0157686835706554,0.0605025063333941,0.0203900110175493,0.0203900110175493,0.0211415305692228,0.0211415305692228,0.0211415305692228,0.0211415305692228,0.0211415305692228,0.0211415305692228,0.0211415305692228,0.0272377307521354,0.0224171582480987,0.0227311990666585,0.0096440806831706,0.0145549133445144,0.0174171582480987,0.0174171582480987,0.0194879968218646,0.0174171582480987,0.0174171582480987,0.0136205825418432,0.0145549133445144,0.0189171582480987,0.0204539716216102,0.0104333515348257,0.0204171582480987,0.0176631158488887,0.0204171582480987
CG,2050,0.0140314543943165,0.0140314543943165,0.0586943788886955,0.0186710299766265,0.0186710299766265,0.0203999778798624,0.0203999778798624,0.0203999778798624,0.0203999778798624,0.0203999778798624,0.0203999778798624,0.0203999778798624,0.0254864259916631,0.0206740879598092,0.0211005053469199,0.0079142883179762,0.012816732325294,0.0156740879598092,0.0156740879598092,0.0178495179952243,0.0156740879598092,0.0156740879598092,0.0118865598314669,0.012816732325294,0.0171740879598092,0.0189174897846541,0.0129452465405835,0.0186740879598092,0.0166990074605643,0.0186740879598092
CK,2025,-0.0362677837910116,-0.0362677837910116,-0.0219773655519552,-0.0220233530823762,-0.0220233530823762,0.0237215050080043,0.0237215050080043,0.0237215050080043,0.0237215050080043,0.0237215050080043,0.0237215050080043,0.0237215050080043,-0.0219773655519552,-0.0219773655519552,-0.0238230970883855,-0.0118259858210796,-0.07,-0.0269773655519552,-0.0269773655519552,-0.0121613156736391,-0.0269773655519552,-0.0269773655519552,-0.0118259858210796,-0.07,-0.0269773655519552,-0.0372671442337543,-0.0212202908645183,-0.0239773655519552,-0.07,-0.0239773655519552
CK,2030,-0.0008248896321266,-0.0008248896321266,-0.0138810858664757,-0.0154039295636082,-0.0154039295636082,0.023037111170512,0.023037111170512,0.023037111170512,0.023037111170512,0.023037111170512,0.023037111170512,0.023037111170512,-0.0138810858664757,-0.0138810858664757,-0.0172503190804295,-0.0054249943268566,0.067,-0.0188810858664757,-0.0188810858664757,-0.0099724606550058,-0.0188810858664757,-0.0188810858664757,-0.0106530400966662,0.067,-0.0173810858664757,-0.0039836119381037,-0.0092463183951376,-0.0117214311877461,0.07,-0.0158810858664757
CK,2035,-0.0245250000974242,-0.0245250000974242,-0.0152517303438539,-0.0187793575504273,-0.0187793575504273,0.0216765925334854,0.0216765925334854,0.0216765925334854,0.0216765925334854,0.0216765925334854,0.0216765925334854,0.0216765925334854,-0.0152517303438539,-0.0152517303438539,-0.0140896491134285,-0.0051430792091297,-0.07,-0.0202517303438539,-0.0202517303438539,-0.0193622391701473,-0.0202517303438539,-0.0202517303438539,-0.0111974047764918,-0.07,-0.0187517303438539,-0.0037554958302169,-0.014017719625884,-0.0172517303438539,-0.07,-0.0172517303438539
CK,2040,-0.0256600948106122,-0.0256600948106122,-0.0168815042737356,-0.0202525092126946,-0.0202525092126946,0.0215864564331158,0.0215864564331158,0.0215864564331158,0.0215864564331158,0.0215864564331158,0.0215864564331158,0.0215864564331158,-0.0168815042737356,-0.0168815042737356,-0.0166206843358396,-0.0054345517687307,-0.07,-0.0218815042737356,-0.0218815042737356,-0.0203655240295713,-0.0218815042737356,-0.0218815042737356,-0.0121580280212332,-0.07,-0.0203815042737356,-0.0074445664279195,-0.0151588225831787,-0.0188815042737356,-0.07,-0.0188815042737356
CK,2045,-0.0099247932866583,-0.0099247932866583,0.002,-0.0012322903565585,-0.0012322903565585,0.0211415305692228,0.0211415305692228,0.0211415305692228,0.0211415305692228,0.0211415305692228,0.0211415305692228,0.0211415305692228,0.002,0.002,0.0023140408185598,0.0134512402800497,-0.07,-0.003,-0.003,-0.0009291614262341,-0.003,-0.003,0.0067256201400248,-0.07,-0.0015,0.0116570403020993,0.0038002367604074,0.0,-0.07,0.0
CK,2050,-0.0273333020261905,-0.0273333020261905,-0.0188516376390232,-0.0220577801301694,-0.0220577801301694,0.0203999778798624,0.0203999778798624,0.0203999778798624,0.0203999778798624,0.0203999778798624,0.0203999778798624,0.0203999778798624,-0.0188516376390232,-0.0188516376390232,-0.0184252202519125,-0.0075932616010505,-0.07,-0.0238516376390232,-0.0238516376390232,-0.0216762076036081,-0.0238516376390232,-0.0238516376390232,-0.0142224496200368,-0.07,-0.0223516376390232,-0.0093946684272736,-0.0174458300683019,-0.0208516376390232,-0.07,-0.0208516376390232
CR,2025,-0.0016056244245624,-0.0016056244245624,0.020946935653598,-0.0001718665700747,-0.0001718665700747,0.026576017953559,0.026576017953559,0.026576017953559,0.026576017953559,0.026576017953559,0.026576017953559,0.026576017953559,0.0096356772581693,0.0125597203310279,-0.0036982801160053,0.0605654427182617,-0.07,0.004617684008051,0.004617684008051,0.0550591724534806,-0.07,0.004617684008051,0.0605654427182617,-0.07,0.004617684008051,0.0661184483101511,0.0315418712109714,0.007617684008051,-0.07,0.007617684008051
CR,2030,-0.0370187460794145,-0.0370187460794145,0.0168244236470267,-0.0023701166244475,-0.0023701166244475,0.0225265815774975,0.0225265815774975,0.0225265815774975,0.0225265815774975,0.0225265815774975,0.0225265815774975,0.0225265815774975,0.0098920948016401,0.0047060541169909,-0.0073019716834999,0.0569895973438622,-0.07,0.0008979261796503,0.0008979261796503,0.0497295125209193,-0.07,0.0008979261796503,-0.0065052013280688,-0.07,0.0023979261796503,-0.0549984933739197,0.0278079461587208,0.0080575808583799,-0.0699420610338719,0.0038979261796503
CR,2035,-0.0373666984451855,-0.0373666984451855,0.0157978835230359,-0.0032856564511181,-0.0032856564511181,0.0205369343444743,0.0205369343444743,0.0205369343444743,0.0205369343444743,0.0205369343444743,0.0205369343444743,0.0205369343444743,0.0088725670371734,0.0036917722637612,-0.0081054175942994,0.0559173706341661,-0.07,-0.0001175613052793,-0.0001175613052793,0.0481023684636332,-0.07,-0.0001175613052793,-0.0070413146829169,-0.07,0.0013824386947206,0.0574873687388414,0.0244357055791385,0.0028824386947206,-0.0699437855369816,0.0028824386947206
CR,2040,-0.0377381496517456,-0.0377381496517456,0.0147020163723878,-0.0038664645729629,-0.0038664645729629,0.0197782684465077,0.0197782684465077,0.0197782684465077,0.0197782684465077,0.0197782684465077,0.0197782684465077,0.0197782684465077,0.0077841858232865,0.0026089912418836,-0.0081915344815887,0.0547727314702962,-0.07,-0.00120162938077,-0.00120162938077,0.0479515852656317,-0.07,-0.00120162938077,-0.0076136342648518,-0.07,0.0002983706192299,0.0017983706192299,0.0236827277859284,0.0017983706192299,-0.0699456265038031,0.0017983706192299
CR,2045,-0.0381630381271026,-0.0381630381271026,0.0134484968936259,-0.004554787156591,-0.004554787156591,0.0184007205598553,0.0184007205598553,0.0184007205598553,0.0184007205598553,0.0184007205598553,0.0184007205598553,0.0184007205598553,0.0065392292141581,0.0013704404728834,-0.0094315484064196,0.053463423597334,-0.07,-0.0024416523599496,-0.0024416523599496,0.0476832745194274,-0.07,-0.0024416523599496,-0.0082682882013329,-0.07,-0.0009416523599496,0.0006789855168506,0.0225665451072905,0.0005583476400503,-0.0699477323135896,0.0005583476400503
CR,2050,-0.0365904937984025,-0.0365904937984025,0.0120185879497061,-0.0055015359059488,-0.0055015359059488,0.0168906750550603,0.0168906750550603,0.0168906750550603,0.0168906750550603,0.0168906750550603,0.0168906750550603,0.0168906750550603,0.0051190880672951,-4.2393433647648984e-05,-0.0105663899746031,0.0519698759743304,-0.07,-0.0038561656392693,-0.0038561656392693,0.0467309339481789,-0.07,-0.0038561656392693,-0.0090150620128347,-0.07,-0.0023561656392693,-0.000285920600809,0.0204592955266547,-0.0008561656392694,-0.0694204262212795,-0.0008561656392694
HR,2025,-0.0172252694963377,-0.0172252694963377,0.0085742022344468,0.0097723349979825,0.0097723349979825,-0.0001032624323968,-0.0001032624323968,-0.0001032624323968,-0.0001032624323968,-0.0001032624323968,-0.0001032624323968,-0.0001032624323968,0.0089896272518039,0.0072919466873999,0.0020355951085255,-0.0386484231416975,-0.0213137754107847,0.0082863900634689,-0.0123022871591825,-0.0519027666425885,0.067,0.0150024793827147,-0.0386484231416975,-0.0213137754107847,0.0082863900634689,-0.0063175934670068,-0.0113286907510209,0.0196421678087534,-0.0166473745304866,0.0115778484760333
HR,2030,-0.0133867531738461,-0.0133867531738462,0.0087916564260341,0.0221837091358124,0.0221837091358124,0.0015380409351224,0.0015380409351224,0.0015380409351224,0.0015380409351224,0.0015380409351224,0.0015380409351224,0.0015380409351224,0.0099752145484695,0.0104982175000214,0.0035043242378624,-0.0283573897336355,-0.0146691070663005,-0.000934180744735,-0.0094541833527764,-0.0245667665614616,0.067,0.0363263885562418,-0.0200994493979633,-0.0146691070663005,-0.0231169666522336,0.0171342439131948,0.0069398497686311,0.0173881280755178,-0.0118960054172564,-0.0288144037070623
HR,2035,-0.0153587714820676,-0.0153587714820676,0.0087961958176048,0.0138958692222431,0.0138958692222431,0.0028464740312368,0.0028464740312368,0.0028464740312368,0.0028464740312368,0.0028464740312368,0.0028464740312368,0.0028464740312368,0.009979759276431,0.0105027645860826,0.0039060074507854,-0.0398955353579394,-0.0146646509100582,-0.0009296626608751,-0.0094497036836449,-0.0577273570268806,0.067,0.0363310746394224,-0.0258662945206546,-0.0146646509100582,-0.0351966343915718,-0.0006192908796421,-0.0101856513195124,0.0150638054162091,-0.0119134605081223,0.0056499995506744
HR,2040,-0.0153077249174065,-0.0153077249174065,0.0085783866136721,0.0138507448037882,0.0138507448037882,0.0032827685826677,0.0032827685826677,0.0032827685826677,0.0032827685826677,0.0032827685826677,0.0032827685826677,0.0032827685826677,0.0097616940216551,0.0102845861849019,0.0046242081704976,-0.038804830024206,-0.014878466314306,-0.0011464494776779,-0.0096646472839552,-0.0574649416813716,0.067,0.0361062268748696,-0.0254278309071966,-0.014878466314306,-0.0355732247388389,-0.0066646472839552,-0.0103412511038291,0.0148442076065263,-0.0121296895923898,0.0055039234088547
HR,2045,-0.0157424811129106,-0.0157424811129106,0.0080477344680083,0.0136384389639267,0.0136384389639267,0.0026576260676307,0.0026576260676307,0.0026576260676307,0.0026576260676307,0.0026576260676307,0.0026576260676307,0.0026576260676307,0.0092304180551112,0.0097530345579106,0.0039336252970844,-0.0390275519884052,-0.0153993883001147,-0.0016746107647626,-0.0101883179123857,-0.0572350887676144,0.067,0.0355584265682101,-0.0257996074480294,-0.0153993883001147,-0.0358373053823813,-0.0070578553571802,-0.0108368330468085,0.0143091978512577,-0.0127861573473024,0.005148035702149
HR,2050,-0.0162683471538812,-0.0162683471538812,0.007466669957278,0.0132408756892595,0.0132408756892595,0.0023530760012342,0.0023530760012342,0.0023530760012342,0.0023530760012342,0.0023530760012342,0.0023530760012342,0.0023530760012342,0.0086486704600339,0.0091709851144299,0.0035460294863964,-0.0394900320794065,-0.0159697982782631,-0.0022529477834184,-0.010761737656335,-0.0576437525108966,0.067,0.0349585848079007,-0.0263160027321515,-0.0159697982782631,-0.0361264738917092,-0.0071520555426483,-0.0114875466937148,0.0137233617546334,-0.0125288047661124,0.0047341967928484
CU,2025,-0.0027290142659338,-0.0027290142659338,0.001290486802306,0.0146461462947963,0.0146461462947963,0.0136541555617359,0.0136541555617359,0.0136541555617359,0.0136541555617359,0.0136541555617359,0.0136541555617359,0.0136541555617359,0.0472313602780043,-0.0220251245828874,-0.07,0.0471334817159084,-0.049657726539606,-0.005662797974104,-0.030036116129576,0.022678820849389,-0.005662797974104,-0.005662797974104,0.0471334817159084,-0.049657726539606,-0.005662797974104,-0.0421093934844994,0.0124742141594578,-0.07,-0.047268682457168,-0.002662797974104
CU,2030,0.029649570126971,0.029649570126971,0.0085519327488559,0.0197979992575078,0.0197979992575078,0.011389345983974,0.011389345983974,0.011389345983974,0.011389345983974,0.011389345983974,0.011389345983974,0.011389345983974,0.0409894841571349,-0.0166850959237904,-0.07,0.0451862644742698,-0.07,-0.0072888437124434,-0.026587555654974,0.0527802002977834,-0.0072888437124434,-0.0072888437124434,-0.012406867762865,-0.07,0.0313555781437782,-0.0462794617755245,-0.0159174320367068,0.0161114475397923,-0.0581752267357173,-0.0042888437124434
CU,2035,0.0364005376060993,0.0364005376060993,0.0078230694705572,0.0136636213303109,0.0136636213303109,0.0104742505353643,0.0104742505353643,0.0104742505353643,0.0104742505353643,0.0104742505353643,0.0104742505353643,0.0104742505353643,0.0402371322347929,-0.0173956845926483,-0.07,0.0444272529894814,-0.0280141703732692,-0.0080098569796163,-0.0272945943600845,0.0304370670456835,-0.0080098569796163,-0.0080098569796163,0.0189353035482232,-0.0280141703732692,0.0309950715101918,-0.014067811893421,-0.0181638360027402,-0.07,-0.0176088710421071,-0.0050098569796163
CU,2040,0.0291248217997693,0.0291248217997693,0.0070014054936631,0.0130352847902019,0.0130352847902019,0.0121206642798572,0.0121206642798572,0.0121206642798572,0.0121206642798572,0.0121206642798572,0.0121206642798572,0.0121206642798572,0.0393889889808505,-0.0181967471910446,-0.07,0.0435716022609177,-0.07,-0.0088226714623014,-0.0280916550044552,0.0303974931045602,-0.0088226714623014,-0.0088226714623015,-0.0132141988695411,-0.07,0.0305886642688492,0.0201731564802354,-0.0178256667502849,-0.07,-0.0586387614161629,-0.0058226714623015
CU,2045,0.0323867630578188,0.0323867630578188,0.0058853807712513,0.0120617211588405,0.0120617211588405,0.0141668362502831,0.0141668362502831,0.0141668362502831,0.0141668362502831,0.0141668362502831,0.0141668362502831,0.0141668362502831,0.0382369987924469,-0.0192847901004944,-0.07,0.0424094150485291,-0.0481621603383816,-0.0099266763632344,-0.029174262261672,0.0298632385693841,-0.0099266763632344,-0.0099266763632344,-0.0003226713168491,-0.0481621603383816,0.0300366618183827,0.0136915834944757,-0.0183148107577416,-0.07,-0.0432330258314837,-0.0069266763632344
CU,2050,0.0309156447329929,0.0309156447329929,0.0047418579179878,0.0109475196370333,0.0109475196370333,0.0130195836816011,0.0130195836816011,0.0130195836816011,0.0130195836816011,0.0130195836816011,0.0130195836816011,0.0130195836816011,0.0370566243072583,-0.0203996416869343,-0.07,0.0412185922912474,-0.054666840658936,-0.0110578832343539,-0.0302835442649067,0.0288492207095831,-0.0110578832343539,-0.0110578832343539,-0.0014631094360285,-0.054666840658936,0.029471058382823,-0.0096760973034292,-0.0210281951189062,-0.07,-0.0437412651045373,-0.0080578832343539
CW,2025,-0.0222171292318875,-0.0222171292318875,0.0068175665066008,0.0155333213270344,0.0155333213270344,0.0237215050080043,0.0237215050080043,0.0237215050080043,0.0237215050080043,0.0237215050080043,0.0237215050080043,0.0237215050080043,0.0095124298463347,0.0176016018611622,0.015755870324732,-0.009252989556825,-0.07,0.0126016018611624,0.0126016018611624,0.0274176517394785,0.0126016018611622,0.0126016018611624,-0.009252989556825,-0.07,0.0126016018611624,0.0001328136961229,-0.0077324598005452,0.0156016018611623,-0.07,0.0156016018611624
CW,2030,-0.0156798850723047,-0.0156798850723047,-0.0108605058439491,-0.0039831880713504,-0.0039831880713504,0.023037111170512,0.023037111170512,0.023037111170512,0.023037111170512,0.023037111170512,0.023037111170512,0.023037111170512,-0.0126086113643959,0.0009224112891746,-0.0024468219247791,-0.0164421894478322,-0.07,-0.0040775887108253,-0.0040775887108253,0.0048310365006446,-0.0040775887108253,-0.0040775887108253,-0.0432210947239161,-0.07,-0.0025775887108253,-0.0091810132329799,-0.0251818557574887,0.0030820659679043,-0.07,-0.0010775887108253
CW,2035,-0.016550611727755,-0.016550611727755,-0.0119415860628112,-0.0070782513590408,-0.0070782513590408,0.0216765925334854,0.0216765925334854,0.0216765925334854,0.0216765925334854,0.0216765925334854,0.0216765925334854,0.0216765925334854,-0.0136877771199934,-0.0001715731632921,0.0009905080671331,-0.017522632627409,-0.07,-0.0051715731632921,-0.0051715731632921,-0.0042820819895856,-0.0051715731632921,-0.0051715731632921,-0.0437613163137045,-0.07,-0.0036715731632921,-0.000730602732583,-0.021577638214658,-0.0021715731632921,-0.07,-0.0021715731632921
CW,2040,-0.0135308992209757,-0.0135308992209757,-0.0119651425865201,-0.0069453860717111,-0.0069453860717111,0.0215864564331158,0.0215864564331158,0.0215864564331158,0.0215864564331158,0.0215864564331158,0.0215864564331158,0.0215864564331158,-0.0137112919279271,-0.0001954108676939,6.540907020215724e-05,-0.0175461752701582,-0.051850568027963,-0.0051954108676939,-0.0051954108676939,-0.0036794306235295,-0.0051954108676939,-0.0051954108676939,-0.0437730876350791,-0.051850568027963,-0.0036954108676939,-0.0007472873142949,-0.0203412725296554,-0.0021954108676939,-0.048850568027963,-0.0021954108676939
CW,2045,-0.0146507727882303,-0.0146507727882303,-0.0130933802001135,-0.007944509952821,-0.007944509952821,0.0211415305692228,0.0211415305692228,0.0211415305692228,0.0211415305692228,0.0211415305692228,0.0211415305692228,0.0211415305692228,-0.014837531568172,-0.0013371156056259,-0.0010230747870661,-0.0186737480564146,-0.0528787504131506,-0.0063371156056259,-0.0063371156056259,-0.0042662770318601,-0.0063371156056259,-0.0063371156056259,-0.0443368740282073,-0.0528787504131506,-0.0048371156056259,-0.0036471115700445,-0.0209212538793791,-0.0033371156056259,-0.0498787504131506,-0.0033371156056259
CW,2050,-0.0158263713644083,-0.0158263713644083,-0.0142774652357601,-0.0091125232121513,-0.0091125232121513,0.0203999778798624,0.0203999778798624,0.0203999778798624,0.0203999778798624,0.0203999778798624,0.0203999778798624,0.0203999778798624,-0.016019519731391,-0.0025353343842097,-0.0021089169970991,-0.0198571353559713,-0.0539578275167212,-0.0075353343842098,-0.0075353343842097,-0.0053599043487948,-0.0075353343842097,-0.0075353343842098,-0.0449285676779856,-0.0539578275167212,-0.0060353343842097,-0.0038674007286719,-0.0244805238934206,-0.0045353343842097,-0.0509101317782319,-0.0045353343842097
CY,2025,0.018519763486622,0.018519763486622,0.0277182377548494,0.0199221492698103,0.0199221492698103,0.0096781336270939,0.0096781336270939,0.0096781336270939,0.0096781336270939,0.0096781336270939,0.0096781336270939,0.0096781336270939,0.0138925521674213,0.037291449480203,0.0077013841075815,-0.0013803105725504,0.0473953870844554,0.009544213947961,0.067,0.0216515147550143,0.0346003162088447,0.009544213947961,-0.0013803105725504,0.0473953870844554,0.009544213947961,0.0286522267444776,0.0109150848716431,0.012544213947961,0.0474583564802648,0.0119268298116127
CY,2030,0.0337019083018617,0.0337019083018617,0.0224340451465212,0.0191002034055599,0.0191002034055599,0.0120675122781221,0.0120675122781221,0.0120675122781221,0.0120675122781221,0.0120675122781221,0.0120675122781221,0.0120675122781221,0.0115792923463071,0.026057653525545,0.0059224931573785,-0.0013495786885708,0.0640567762704478,0.0046476952685158,-0.07,-0.0040958238792216,0.0642696498866383,0.0046476952685158,0.0343252106557145,0.0640567762704478,-0.0104100513828556,-0.0678629227736852,0.0214775062077571,0.0118073499472455,0.0492582776248051,0.0075674686714291
CY,2035,0.0372277860550794,0.0372277860550795,0.0200597151366657,0.0138916109734552,0.0138916109734552,0.0130916410483195,0.0130916410483195,0.0130916410483195,0.0130916410483195,0.0130916410483195,0.0130916410483195,0.0130916410483195,0.0092302190058519,0.0236748921602685,0.0041580683403532,-0.0015541791846784,0.0637702107071065,0.0023031163379939,0.067,-0.0177532349726833,0.0617863435226585,0.0023031163379939,0.0342229104076607,0.0637702107071065,-0.0127161040068936,-0.0661505918779109,0.0057764591105814,0.0053031163379939,0.0637730155181711,0.0052230764109009
CY,2040,0.040052170038676,0.040052170038676,0.018417605783247,0.0124587910798106,0.0124587910798106,0.0140576086691677,0.0140576086691677,0.0140576086691677,0.0140576086691677,0.0140576086691677,0.0140576086691677,0.0140576086691677,0.007605577406657,0.0220269516007658,0.0036321046163106,-0.0014490052980584,0.0635720192215181,0.0006815831157133,0.067,-0.0185208612831229,0.060068865079995,0.0006815831157133,0.0342754973509707,0.0635720192215181,-0.0143109920669738,-0.0053232255209759,0.0045687720533127,0.0036815831157133,0.0635506382468161,0.0036016722913741
CY,2045,0.0414891859773514,0.0414891859773514,0.0168651053593025,0.0110897054354226,0.0110897054354226,0.0138886471756136,0.0138886471756136,0.0138886471756136,0.0138886471756136,0.0138886471756136,0.0138886471756136,0.0138886471756136,0.0060695915319912,0.0204689381761806,0.0020631123118252,-0.0029416665040788,0.0633846429272673,-0.0008514640043152,0.067,-0.0193044141991066,0.0584451084131211,-0.0008514640043152,0.0335291667479606,0.0633846429272673,-0.015818848035435,0.0033186714085023,0.0032946067809629,0.0021485359956847,0.0633403959707244,0.0020687472290392
CY,2050,0.0424609075592061,0.0424609075592061,0.0159024338308406,0.0101633426584129,0.0101633426584129,0.0131505527707163,0.0131505527707163,0.0131505527707163,0.0131505527707163,0.0131505527707163,0.0131505527707163,0.0131505527707163,0.0051171603140314,0.0195028481567016,0.0013645273552328,-0.0041140970182637,0.0632684549888926,-0.0018020729648543,0.067,-0.0200999691637515,0.0574382524482263,-0.0018020729648543,0.0329429514908681,0.0632684549888926,-0.0167538365143246,0.0026669785384881,0.002031107973711,0.0011979270351457,0.0632100293375493,0.0011182139538041
CZ,2025,0.0014288780458269,0.0014288780458269,0.0284801491020241,-0.0171503520369631,-0.0171503520369631,0.0237215050080043,0.0237215050080043,0.0237215050080043,0.0237215050080043,0.0237215050080043,0.0237215050080043,0.0237215050080043,0.0085702889234393,0.0298939268736251,-0.002214559717205,0.0006255848392081,0.029603543044841,-0.0259424937465684,0.0145005819228557,-0.0085144296313722,-0.0401867537364758,-0.0284705137034438,0.0006255848392081,0.029603543044841,-0.0259424937465684,0.0297123136258515,0.0022706704910186,-0.0166483757090566,0.0304120187742046,-0.018653669826519
CZ,2030,0.0079643315625883,0.0079643315625883,0.0131479149549755,-0.0075931607638282,-0.0075931607638282,0.023037111170512,0.023037111170512,0.023037111170512,0.023037111170512,0.023037111170512,0.023037111170512,0.023037111170512,0.0001589515726471,0.0341081520912507,-0.0108639419869151,0.0074512103384231,0.0182934085393263,-0.0409673974644246,-0.0011856240680129,0.0216593764958439,-0.0189302194092271,-0.033260751714577,0.0143723094388747,0.0182934085393263,-0.0227513659243172,-0.0194771365377637,0.0184403560400452,-0.0236268087110808,0.0195262918460446,-0.0322732983411393
CZ,2035,0.0094926224653867,0.0094926224653867,0.0146614128400239,-0.0087527307777325,-0.0087527307777325,0.0216765925334854,0.0216765925334854,0.0216765925334854,0.0216765925334854,0.0216765925334854,0.0216765925334854,0.0216765925334854,0.0016530074271899,0.0356530235014844,-0.0088982212401452,0.0089636653879495,0.0198220923164244,-0.0395274159466364,0.0003139032679572,0.0126025566508836,-0.0174572523886398,-0.031809234800364,0.0158928788521869,0.0198220923164244,-0.0212863636573308,0.0444978752605973,-0.0006232794047929,-0.0251950522733684,0.0210307085014515,-0.0308247938299761
CZ,2040,0.0094201955700686,0.0094201955700686,0.0145735719139379,-0.0086537971619928,-0.0086537971619928,0.0215864564331158,0.0215864564331158,0.0215864564331158,0.0215864564331158,0.0215864564331158,0.0215864564331158,0.0215864564331158,0.0015662948845536,0.0355633617076363,-0.0080782268654327,0.0088758849863207,0.0197333700261591,-0.0396109901037721,0.0002268731695446,0.0132547358904612,-0.017542740970065,-0.0318934784529213,0.0158046275062398,0.0197333700261591,-0.0213713899775666,0.0435534394653524,-0.0006213169307734,-0.0252796094296657,0.0209433946349865,-0.0309088626476186
CZ,2045,0.0097279108260329,0.0097279108260329,0.0148683006329104,-0.0082037674527317,-0.0082037674527317,0.0211415305692228,0.0211415305692228,0.0211415305692228,0.0211415305692228,0.0211415305692228,0.0211415305692228,0.0211415305692228,0.001857237589154,0.0358641999025313,-0.0080009857241303,0.0091704106302971,0.020031055946826,-0.0393305774832626,0.0005188813547961,0.0141944170719878,-0.0172559049676131,-0.0316108195044555,0.0161007332885615,0.020031055946826,-0.0210861049793474,-0.0026164266547195,-0.0003106335815501,-0.0249958985961642,0.0212363549344553,-0.0306267903148994
CZ,2050,0.0097804789747267,0.0097804789747267,0.0149090621200045,-0.0081335083584114,-0.0081335083584114,0.0203999778798624,0.0203999778798624,0.0203999778798624,0.0203999778798624,0.0203999778798624,0.0203999778798624,0.0203999778798624,0.0018974754639698,0.0359058063406192,-0.0077953154560942,0.0092111440317709,0.0200722264199843,-0.0392917959371283,0.0005592665874126,0.0143564534464426,-0.0172162350567445,-0.0315717272873138,0.0161416852258776,0.0200722264199843,-0.0210466495750231,-0.0018115137614375,-0.0004328393399844,-0.0249566609015189,0.0221077126112967,-0.0305877792277213
CI,2025,0.0395938110491806,0.0395938110491806,0.07,0.0053566229450586,0.0053566229450586,0.0237215050080043,0.0237215050080043,0.0237215050080043,0.0237215050080043,0.0237215050080043,0.0237215050080043,0.0237215050080043,-0.0431697696946784,-0.068,-0.0228717100252042,0.067,0.027807703594658,0.0239737295528837,0.0239737295528837,-0.0188334203891918,0.0594559523112209,0.0239737295528837,0.067,0.027807703594658,0.0239737295528837,0.0698263353487362,0.0223220344090931,0.0391117269426775,0.0323664881452451,0.0269737295528837
CI,2030,0.0121153924353971,0.0121153924353971,0.07,0.0081663970841727,0.0081663970841727,0.023037111170512,0.023037111170512,0.023037111170512,0.023037111170512,0.023037111170512,0.023037111170512,0.023037111170512,0.0129706918401961,-0.068,-0.0015483618831105,0.067,-0.0058040851466315,0.02042976179147,0.02042976179147,0.0058730039293505,-0.0066078692243258,0.02042976179147,0.0317248446713757,-0.0058040851466315,0.02192976179147,-0.0693722568747231,0.0315018043973935,0.0347817936859683,-0.0027120181442787,0.02342976179147
CI,2035,0.0114852899199687,0.0114852899199687,0.07,0.0023291782043153,0.0023291782043153,0.0216765925334854,0.0216765925334854,0.0216765925334854,0.0216765925334854,0.0216765925334854,0.0216765925334854,0.0216765925334854,0.0121597780505671,-0.068,-0.0019757203515892,0.067,-0.0066039499941915,0.0196088544068623,0.0196088544068623,-0.0150448302947789,-0.007407089345389,0.0196088544068623,0.0313252115265767,-0.0066039499941915,0.0211088544068623,0.0261004014330186,0.0270926926869206,0.025639144354564,-0.0035119568400743,0.0226088544068623
CI,2040,0.0110826823981173,0.0110826823981173,0.07,0.0020132866571231,0.0020132866571231,0.0215864564331158,0.0215864564331158,0.0215864564331158,0.0215864564331158,0.0215864564331158,0.0215864564331158,0.0215864564331158,0.0116177216689319,-0.068,-0.001482894792707,0.067,-0.0071386206960718,0.0190601177936135,0.0190601177936135,-0.014683363755052,-0.0079413290790006,0.0190601177936135,0.0310580762290621,-0.0071386206960718,0.0205601177936133,0.0218851416660319,0.0270119233978203,0.0250887816737956,-0.0040466769059042,0.0220601177936134
CI,2045,0.0102685992108594,0.0102685992108594,0.07,0.0011609499492939,0.0011609499492939,0.0211415305692228,0.0211415305692228,0.0211415305692228,0.0211415305692228,0.0211415305692228,0.0211415305692228,0.0211415305692228,0.0105704179077168,-0.068,-0.002734958134522,0.067,-0.0081716546314013,0.0179999071984745,0.0179999071984745,-0.014952994965795,-0.0089735303432204,0.0179999071984745,0.0305419457833758,-0.0081716546314013,0.0194999071984745,0.0209892047594206,0.0267943268085734,0.0240254293637236,-0.005079806217013,0.0209999071984745
CI,2050,0.0089075839470812,0.0089075839470812,0.07,-0.0004695765212736,-0.0004695765212736,0.0203999778798624,0.0203999778798624,0.0203999778798624,0.0203999778798624,0.0203999778798624,0.0203999778798624,0.0203999778798624,0.0088531570979097,-0.068,-0.0042650064462247,0.067,-0.0098655172508609,0.0162614830921182,0.0162614830921182,-0.0163269186407425,-0.01066602763438,0.0162614830921182,0.0296956482525651,-0.0098655172508609,0.0177614830921182,0.0198289767851011,0.026332441403945,0.0222818537968927,-0.0060050570791519,0.0192614830921182
CD,2025,0.0346448225277132,0.0346448225277132,0.07,0.013059332699805,0.013059332699805,0.0237215050080043,0.0237215050080043,0.0237215050080043,0.0237215050080043,0.0237215050080043,0.0237215050080043,0.0237215050080043,-0.0552290414882045,0.0358834408030361,0.0340377092666059,0.0460348205339118,0.0270162062461918,0.0308834408030361,0.0331427269476768,0.0456994906813522,0.0308834408030361,0.0308834408030361,0.0460348205339118,0.0270162062461918,0.0308834408030361,-0.0496875255888925,-0.0434696625407762,0.0338834408030361,0.0280165918585979,0.0338834408030361
CD,2030,0.0372371384752676,0.0372371384752676,0.07,0.0065160045065228,0.0065160045065228,0.023037111170512,0.023037111170512,0.023037111170512,0.023037111170512,0.023037111170512,0.023037111170512,0.023037111170512,-0.068,0.0333851309382071,0.0300158977242533,0.0418412224778262,0.0387834450159152,0.0283851309382071,0.0243514622872106,0.037293756149677,0.0283851309382071,0.0283851309382071,0.0400391031152131,0.0387834450159152,0.0298851309382071,0.0318101781130862,-0.0584336205125281,0.0355447856169367,0.0392929455071236,0.0313851309382071
CD,2035,0.035169612498774,0.035169612498774,0.07,0.002727209793748,0.002727209793748,0.0216765925334854,0.0216765925334854,0.0216765925334854,0.0216765925334854,0.0216765925334854,0.0216765925334854,0.0216765925334854,-0.068,0.0310064493337618,0.0321685305641872,0.041115100468486,0.0366563142208615,0.0260064493337618,0.0219820835252543,0.0268959405074684,0.0260064493337618,0.0260064493337618,0.0384788001006352,0.0366563142208615,0.0275064493337618,0.0323083794238427,-0.0522186481241527,0.0290064493337618,0.0372068868217893,0.0290064493337618
CD,2040,0.0329728264710019,0.0329728264710019,0.07,0.0010413624939613,0.0010413624939613,0.0215864564331158,0.0215864564331158,0.0215864564331158,0.0215864564331158,0.0215864564331158,0.0215864564331158,0.0215864564331158,-0.068,0.0285498232438936,0.0288106431817899,0.0399967757488986,0.0344594817410853,0.0235498232438936,0.019535065112818,0.025065803488058,0.0235498232438938,0.0235498232438936,0.0366831645819583,0.0344594817410853,0.0250498232438936,0.0265498232438937,-0.0505398060884207,0.0265498232438937,0.0350524722999754,0.0265498232438938
CD,2045,0.0311816098115971,0.0311816098115971,0.07,-0.0001845662762721,-0.0001845662762721,0.0211415305692228,0.0211415305692228,0.0211415305692228,0.0211415305692228,0.0211415305692228,0.0211415305692228,0.0211415305692228,-0.068,0.0267302987737152,0.027044339592275,0.0381815390537649,0.0328323759839979,0.0217302987737152,0.0177226566641862,0.023801137347481,0.0217302987737152,0.0217302987737152,0.0348597401300006,0.0328323759839979,0.0232302987737152,0.0250420511273577,-0.049840957836332,0.0247302987737152,0.0334567838240141,0.0247302987737152
CD,2050,0.029535222277705,0.029535222277705,0.07,-0.0013878164677696,-0.0013878164677696,0.0203999778798624,0.0203999778798624,0.0203999778798624,0.0203999778798624,0.0203999778798624,0.0203999778798624,0.0203999778798624,-0.068,0.0250911013645021,0.0255175187516127,0.0363494774024747,0.0313665273047154,0.0200911013645021,0.0160898700311268,0.0222665313999171,0.0200911013645021,0.0200911013645021,0.0331186657183731,0.0313665273047154,0.021591101364502,0.0244284957883317,0.0400503828278318,0.023091101364502,0.0327545943414803,0.023091101364502
DK,2025,-0.035676939945012,-0.035676939945012,0.0118706962300663,-0.011996459887529,-0.011996459887529,0.0114982087138888,0.0114982087138888,0.0114982087138888,0.0114982087138888,0.0114982087138888,0.0114982087138888,0.0114982087138888,-0.0007999349286733,0.0081409080693306,-0.0193482266011273,-0.0247985274228083,-0.0475583226986988,-0.0346739697135289,0.0003669350835148,-0.0479456700713954,-0.0209212613288197,0.0216810267787722,-0.0247985274228083,-0.0475583226986988,-0.0346739697135289,0.07,-0.0060540189302626,-0.0165860486395999,-0.0367631706465526,0.0043336235651005
DK,2030,0.0350400892546694,0.0350400892546694,0.0057401523333486,0.0107986253563983,0.0107986253563983,0.0112759018538755,0.0112759018538755,0.0112759018538755,0.0112759018538755,0.0112759018538755,0.0112759018538755,0.0112759018538755,-0.0044559053125323,0.0016606733274203,-0.019678384998389,0.0612050290616955,-0.0211704361662555,-0.0397940573674234,-0.0015384723328929,0.0480398686044771,0.0044133646532636,-0.0048028265196151,0.0215172964477199,-0.0211704361662555,0.0151029713162882,0.07,0.0054261840966716,-0.0208002787738928,-0.0149816862502176,-0.0025088716199675
DK,2035,0.0345106735483721,0.0345106735483721,0.0041971489680541,0.0087176631438631,0.0087176631438631,0.0126479250172071,0.0126479250172071,0.0126479250172071,0.0126479250172071,0.0126479250172071,0.0126479250172071,0.0126479250172071,-0.0059832347494463,0.0001239411567373,-0.0208505312900401,0.0610185480510589,-0.0226797573960774,-0.0412747493647485,-0.0030779728737563,0.044326481616128,0.002864714628365,-0.0063373089195942,0.0206693953274907,-0.0226797573960774,0.0143626253176257,0.07,-0.01926427965392,-0.0255466457715582,-0.0164959093979711,-0.0040422686494316
DK,2040,-0.0456970810241304,-0.0456970810241304,0.0034387043744457,-0.0171524449502289,-0.0171524449502289,0.015008511275484,0.015008511275484,0.015008511275484,0.015008511275484,0.015008511275484,0.015008511275484,0.015008511275484,-0.006733975013623,-0.0006314209072049,-0.0206318854436819,0.0012417253606695,-0.0234216459444268,-0.0420025655610251,-0.0038346956964911,-0.056887734138965,0.0021034944877001,-0.0070915651360279,-0.0095899602918786,-0.0234216459444268,-0.0560012827805125,0.07,-0.0184497912801003,-0.0262840943653796,-0.0172402074246388,-0.0047959913651502
DK,2045,-0.0516582982364302,-0.0516582982364302,0.0029156347765297,-0.0174019736755267,-0.0174019736755267,0.017095127316731,0.017095127316731,0.017095127316731,0.017095127316731,0.017095127316731,0.017095127316731,0.017095127316731,-0.0072517312365975,-0.0011523646048682,-0.02134746935746,-0.0335119799834917,-0.0239332974849003,-0.0425045119501893,-0.0043565778563184,-0.0563229279950726,0.0015785107034415,-0.0076117461738784,-0.027222638734196,-0.0239332974849003,-0.0562522559750946,-0.0698530956452649,-0.0212294792785535,-0.0267926838427183,-0.0177535206881515,-0.0053158044684054
DK,2050,0.0339589652299595,0.0339589652299595,0.0025891728883005,0.0083185202152154,0.0083185202152154,0.0181286374866795,0.0181286374866795,0.0181286374866795,0.0181286374866795,0.0181286374866795,0.0181286374866795,0.0181286374866795,-0.007574876903767,-0.0014774996612315,-0.0211126516366553,0.0608242147066371,-0.0242526330545528,-0.0428177902723273,-0.0046822986323092,0.0475345088785218,0.0012508541197254,-0.0079364052336182,0.0197857908260421,-0.0242526330545528,0.0135911048638363,-0.0693243191372291,-0.0163929620694785,-0.0271101082959213,-0.0173125560613535,-0.0056402338902093
DJ,2025,0.000627230649866,0.000627230649866,0.060543332716493,0.0076746928087619,0.0076746928087619,0.0580813981604146,0.0580813981604146,0.0580813981604146,0.0580813981604146,0.0580813981604146,0.0580813981604146,0.0580813981604146,0.0604684668615276,0.0175542354741113,0.0057501939919285,-0.0209971503041891,0.0103246067796758,0.0125542354741113,0.0125542354741113,-0.0548781665747027,0.0125542354741113,0.0125542354741113,-0.0209971503041891,0.0103246067796758,0.0125542354741113,-0.0397403740979814,-0.0297205922390172,0.0155542354741113,0.0133246067796757,0.0155542354741113
DJ,2030,0.0005922851563749,0.0005922851563749,0.0594410378209815,0.002919788438626,0.002919788438626,0.0573925851683825,0.0573925851683825,0.0573925851683825,0.0573925851683825,0.0573925851683825,0.0573925851683825,0.0573925851683825,0.058988259350398,0.014916049680103,-0.0477956264071643,-0.0205101234497559,-0.0001902515824211,0.009916049680103,0.009916049680103,-0.0671412049561001,0.009916049680103,0.009916049680103,-0.0085759677173737,-0.0001902515824211,0.011416049680103,0.0137671698486216,-0.0177396489903761,0.0170757043588326,0.0028097484175788,0.012916049680103
DJ,2035,-0.0009062837869266,-0.0009062837869266,0.0578289795862538,0.0010301575141315,0.0010301575141315,0.053876308427621,0.053876308427621,0.053876308427621,0.053876308427621,0.053876308427621,0.053876308427621,0.053876308427621,0.0573768913718983,0.0133718693423139,-0.07,-0.0220079193923962,-0.0017190249655054,0.0083718693423139,0.0083718693423139,-0.07,0.0083718693423139,0.0083718693423139,-0.0100896704255632,-0.0017190249655054,0.0098718693423139,0.0154524659971877,-0.0052597013735645,0.0113718693423139,0.0012809750344945,0.0113718693423139
DJ,2040,-0.0017673302510167,-0.0017673302510167,0.0568886899980467,0.0003990471175325,0.0003990471175325,0.0498753032354766,0.0498753032354766,0.0498753032354766,0.0498753032354766,0.0498753032354766,0.0498753032354766,0.0498753032354766,0.0564370043998809,0.0124711719216759,-0.07,-0.0228815614853328,-0.0026107357386494,0.0074711719216759,0.0074711719216759,-0.0697831597731027,0.0074711719216759,0.0074711719216759,-0.0109725906982243,-0.0026107357386494,0.0089711719216759,0.0104711719216759,-0.005511344257231,0.0104711719216759,0.0003892642613505,0.0104711719216759
DJ,2045,-0.0025238822773829,-0.0025238822773829,0.0560576786796633,-0.0001460145325002,-0.0001460145325002,0.0455210033781474,0.0455210033781474,0.0455210033781474,0.0455210033781474,0.0455210033781474,0.0455210033781474,0.0455210033781474,0.0556063489065699,0.0116751514611961,-0.07,-0.0236536709253946,-0.0033988139589137,0.0066751514611961,0.0066751514611961,-0.0695407099589631,0.0066751514611961,0.0066751514611961,-0.0117529000295342,-0.0033988139589137,0.0081751514611961,0.0096751514611961,-0.0057337417900126,0.0096751514611961,-0.0003988139589137,0.0096751514611961
DJ,2050,-0.0044978214167353,-0.0044978214167353,0.0539412021893022,-0.000737445824112,-0.000737445824112,0.0414570954999637,0.0414570954999637,0.0414570954999637,0.0414570954999637,0.0414570954999637,0.0414570954999637,0.0414570954999637,0.0534907786558516,0.0096477920821096,-0.07,-0.0256201320814901,-0.0054059454971451,0.0046477920821096,0.0046477920821096,-0.0657361461165192,0.0046477920821096,0.0046477920821096,-0.0137402452297651,-0.0054059454971451,0.0061477920821096,0.0077337866620558,-0.0063001590447886,0.0076477920821096,-0.0018990054612762,0.0076477920821096
DM,2025,-0.0042112377430397,-0.0042112377430397,-0.0016880327201024,0.0034316582466145,0.0034316582466145,0.0237215050080043,0.0237215050080043,0.0237215050080043,0.0237215050080043,0.0237215050080043,0.0237215050080043,0.0237215050080043,-0.0150268249218752,0.0439177530181467,-0.0192451339180494,0.0033567582612884,-0.0075301059452796,-0.008460365545128,-0.008460365545128,0.0456741889985895,-0.008460365545128,-0.008460365545128,0.0033567582612884,-0.0075301059452796,-0.008460365545128,0.0590171948757354,0.0090888640722977,-0.005460365545128,-0.0045301059452796,-0.005460365545128
DM,2030,-0.0059849668827793,-0.0059849668827793,0.0016858598269638,-0.0168792826987784,-0.0168792826987784,0.023037111170512,0.023037111170512,0.023037111170512,0.023037111170512,0.023037111170512,0.023037111170512,0.023037111170512,-0.0157388616183999,0.0320810242669189,-0.01744053249929,0.0029562359212317,-0.0088476079067686,-0.0091354326241468,-0.0091354326241468,-0.0335074039284199,-0.0091354326241468,-0.0091354326241468,-0.0020554354711274,-0.0088476079067686,-0.0076354326241468,-0.0055859040426515,0.0101127863963066,-0.0019757779454172,-0.0058476079067686,-0.0061354326241468
DM,2035,0.0001608767916363,0.0001608767916363,0.0078572290855292,0.0081751189036098,0.0081751189036098,0.0216765925334854,0.0216765925334854,0.0216765925334854,0.0216765925334854,0.0216765925334854,0.0216765925334854,0.0216765925334854,-0.0096750605415888,0.0384400322537805,-0.0109804498646742,0.0091663141461061,-0.0027103984518351,-0.003,-0.003,0.0483755361560283,-0.003,-0.003,0.0041144441971128,-0.0027103984518351,-0.0015,0.0038945187088065,0.0111173593185005,0.0,0.0002896015481648,0.0
DM,2040,0.0001610998127984,0.0001610998127984,0.0078572290855292,0.008257346363446,0.008257346363446,0.0215864564331158,0.0215864564331158,0.0215864564331158,0.0215864564331158,0.0215864564331158,0.0215864564331158,0.0215864564331158,-0.0096750605415888,0.0384400322537805,-0.0099506717949807,0.0091663141461061,-0.0027103984518351,-0.003,-0.003,0.0487044459953729,-0.003,-0.003,0.0041144441971128,-0.0027103984518351,-0.0015,0.0002398320287229,0.01136179143965,0.0,0.0002896015481648,0.0
DM,2045,0.0001613236410329,0.0001613236410329,0.0078572290855292,0.0083397958959375,0.0083397958959375,0.0211415305692228,0.0211415305692228,0.0211415305692228,0.0211415305692228,0.0211415305692228,0.0211415305692228,0.0211415305692228,-0.0096750605415888,0.0384400322537805,-0.0101652925326329,0.0091663141461061,-0.0027103984518351,-0.003,-0.003,0.049034244125339,-0.003,-0.003,0.0041144441971128,-0.0027103984518351,-0.0015,0.0003686055515272,0.0114490279063733,0.0,0.0002896015481648,0.0
DM,2050,-0.0029883932021042,-0.0029883932021042,0.0046940933790009,0.0057648212459123,0.0057648212459123,0.0203999778798624,0.0203999778798624,0.0203999778798624,0.0203999778798624,0.0203999778798624,0.0203999778798624,0.0203999778798624,-0.0127830621697079,0.0351807223051134,-0.0131126873131249,0.0059833381564308,-0.0058560255488362,-0.0061447163822682,-0.0061447163822682,0.0481317799178936,-0.0061447163822683,-0.0061447163822682,0.0009520719802005,-0.0058560255488362,-0.0046447163822682,-0.0023049337739667,0.0078366291653062,-0.0031447163822682,-0.0020468079679993,-0.0031447163822682
DO,2025,0.0057947970446629,0.0057947970446629,0.0162195675696101,0.0341158852641209,0.0341158852641209,0.0273470842313023,0.0273470842313023,0.0273470842313023,0.0273470842313023,0.0273470842313023,0.0273470842313023,0.0273470842313023,0.0446002036192598,0.0471592591951586,0.0277838584157342,0.005289804739473,0.0045643141083952,0.0075302722861204,0.0075302722861204,0.0173330651511033,0.067,0.0075302722861204,0.005289804739473,0.0045643141083952,0.0075302722861204,0.0078484790335716,0.0315224762111966,0.0100802060387248,0.0077321385326291,-0.07
DO,2030,0.0057645972467303,0.0057645972467303,0.0183622311926459,0.0369322539829776,0.0369322539829776,0.0248657829000829,0.0248657829000829,0.0248657829000829,0.0248657829000829,0.0248657829000829,0.0248657829000829,0.0248657829000829,0.0464743945189798,0.0008476833932647,0.0241643980849352,0.0153616690150334,0.0025465168424113,0.0043000451952116,0.0043000451952116,0.0299545762177189,0.067,0.0043000451952116,0.0096246008407295,0.0025465168424113,0.0058000451952116,-0.0010088132502635,0.0316480801451794,0.0083621789843047,0.0056970927094272,-0.07
DO,2035,0.0043957659323488,0.0043957659323488,0.0169791231877347,0.0336826876475203,0.0336826876475203,0.0226941541612946,0.0226941541612946,0.0226941541612946,0.0226941541612946,0.0226941541612946,0.0226941541612946,0.0226941541612946,0.0450530303127474,-0.0005115900863951,0.0231425099964235,0.0139758400919572,0.0011781273115222,0.0029292693899932,0.0029292693899932,0.0197484508873405,0.067,0.0029292693899932,0.0082486204210871,0.0011781273115222,0.0044292693899932,0.006338117759681,0.0292506497955486,-0.0013180303119606,0.0043284982686342,-0.07
DO,2040,0.003252358742164,0.003252358742164,0.0158234516806621,0.0330541217561439,0.0330541217561439,0.0219163973064093,0.0219163973064093,0.0219163973064093,0.0219163973064093,0.0219163973064093,0.0219163973064093,0.0219163973064093,0.0438653934047956,-0.0016473463868319,0.0230043337762835,0.0128178950909957,3.4753991572031295e-05,0.0017839021915889,0.0017839021915889,0.0195671914281909,0.067,0.0017839021915889,0.0070989044483472,3.4753991572031295e-05,0.0032839021915889,0.0083018821050634,0.0285882386742263,-0.0024551456186978,0.0031849537339006,-0.07
DO,2045,0.0022966939826656,0.0022966939826657,0.0148571933099679,0.0325502531550455,0.0325502531550455,0.0208206642982342,0.0208206642982342,0.0208206642982342,0.0208206642982342,0.0208206642982342,0.0208206642982342,0.0208206642982342,0.0428724087230494,-0.0025969536287251,0.0218131850181398,0.0118497358492603,-0.0009212218497195,0.0008262592660658,0.0008262592660658,0.0195023446310669,0.067,0.0008262592660658,0.0061376255072448,-0.0009212218497195,0.0023262592660658,0.0044925716815871,0.0278364242633306,-0.0034058891274332,0.0022288347397178,-0.0648587166724864
DO,2050,0.0013630628259833,0.0013630628259833,0.013913142492997,0.0318792777672933,0.0318792777672933,0.0195903869712898,0.0195903869712898,0.0195903869712898,0.0195903869712898,0.0195903869712898,0.0195903869712898,0.0195903869712898,0.0419022458468731,-0.0035247360104361,0.0210301437678425,0.0109038278490413,-0.0018552264610612,-0.0001093741148455,-0.0001093741148457,0.0187242393371459,0.067,-0.0001093741148455,0.0051984396774418,-0.0018552264610612,0.0013906258851543,0.0045659143156167,0.02599338524009,-0.0043347816611211,0.0020800872445576,-0.0602453880509202
EC,2025,0.0150526035889277,0.0150526035889277,0.0215288211131747,0.0088846467260447,0.0088846467260447,0.0269915356429168,0.0269915356429168,0.0269915356429168,0.0269915356429168,0.0269915356429168,0.0269915356429168,0.0269915356429168,0.0452414183741805,0.0149651164349309,0.0174523811815287,0.0187874663403527,-0.0406296555735694,0.067,0.0099651164349309,-0.0296330643398633,0.0099651164349309,0.0099651164349309,0.0187874663403527,-0.0406296555735694,0.067,-0.0560607493365078,0.0289510405778099,0.07,-0.0246330587628181,0.0129651164349309
EC,2030,-0.045361796245777,-0.0453617962457769,0.0294216817637138,0.0069074008190517,0.0069074008190517,0.0267224752096901,0.0267224752096901,0.0267224752096901,0.0267224752096901,0.0267224752096901,0.0267224752096901,0.0267224752096901,0.0448752510983641,0.0104116231662789,0.0126680287041076,0.0130622761214928,-0.07,-0.07,0.0054116231662789,-0.0280688941547152,0.0054116231662789,0.0054116231662789,-0.0277741408190439,-0.07,-0.0307941884168605,-0.0381699656438005,0.0078262027313967,-0.0009654152893919,-0.0478121550694094,0.0084116231662789
EC,2035,-0.0068652028453583,-0.0068652028453583,0.0286702194822869,0.0025870754247229,0.0025870754247229,0.0252370972006352,0.0252370972006352,0.0252370972006352,0.0252370972006352,0.0252370972006352,0.0252370972006352,0.0252370972006352,0.044112485985126,0.0096740649538993,0.0122745948800688,0.0123191221763908,-0.0446857550180385,0.067,0.0046740649538993,-0.043112314194033,0.0046740649538993,0.0046740649538993,-0.0146833164208238,-0.0446857550180385,0.0373370324769496,0.0093977229194904,0.0062181524179017,-0.0075713890201068,-0.0272842162692905,0.0076740649538993
EC,2040,-0.0064371594292793,-0.0064371594292793,0.0274168477053886,0.0017672761378655,0.0017672761378655,0.0256862676362967,0.0256862676362967,0.0256862676362967,0.0256862676362967,0.0256862676362967,0.0256862676362967,0.0256862676362967,0.0428402620971615,0.0084438839187832,0.0106760302189695,0.0110796079603042,-0.0458556769708403,0.067,0.0034438839187832,-0.0426589253832657,0.0034438839187832,0.0034438839187832,-0.015888034505268,-0.0458556769708403,0.0367219419593916,0.0048213077319183,0.0054127966072328,-0.0087615839839873,-0.0284717197997684,0.0064438839187832
EC,2045,-0.0059930836964445,-0.0059930836964445,0.026087656671093,0.0008507517715469,0.0008507517715469,0.0254700432434731,0.0254700432434731,0.0254700432434731,0.0254700432434731,0.0254700432434731,0.0254700432434731,0.0254700432434731,0.0414910785455069,0.007139286486022,0.0103026049733482,0.0097651127616159,-0.0470963701148473,0.067,0.002139286486022,-0.0423666444313632,0.002139286486022,0.002139286486022,-0.0171656286766156,-0.0470963701148473,0.036069643243011,0.0037932843976402,0.0042246288517586,-0.0100237764987802,-0.0297310580703425,0.005139286486022
EC,2050,-0.005546020851919,-0.005546020851919,0.0247209608031937,-0.0002423598421645,-0.0002423598421645,0.0247908930902276,0.0247908930902276,0.0247908930902276,0.0247908930902276,0.0247908930902276,0.0247908930902276,0.0247908930902276,0.0401038260456727,0.0057978781597376,0.0096211999813622,0.0084135273912159,-0.0483720710107262,0.067,0.0007978781597376,-0.0426690217338062,0.0007978781597376,0.0007978781597376,-0.0184792718097551,-0.0483720710107262,0.0353989390798688,0.0033146719951661,0.0025648183955034,-0.0113215833978275,-0.0303770754047145,0.0037978781597376
EG,2025,-0.0104131345949761,-0.0104131345949761,0.000402186456278,0.0132455056462673,0.0132455056462673,0.0324149521362147,0.0324149521362147,0.0324149521362147,0.0324149521362147,0.0324149521362147,0.0324149521362147,0.0324149521362147,0.0086868751694504,0.0253391409268894,0.0079415938642947,-0.0538424818843294,-0.0004875072476699,0.0230905853470709,0.0147650491385397,0.0147650491385397,0.0147650491385397,0.0147650491385397,-0.0538424818843294,-0.0004875072476699,0.0230905853470709,0.0030961081306728,0.0370428151650405,0.0072818071702929,0.00251249275233,0.0177650491385397
EG,2030,0.0115986101942519,0.0115986101942519,0.0046312512574169,0.0214124287934071,0.0214124287934071,0.0313935685703199,0.0313935685703199,0.0313935685703199,0.0313935685703199,0.0313935685703199,0.0313935685703199,0.0313935685703199,0.0488365341131633,0.0270055592890425,0.0050404855661482,0.0294456645797365,-0.0040328356015791,0.0307011060688465,0.0114819173473809,0.0138493463657032,0.0114819173473809,0.0114819173473809,0.0142492650795498,-0.0040328356015791,0.0225915117081137,-0.0182347551441842,-0.0217209798458475,-0.0400033146592079,-0.0010328356015791,0.0144819173473809
EG,2035,-0.0039441355952686,-0.0039441355952686,0.0039299586990881,0.020359296816788,0.020359296816788,0.030055797245486,0.030055797245486,0.030055797245486,0.030055797245486,0.030055797245486,0.030055797245486,0.030055797245486,0.0481043220758468,0.026288616973437,0.0047113294618695,-0.0610990806082221,-0.0047315653065716,0.0299780816345761,0.0107723358154842,0.0117881935603368,0.0107723358154842,0.0107723358154842,-0.0313725023388622,-0.0047315653065716,0.0218752087250301,0.0321554566011312,0.0328110620489993,-0.0463238516845372,-0.0017315653065716,0.0137723358154842
EG,2040,-0.0044338886066283,-0.0044338886066283,0.0032984994807598,0.0199851837969114,0.0199851837969114,0.0284733125617273,0.0284733125617273,0.0284733125617273,0.0284733125617273,0.0284733125617273,0.0284733125617273,0.0284733125617273,0.0474450222797158,0.0256430663700228,0.0051062415663731,-0.0616927069521976,-0.0053607168754816,0.0293270545579665,0.0101334130233478,0.0122288868612344,0.0101334130233478,0.0101334130233478,-0.0319839182826947,-0.0053607168754816,0.0212302337906571,0.0288466030192212,0.0326432805652888,-0.0051375274745756,-0.0023607168754816,0.0131334130233478
EG,2045,-0.0067001917258366,-0.0067001917258366,0.0020794084082145,0.0190124816254064,0.0190124816254064,0.0257976567519164,0.0257976567519164,0.0257976567519164,0.0257976567519164,0.0257976567519164,0.0257976567519164,0.0257976567519164,0.0461721823681817,0.0243967705607996,0.0036659527127743,-0.07,-0.0065753528150224,0.028070185905101,0.0088999128236025,0.012077918486239,0.0088999128236025,0.0088999128236025,-0.036744934878046,-0.0065753528150224,0.0199850493643518,0.0301025653630565,0.0301862949763722,-0.0475747151919256,-0.0035753528150224,0.0118999128236026
EG,2050,-0.0072407271958228,-0.0072407271958228,0.0001946934204412,0.0171420729628443,0.0171420729628443,0.0231317028563453,0.0231317028563453,0.0231317028563453,0.0231317028563453,0.0231317028563453,0.0231317028563453,0.0231317028563453,0.044204371666972,0.0224699970458903,0.0019421128035889,-0.0646105534108699,-0.0084531801664778,0.0261270667722769,0.006992921322937,0.0103780775385311,0.006992921322937,0.006992921322937,-0.0349892058084135,-0.0084531801664778,0.0180599940476069,-0.0111978090820067,0.0311950428103489,-0.0488486720314993,-0.0049149908977126,0.009992921322937
SV,2025,-0.0054561337139752,-0.0054561337139752,0.0343308966678037,0.0296077802263,0.0296077802263,0.0131615586768127,0.0131615586768127,0.0131615586768127,0.0131615586768127,0.0131615586768127,0.0131615586768127,0.0131615586768127,0.0175385598703141,0.0044087444976588,0.0025630129612285,0.0150933525691802,-0.0308704982087648,-0.0005912555023411,-0.0005912555023411,0.034483816537227,0.067,-0.0005912555023411,0.0150933525691802,-0.0308704982087648,-0.0005912555023411,0.0334771644976636,0.0471021141917114,0.0024087444976588,-0.0335448061282575,0.0024087444976588
SV,2030,-0.04147442815318,-0.04147442815318,0.0379839319957309,0.0180283569250206,0.0180283569250206,0.0142988527646328,0.0142988527646328,0.0142988527646328,0.0142988527646328,0.0142988527646328,0.0142988527646328,0.0142988527646328,0.050005694601436,0.07,0.0025049143435643,0.0302792835234017,-0.07,0.0008741475575181,0.0008741475575181,-0.0457664144588714,0.067,0.0008741475575181,-0.0198603582382991,-0.07,0.0023741475575181,-0.0629296212830909,0.0532621464120261,0.0080338022362477,-0.0699393187904873,0.0038741475575181
SV,2035,0.0510146921762682,0.0510146921762682,0.0369645045645226,0.0114651885707827,0.0114651885707827,0.0149203399752,0.0149203399752,0.0149203399752,0.0149203399752,0.0149203399752,0.0149203399752,0.0149203399752,0.0489744375325342,0.07,0.006048397981022,0.0292625175165254,0.0669393187904873,-0.0001136832494034,-0.0001136832494034,-0.07,0.067,-0.0001136832494034,0.0496312587582627,0.0669393187904873,0.0013863167505965,0.0671954385717689,0.052573148664817,0.0028863167505965,0.0699393187904873,0.0028863167505965
SV,2040,-0.0421079189080871,-0.0421079189080871,0.0360509811443949,0.0183253252620093,0.0183253252620093,0.0166566184034522,0.0166566184034522,0.0166566184034522,0.0166566184034522,0.0166566184034522,0.0166566184034522,0.0166566184034522,0.0480503134058201,0.07,0.0042619274527782,0.0283513790365949,-0.07,-0.0009988924851179,-0.0009988924851179,-0.0407501198726649,0.067,-0.0009988924851177,-0.0208243104817025,-0.07,0.0005011075148821,-0.0640194351932045,0.052080948121434,0.002001107514882,-0.0699393187904873,0.002001107514882
SV,2045,0.044501470321761,0.0445014703217609,0.0349482519322594,0.0106528715653298,0.0106528715653298,0.0172576084084079,0.0172576084084079,0.0172576084084079,0.0172576084084079,0.0172576084084079,0.0172576084084079,0.0172576084084079,0.0469347879056367,0.07,0.0032465976410709,0.0272515287251707,0.0669393187904873,-0.0020674431774888,-0.0020674431774888,-0.0692558584668286,0.067,-0.0020674431774888,0.0486257643625853,0.0669393187904873,-0.0005674431774888,0.0659805136408196,0.0514946322771214,0.0009325568225111,0.0699393187904873,0.0009325568225111
SV,2050,-0.0428050183757691,-0.0428050183757691,0.033923942984668,0.0175799670210025,0.0175799670210025,0.016953909554972,0.016953909554972,0.016953909554972,0.016953909554972,0.016953909554972,0.016953909554972,0.016953909554972,0.0458985926742694,0.07,0.0023664131863844,0.026229893946111,-0.07,-0.0030600042007261,-0.0030600042007261,-0.039518720389533,0.067,-0.0030600042007261,-0.0218850530269444,-0.07,-0.0015600042007261,-0.0637703961878369,0.0509426316727831,-6.0004200726160306e-05,-0.0690957349947108,-6.00042007261233e-05
GQ,2025,-0.0140636539517575,-0.0140636539517575,0.0655190262240319,0.0097097010942999,0.0097097010942999,0.0104256572613883,0.0104256572613883,0.0104256572613883,0.0104256572613883,0.0104256572613883,0.0104256572613883,0.0104256572613883,0.0523820186604959,0.0332283928583518,0.0313826613219216,-0.0648572940147148,-0.0055620606989097,0.0282283928583518,0.0282283928583518,-0.07,0.0282283928583518,0.0282283928583518,-0.0648572940147148,-0.0055620606989097,0.0282283928583518,-0.07,-0.0369288575182523,0.0186047280288548,-0.0025620606989097,0.0312283928583518
GQ,2030,-0.0120807397152027,-0.0120807397152027,0.07,0.036042461495567,0.036042461495567,0.0093916898236994,0.0093916898236994,0.0093916898236994,0.0093916898236994,0.0093916898236994,0.0093916898236994,0.0093916898236994,0.0554952543253959,0.0251343208232845,0.0217650876093307,-0.0453023009301367,-0.0151442602940901,0.0201343208232845,0.0201343208232845,0.048405950010303,0.0201343208232845,0.0201343208232845,-0.0290755096780447,-0.0151442602940901,0.0216343208232845,0.0214497979315285,-0.0381301435771079,-0.0119940075133368,-0.0121442602940901,0.0231343208232845
GQ,2035,-0.0132976432802939,-0.0132976432802939,0.07,0.0053363785497884,0.0053363785497884,0.0096080182433717,0.0096080182433717,0.0096080182433717,0.0096080182433717,0.0096080182433717,0.0096080182433717,0.0096080182433717,0.0539936095596433,0.0236759523197551,0.0248380335501805,-0.0466673965307831,-0.0165523429548875,0.0186759523197551,0.0186759523197551,-0.07,0.0186759523197551,0.0186759523197551,-0.0304615967439201,-0.0165523429548875,0.0201759523197551,0.0229065713445995,-0.0390778220309608,-0.0217097554154959,-0.0135523429548875,0.0216759523197551
GQ,2040,-0.0146002380293199,-0.0146002380293199,0.07,0.0041399789286111,0.0041399789286111,0.0107853769297405,0.0107853769297405,0.0107853769297405,0.0107853769297405,0.0107853769297405,0.0107853769297405,0.0107853769297405,0.0523671613971563,0.0220963771586442,0.0223571970965402,-0.0481459467724429,-0.01807745295994,0.0170963771586442,0.0170963771586442,-0.07,0.0170963771586442,0.0170963771586442,-0.0319628830752519,-0.01807745295994,0.0185963771586442,0.0179816245320595,-0.0401042631141324,-0.0232222535487779,-0.01507745295994,0.0200963771586442
GQ,2045,-0.0163202567900239,-0.0163202567900239,0.07,0.0026335630356351,0.0026335630356351,0.011541652355935,0.011541652355935,0.011541652355935,0.011541652355935,0.011541652355935,0.011541652355935,0.011541652355935,0.0502587633651365,0.0200487415573837,0.0203627823759435,-0.0500626217035339,-0.0200544842649828,0.0150487415573837,0.0150487415573837,-0.0698219943373635,0.0150487415573837,0.0150487415573837,-0.0339090312645909,-0.0200544842649828,0.0165487415573837,0.0162232198248889,-0.0414348596924051,-0.0251829358263913,-0.0170544842649828,0.0180487415573837
GQ,2050,-0.0182834969142104,-0.0182834969142104,0.07,0.000913357446177,0.000913357446177,0.0117171564948825,0.0117171564948825,0.0117171564948825,0.0117171564948825,0.0117171564948825,0.0117171564948825,0.0117171564948825,0.0478498231764958,0.0177092251963091,0.0181356425834197,-0.0522525095709789,-0.0223133320217112,0.0127092251963091,0.0127092251963091,-0.0696148437844058,0.0127092251963091,0.0127092251963091,-0.0361325936636973,-0.0223133320217112,0.0142092251963091,0.014749495022066,-0.0429551265128014,-0.0274231040792394,-0.0184945371048215,0.0157092251963091
ER,2025,0.0183459930730483,0.0183459930730483,0.0685097175360747,0.0286832259177054,0.0286832259177054,0.0009383694374005,0.0009383694374005,0.0009383694374005,0.0009383694374005,0.0009383694374005,0.0009383694374005,0.0009383694374005,0.052446467643473,0.0146634832556402,0.0128177517192099,0.0168368308459746,0.0285376651175301,0.0096634832556402,0.0096634832556402,0.0244651758921901,0.0281577768795183,0.0096634832556402,0.0168368308459746,0.0285376651175301,0.0096634832556402,0.0408149543630999,0.0114787369775079,0.0126634832556402,0.0314452322193999,0.0126634832556402
ER,2030,0.0310129123054146,0.0310129123054146,0.0462092082528944,0.0112925563939328,0.0112925563939328,0.0078003687512659,0.0078003687512659,0.0078003687512659,0.0078003687512659,0.0078003687512659,0.0078003687512659,0.0078003687512659,0.017818592613082,0.0230609306503628,0.019691697436409,0.0206044557718231,0.0338248915737166,0.0180609306503628,0.0180609306503628,-0.0291764119000522,0.0384671142123386,0.0180609306503628,0.0294669045125965,0.0338248915737166,0.0195609306503628,-0.0598411799440953,0.0185905346565912,0.0252205853290924,0.0370617017690072,0.0210609306503628
ER,2035,0.0301816776062597,0.0301816776062597,0.0453500537327844,0.0128126776715166,0.0128126776715166,0.0123520909370908,0.0123520909370908,0.0123520909370908,0.0123520909370908,0.0123520909370908,0.0123520909370908,0.0123520909370908,0.0169827973255498,0.0222208220716002,0.0233829033020256,0.0197622544312962,0.0329718127221628,0.0172208220716002,0.0172208220716002,-0.0205631245436243,0.0376102158325409,0.0172208220716002,0.0286186454960169,0.0329718127221628,0.0187208220716002,0.0240273291551304,0.0183357910852495,0.0202208220716002,0.0362084280747455,0.0202208220716002
ER,2040,0.0295624132440465,0.0295624132440465,0.0447067096467292,0.0158226185973155,0.0158226185973155,0.0198534131945469,0.0198534131945469,0.0198534131945469,0.0198534131945469,0.0198534131945469,0.0198534131945469,0.0198534131945469,0.0163569448824787,0.0215917397899616,0.0218525597278577,0.0191316050672839,0.0323330181616505,0.0165917397899616,0.0165917397899616,-0.0066267714516404,0.0369685611684623,0.0165917397899616,0.0279834600794408,0.0323330181616505,0.0180917397899616,0.0195917397899616,0.0178662325365875,0.0195917397899616,0.0355694876139316,0.0195917397899616
ER,2045,0.0270268011077825,0.0270268011077825,0.0421267378450045,0.007574167891481,0.007574167891481,0.0265066714157911,0.0265066714157911,0.0265066714157911,0.0265066714157911,0.0265066714157911,0.0265066714157911,0.0265066714157911,0.0138471189741298,0.0190689614155701,0.0193830022341299,0.0166025422979277,0.0297712911030833,0.0140689614155701,0.0140689614155701,-0.0320147731980944,0.0343953643743187,0.0140689614155701,0.0254362065969663,0.0297712911030833,0.0155689614155701,0.0171786978198781,0.0154177291000453,0.0170689614155701,0.033007175458411,0.0170689614155701
ER,2050,0.0249582511231973,0.0249582511231973,0.040020377447665,0.0130710331915327,0.0130710331915327,0.0323842577990851,0.0323842577990851,0.0323842577990851,0.0323842577990851,0.0323842577990851,0.0323842577990851,0.0323842577990851,0.011798027625911,0.0170092953155258,0.0174357127026365,0.0145377454438707,0.027679826219106,0.0120092953155258,0.0120092953155258,-0.0038177254560193,0.0322945352807134,0.0120092953155258,0.0233565583411668,0.027679826219106,0.0135092953155258,0.0155357809378487,0.0130653649154378,0.0150092953155258,0.0316631061999741,0.0150092953155258
EE,2025,-0.0293073741589036,-0.0293073741589036,0.0378822716133866,-0.0052922418790808,-0.0052922418790808,0.019416834723348,0.019416834723348,0.019416834723348,0.019416834723348,0.019416834723348,0.019416834723348,0.019416834723348,0.0239483391915098,-0.0259356472460355,-0.0562020698469618,-0.064114863081146,-0.0229041367803445,-0.0009031226152201,0.0270032417654645,-0.0246889957555326,0.0285280622748868,-0.0489563732271872,-0.064114863081146,-0.0229041367803445,-0.0009031226152201,-0.0086777651429707,-0.0417520948218858,-0.034655152479862,-0.0170796947036425,0.0222047020822633
EE,2030,-0.0356509848494691,-0.0356509848494691,0.0119043777136205,0.0037386731540326,0.0037386731540326,0.0183343715895198,0.0183343715895198,0.0183343715895198,0.0183343715895198,0.0183343715895198,0.0183343715895198,0.0183343715895198,0.0194041833975182,-0.0313035540042108,-0.0309503327267137,-0.0492602827396413,-0.0389142131616544,-0.0177732485413926,0.0048036061090922,-0.0059320260771733,0.0048486563921529,-0.0033661210963673,-0.0425872479506478,-0.0389142131616544,-0.0438866242706963,0.030567166789927,-0.0166112362735162,-0.0298842603209043,-0.0332954460954852,-0.0019372889215963
EE,2035,-0.0337044549466598,-0.0337044549466598,0.0138686463862265,-0.007923156940786,-0.007923156940786,0.0180858259703475,0.0180858259703475,0.0180858259703475,0.0180858259703475,0.0180858259703475,0.0180858259703475,0.0180858259703475,0.0213830392267706,-0.0294233249580825,-0.0286654970283937,-0.0469818795487098,-0.0370390618596284,-0.0158569779656723,0.0067637887712382,-0.0584627650759047,0.0068089266773071,-0.0014218285913171,-0.0405104707041691,-0.0370390618596284,-0.0429284889828361,-0.0025231977980438,-0.0327688327132132,-0.0312939118741851,-0.0314645888139092,3.947654787383222e-06
EE,2040,-0.033393464434039,-0.033393464434039,0.0140506940111502,-0.0076916303670159,-0.0076916303670159,0.0166988524538438,0.0166988524538438,0.0166988524538438,0.0166988524538438,0.0166988524538438,0.0166988524538438,0.0166988524538438,0.0215664387834635,-0.0292490660916995,-0.0276407211195,-0.0460757215434806,-0.036865273596512,-0.0156793787849258,0.0069454577063675,-0.0580819316353177,0.0069906037333012,-0.0012416323495109,-0.0399704975699963,-0.036865273596512,-0.0428396893924629,0.0097207645997951,-0.0324387770078021,-0.0311196297247953,-0.0312949057026662,0.0001838606743625
EE,2045,-0.0333522048936352,-0.0333522048936352,0.01408333870169,-0.0075185644913244,-0.0075185644913244,0.0145169748585103,0.0145169748585103,0.0145169748585103,0.0145169748585103,0.0145169748585103,0.0145169748585103,0.0145169748585103,0.021599325901743,-0.0292178180775094,-0.027805633139643,-0.0460514474565122,-0.036834109970668,-0.0156475317872073,0.0069780344904396,-0.0574874461925632,0.0070231819736031,-0.0012093196480807,-0.0399427787135902,-0.036834109970668,-0.0428237658936036,0.0157742969562814,-0.0323318170566146,-0.0310883775355078,-0.0312644782106365,0.0002161225885213
EE,2050,-0.0334863458371421,-0.0334863458371421,0.0139502223826422,-0.0075942347949008,-0.0075942347949008,0.0115412364223332,0.0115412364223332,0.0115412364223332,0.0115412364223332,0.0115412364223332,0.0115412364223332,0.0115412364223332,0.0214652210271961,-0.0293452391238651,-0.0277625960171794,-0.0462532776896349,-0.0369611869039128,-0.0157773953282275,0.0068451950758091,-0.0573914146233466,0.0068903366208578,-0.0013410822043106,-0.0401072322967738,-0.0369611869039128,-0.0428886976641137,0.0157418788114582,-0.0327808284896377,-0.0312158156067941,-0.030567646327884,8.456712920316122e-05
SZ,2025,-0.0052927558118131,-0.0052927558118131,0.0394483844404229,-0.0020426294281015,-0.0020426294281015,-0.0113204410062281,-0.0113204410062281,-0.0113204410062281,-0.0113204410062281,-0.0113204410062281,-0.0113204410062281,-0.0113204410062281,0.0377911231934213,0.0343014243148263,0.062719849859714,-0.030507527533927,0.0084889705194703,0.0061402895790173,0.0061402895790173,-0.0582422200638623,0.0061402895790173,0.0061402895790173,-0.030507527533927,0.0084889705194703,0.0061402895790173,0.07,-0.0054852721073599,0.0091402895790173,0.0114889705194703,0.0091402895790173
SZ,2030,0.0329748026246575,0.0329748026246575,0.0470283308642027,0.0201861481293806,0.0201861481293806,-0.0033525469102653,-0.0033525469102653,-0.0033525469102653,-0.0033525469102653,-0.0033525469102653,-0.0033525469102653,-0.0033525469102653,0.0468100478429678,0.0441059446855285,0.0625150872242154,0.0583025139128509,0.0304075402410123,0.0073519008943733,0.0073519008943733,0.019230742885808,0.0073519008943733,0.0073519008943733,0.0462443589935058,0.0304075402410123,0.0088519008943733,-0.0256032852291506,0.0034333228164035,0.0145115555731029,0.0334075402410123,0.0103519008943733
SZ,2035,0.0314185453492261,0.0314185453492261,0.0454402792048125,0.0136590279413972,0.0136590279413972,0.0020188190409897,0.0020188190409897,0.0020188190409897,0.0020188190409897,0.0020188190409897,0.0020188190409897,0.0020188190409897,0.0452223278920145,0.0425223339585834,0.062488981552414,0.0566897315905375,0.0288477101503828,0.0058165444208732,0.0058165444208732,-0.002219304968172,0.0058165444208732,0.0058165444208732,0.0446521799886166,0.0288477101503828,0.0073165444208732,0.0495979409621168,0.0031043462209675,0.0088165444208732,0.0318477101503828,0.0088165444208732
SZ,2040,0.029896088553168,0.029896088553168,0.043887980268072,0.0123996842924719,0.0123996842924719,0.0069074673246929,0.0069074673246929,0.0069074673246929,0.0069074673246929,0.0069074673246929,0.0069074673246929,0.0069074673246929,0.0436703531957676,0.040974375973015,0.0625142456056533,0.0551132587665478,0.0273229974139533,0.0043157543129198,0.0043157543129198,-0.0027031246517194,0.0043157543129198,0.0043157543129198,0.0430958466276861,0.0273229974139533,0.0058157543129198,0.0481976752906386,0.0030375484251893,0.0073157543129198,0.0303229974139533,0.0073157543129198
SZ,2045,0.0285242001228444,0.0285242001228444,0.0424893510256634,0.0112379255621938,0.0112379255621938,0.0100446089110806,0.0100446089110806,0.0100446089110806,0.0100446089110806,0.0100446089110806,0.0100446089110806,0.0100446089110806,0.0422720160956937,0.0395796579497058,0.0625525104352282,0.0536928487286946,0.0259492234784246,0.0029635347874018,0.0029635347874018,-0.003247383421722,0.0029635347874018,0.0029635347874018,0.041693582348549,0.0259492234784246,0.0044635347874018,-0.0433623796390297,0.0029305329883405,0.0059635347874018,0.0289492234784246,0.0059635347874018
SZ,2050,0.0272658777964962,0.0272658777964962,0.0412068158943785,0.0100548964279369,0.0100548964279369,0.0116358576607149,0.0116358576607149,0.0116358576607149,0.0116358576607149,0.0116358576607149,0.0116358576607149,0.0116358576607149,0.0409897488572834,0.0383007093842877,0.0625796643981161,0.0523903407307645,0.0246894805234405,0.0017235571048964,0.0017235571048964,-0.0042172773553286,0.0017235571048964,0.0017235571048964,0.0404077139090748,0.0246894805234405,0.0032235571048964,0.0481954437900278,0.0028047973018349,0.0047235571048964,0.0285271226323469,0.0047235571048964
ET,2025,0.0241956224716618,0.0241956224716618,0.0592131655941319,0.0380465818279883,0.0380465818279883,0.016425706725849,0.016425706725849,0.016425706725849,0.016425706725849,0.016425706725849,0.016425706725849,0.016425706725849,0.0407373719808477,0.029207242226106,0.0485187476325746,0.0312043467738819,0.0171752784149976,0.024207242226106,0.024207242226106,0.0647285371509758,0.0225131759540239,0.0242072422261058,0.0312043467738819,0.0171752784149976,0.024207242226106,-0.0245299919705529,0.0514057666103325,0.027207242226106,0.0202501811452391,0.0272072422261058
ET,2030,0.018434689749492,0.018434689749492,0.07,0.0377310362404547,0.0377310362404547,0.0182705678323245,0.0182705678323245,0.0182705678323245,0.0182705678323245,0.0182705678323245,0.0182705678323245,0.0182705678323245,0.0396027606164368,0.0266627418783158,0.0536953337577535,0.0217293825870622,0.0150044689525692,0.0216627418783158,0.0216627418783158,0.067,0.0226586424670663,0.0216627418783158,0.019510729334039,0.0150044689525692,0.0231627418783158,-0.0263164986336379,0.0578973576430931,0.0288223965570454,0.0181067400643919,0.0246627418783158
ET,2035,0.0161339601146854,0.0161339601146854,0.07,0.0326685571344865,0.0326685571344865,0.0186000085646373,0.0186000085646373,0.0186000085646373,0.0186000085646373,0.0186000085646373,0.0186000085646373,0.0186000085646373,0.0372601237914131,0.0243493202458138,0.0516855108290666,0.0194158104971943,0.0127060799664121,0.0193493202458138,0.0193493202458138,0.0537218121503356,0.0203429723503835,0.0193493202458138,0.0172055529948192,0.0127060799664121,0.0208493202458138,0.0260269053909789,0.0487777312176058,0.0223493202458138,0.0158081201766975,0.0223493202458138
ET,2040,0.0141540973449045,0.0141540973449046,0.07,0.0308546870661413,0.0308546870661413,0.0225634205019693,0.0225634205019693,0.0225634205019693,0.0225634205019693,0.0225634205019693,0.0225634205019693,0.0225634205019693,0.0352438472448781,0.0223581888292687,0.0506619115378297,0.0174245495839829,0.0107278869498503,0.0173581888292687,0.0173581888292687,0.0524668064971905,0.018349905693228,0.0173581888292687,0.0152215181932023,0.0107278869498503,0.0188581888292687,0.0203581888292687,0.0480911848962663,0.0203581888292687,0.0138297284262346,0.0203581888292687
ET,2045,0.0125949148128149,0.0125949148128149,0.07,0.0294137443883368,0.0294137443883368,0.0250981239414382,0.0250981239414382,0.0250981239414382,0.0250981239414382,0.0250981239414382,0.0250981239414382,0.0250981239414382,0.0336554686837504,0.0207896190515446,0.048829685028979,0.0158558777916181,0.0091695097606302,0.0157896190515446,0.0157896190515446,0.0514300784427716,0.0167798113752807,0.0157896190515446,0.0136585389734938,0.0091695097606302,0.0172896190515446,0.0189509715384465,0.0455304721312506,0.0187896190515446,0.0122711946787944,0.0187896190515446
ET,2050,0.0111288612612464,0.0111288612612464,0.07,0.0279485026088488,0.0279485026088488,0.0260337663804015,0.0260337663804015,0.0260337663804015,0.0260337663804015,0.0260337663804015,0.0260337663804015,0.0260337663804015,0.0321617605932242,0.0193145391021667,0.0474795349160078,0.0143807019078715,0.0077040149015349,0.0143145391021667,0.0143145391021667,0.0500144129887438,0.0153032977512607,0.0143145391021667,0.0121887163739335,0.0077040149015349,0.0158145391021667,0.0180482159676195,0.0464100492468935,0.0173145391021667,0.0115988122046952,0.0173145391021667
FJ,2025,-0.0015227096014387,-0.0015227096014387,0.034045392684213,0.0056972243354695,0.0056972243354695,0.0095369291542257,0.0095369291542257,0.0095369291542257,0.0095369291542257,0.0095369291542257,0.0095369291542257,0.0095369291542257,-0.0013863979032645,0.0025436268285463,0.000697895292116,0.0050999436113611,-0.0072116992442237,-0.0024563731714536,-0.0024563731714536,0.02908804158805,-0.0024563731714536,-0.0024563731714536,0.0050999436113611,-0.0072116992442237,-0.0024563731714536,0.0052369949922502,-0.0011955954542545,0.0005436268285463,-0.0042116992442237,0.0005436268285463
FJ,2030,0.0075858083598255,0.0075858083598255,0.0362025901326681,0.0107489172637338,0.0107489172637338,0.016445801828153,0.016445801828153,0.016445801828153,0.016445801828153,0.016445801828153,0.016445801828153,0.016445801828153,0.0115978251679627,0.0062600051881345,0.0028907719741806,0.0365834774973242,0.004039850185964,0.0012600051881345,0.0012600051881345,0.0288778335107038,0.0012600051881345,0.0012600051881345,0.0180852737049864,0.004039850185964,0.0027600051881345,0.0023669494963352,0.017197117814581,0.0084196598668641,0.007039850185964,0.0042600051881345
FJ,2035,0.0068980162642635,0.0068980162642635,0.035471303420121,0.0096955029466026,0.0096955029466026,0.0194299381669833,0.0194299381669833,0.0194299381669833,0.0194299381669833,0.0194299381669833,0.0194299381669833,0.0194299381669833,0.0108839365337569,0.0055498909370743,0.0067119721674998,0.0358483859485981,0.0034078517161521,0.0005498909370743,0.0005498909370743,0.0267982933785043,0.0005498909370745,0.0005498909370745,0.0173643229260163,0.0034078517161521,0.0020498909370744,-0.0434060245957721,0.016616643117145,0.0035498909370744,0.0064078517161521,0.0035498909370745
FJ,2040,0.006447299001703,0.006447299001703,0.0349875470940268,0.0094920795518393,0.0094920795518393,0.0222288996227046,0.0222288996227046,0.0222288996227046,0.0222288996227046,0.0222288996227046,0.0222288996227046,0.0222288996227046,0.0104116892783392,0.0050801404885758,0.0053409604264719,0.0353621126704796,0.0029897759428503,8.014048857585537e-05,8.014048857585537e-05,0.0273963479518662,8.014048857585537e-05,8.014048857585537e-05,0.0168874039636647,0.0029897759428503,0.0015801404885758,0.0028196926801336,0.0162326510355109,0.0030801404885758,0.0059897759428503,0.0030801404885758
FJ,2045,0.0056196926911297,0.0056196926911297,0.0341100982342699,0.0089041798525718,0.0089041798525718,0.0238209453966302,0.0238209453966302,0.0238209453966302,0.0238209453966302,0.0238209453966302,0.0238209453966302,0.0238209453966302,0.009555115847796,0.0042280958264766,0.0045421366450364,0.0344800985026029,0.0022314600495216,-0.0007719041735233,-0.0007719041735233,0.0276054119095382,-0.0007719041735233,-0.0007719041735233,0.0160223568787195,0.0022314600495216,0.0007280958264766,0.0036512350849508,0.0155361569619226,0.0022280958264766,0.0052314600495216,0.0022280958264766
FJ,2050,0.0046228267468222,0.0046228267468222,0.0330558176166733,0.0079244152491561,0.0079244152491561,0.0248559801225867,0.0248559801225867,0.0248559801225867,0.0248559801225867,0.0248559801225867,0.0248559801225867,0.0248559801225867,0.0085259176725083,0.0032043390997007,0.0036307564868111,0.0334203325329983,0.0013203211957156,-0.0017956609002992,-0.0017956609002992,0.0267630651247148,-0.0017956609002992,-0.0017956609002994,0.0149829773583911,0.0013203211957156,-0.0002956609002993,0.0031032868800041,0.0146992988431955,0.0012043390997005,0.0050749438604264,0.0012043390997005
FI,2025,-0.0227183578653909,-0.0227183578653909,0.0219882034982406,0.0083043533645467,0.0083043533645467,0.0116891347265728,0.0116891347265728,0.0116891347265728,0.0116891347265728,0.0116891347265728,0.0116891347265728,0.0116891347265728,0.0011058427523283,0.0127544121861273,-0.0088976371793803,-0.0257470398243948,-0.0051328325339305,-0.0372752012378473,-0.0060854451353671,0.0367956368428904,0.0177203549440966,-0.0224044210811284,-0.0257470398243948,-0.0051328325339305,-0.0372752012378473,0.07,-0.0083315379214344,-0.0310844466680528,0.0021793866097869,0.0037889401036785
FI,2030,-0.0245577882968426,-0.0245577882968426,0.011197904556754,-0.0054989275493572,-0.0054989275493572,0.0119311298387803,0.0119311298387803,0.0119311298387803,0.0119311298387803,0.0119311298387803,0.0119311298387803,0.0119311298387803,-0.0029044670927049,0.0082052536286401,-0.0041152582495546,-0.0452820373503036,-0.0131472940735626,-0.0486424863087144,-0.0268571579849006,0.0215162409358812,0.0014651053647424,-0.0420725894053478,-0.027714665711933,-0.0131472940735626,-0.0593212431543572,0.07,0.001066868576427,-0.0368035086296587,-0.0068925135844124,-0.0069688232094465
FI,2035,-0.0051936450771427,-0.0051936450771427,0.0102861625504615,-0.0111944407632696,-0.0111944407632696,0.0130059479427822,0.0130059479427822,0.0130059479427822,0.0130059479427822,0.0130059479427822,0.0130059479427822,0.0130059479427822,-0.0038034685606321,0.0072962152799245,-0.0044636051734957,0.0655072825945315,-0.0140415590021365,-0.0495046837333468,-0.0277390369792866,0.0014087886725351,0.0005576391222134,-0.0429407222871951,0.0272328617961975,-0.0140415590021365,0.0102476581333265,0.0016207636627626,-0.0152633100982945,-0.045045857689547,-0.0077897189868814,-0.0078652837386664
FI,2040,-0.0054452614827871,-0.0054452614827871,0.0099753565653817,-0.0113305812557505,-0.0113305812557505,0.0140122072429631,0.0140122072429631,0.0140122072429631,0.0140122072429631,0.0140122072429631,0.0140122072429631,0.0140122072429631,-0.004109931392112,0.0069863309513555,-0.0038000931241037,0.065501091948083,-0.014346407183014,-0.0497986003435795,-0.028039662888458,0.0017759779064051,0.0002482907128066,-0.0432366622501019,0.0270773423825344,-0.014346407183014,0.0101006998282102,-0.002136771669526,-0.0154582938467233,-0.0453402239854765,-0.0080955695531696,-0.0081708803832725
FI,2045,-0.0055443607442646,-0.0055443607442646,0.0098406054099964,-0.0113398694581484,-0.0113398694581484,0.0135186431570204,0.0135186431570204,0.0135186431570204,0.0135186431570204,0.0135186431570204,0.0135186431570204,0.0135186431570204,-0.0042427995561979,0.0068519793837702,-0.004123900833496,0.0654984079690042,-0.0144785753089906,-0.049926029044174,-0.0281700004319552,0.0021341184117196,0.0001141714950786,-0.0433649681831942,0.0270099163300067,-0.0144785753089906,0.0100369854779129,-0.0020176398290488,-0.015552081900209,-0.0454678476490708,-0.0082281722672775,-0.0083033730086378
FI,2050,-0.0056183181620835,-0.0056183181620835,0.0096638960001806,-0.0114908694400394,-0.0114908694400394,0.0133955315685003,0.0133955315685003,0.0133955315685003,0.0133955315685003,0.0133955315685003,0.0133955315685003,0.0133955315685003,-0.0044170396567139,0.0066757939837416,-0.0041226905910619,0.0654948882636806,-0.0146518973964415,-0.0500931359636754,-0.0283409219377667,0.002048496587717,-6.170920696024502e-05,-0.0435332254842006,0.0269214954336195,-0.0146518973964415,0.0099534320181622,-0.0013454320070535,-0.0159140747861955,-0.0456352102383402,-0.0076051132290912,-0.008477120636748
FR,2025,-0.0236086020942575,-0.0236086020942575,0.0123229767438872,-0.011363484242135,-0.011363484242135,0.0137683031800062,0.0137683031800062,0.0137683031800062,0.0137683031800062,0.0137683031800062,0.0137683031800062,0.0137683031800062,-0.0058154029305663,-0.0154751284788425,0.0037378414214324,-0.021249354925542,-0.0133387398867069,-0.0362377114705235,-0.07,-0.0239536138956903,0.0047939321482545,-0.020478852290538,-0.021249354925542,-0.0133387398867069,-0.0362377114705235,0.0699769227189846,-0.020779578073038,-0.023465420585905,-0.0059417704906498,0.030857240179565
FR,2030,-0.0317905958119554,-0.0317905958119554,0.0016387654708476,-0.0141547795028194,-0.0141547795028194,0.0148629600132703,0.0148629600132703,0.0148629600132703,0.0148629600132703,0.0148629600132703,0.0148629600132703,0.0148629600132703,-0.0081071205196949,-0.0137420980106836,-0.0012295740532628,-0.0345546528753045,-0.0250868857430177,-0.0524344035232565,-0.07,-0.0196199681599841,-0.0011024655445731,-0.0277895637870254,-0.0283550425727062,-0.0250868857430177,-0.0544673825202219,0.0699659171138469,-0.0054980901017966,-0.0323632124300221,-0.0180488998307187,0.0194493414398545
FR,2035,-0.0311219948855845,-0.0311219948855845,0.0015581696682843,-0.0176498671180337,-0.0176498671180337,0.0155713932531134,0.0155713932531134,0.0155713932531134,0.0155713932531134,0.0155713932531134,0.0155713932531134,0.0155713932531134,-0.008186930560911,-0.0138214537322504,-0.0002870590643962,-0.0319471722820042,-0.0251657299165364,-0.0525110428051485,-0.07,-0.033361104393679,-0.0011832434602211,-0.0278681900573238,-0.027090721599536,-0.0251657299165364,-0.0545437369559399,0.0052348763801938,-0.0276253252358063,-0.0347622395675798,-0.018128069566557,0.0193671484110486
FR,2040,-0.0306080694229916,-0.0306080694229916,0.0014467104935069,-0.0192102026692165,-0.0192102026692165,0.0158548932665247,0.0158548932665247,0.0158548932665247,0.0158548932665247,0.0158548932665247,0.0158548932665247,0.0158548932665247,-0.0082973030747389,-0.0139311979491747,5.037318450418172e-05,-0.0298792807626696,-0.0252747666931041,-0.0526170303484638,-0.07,-0.0392716276288541,-0.0012949544865029,-0.0279769254867702,-0.0261112904067025,-0.0252747666931041,-0.0546493305740324,0.0013790635579824,-0.0277108966105386,-0.0348698717269743,-0.0182375565763421,0.0192534803679023
FR,2045,-0.0307723552269535,-0.0307723552269535,0.0010442931561406,-0.0194356004300422,-0.0194356004300422,0.015532832107638,0.015532832107638,0.015532832107638,0.015532832107638,0.015532832107638,0.015532832107638,0.015532832107638,-0.0086957970813721,-0.0143274235237339,-0.0005431954696085,-0.0302533801136418,-0.0256684380924215,-0.0529996926556284,-0.07,-0.0389788146300951,-0.0016982811201388,-0.028369508888563,-0.0264951619847078,-0.0256684380924215,-0.0550305706354317,0.0011053592226442,-0.0280893759625599,-0.0352584718317662,-0.0186328535184007,0.0188430880304574
FR,2050,-0.0312519668467008,-0.0312519668467008,0.0004039730752359,-0.0200185801466071,-0.0200185801466071,0.0144970474182759,0.0144970474182759,0.0144970474182759,0.0144970474182759,0.0144970474182759,0.0144970474182759,0.0144970474182759,-0.0093298744206771,-0.0149578913699223,-0.0010292223803157,-0.0311729377251219,-0.0262948417754997,-0.0536085788459858,-0.07,-0.0394102167396672,-0.0023400480588376,-0.0289941813672467,-0.0272681206781976,-0.0262948417754997,-0.0556371937708984,0.0009398179341307,-0.028744793908013,-0.0358768061514761,-0.0184919304852656,0.0181900782559901
GF,2025,0.0001722652624916,0.0001722652624916,-0.0629510670458758,-0.0031482751915315,-0.0031482751915315,0.0237215050080043,0.0237215050080043,0.0237215050080043,0.0237215050080043,0.0237215050080043,0.0237215050080043,0.0237215050080043,-0.068,0.07,-0.0049480191975408,0.0001674791566403,-0.0131809664876846,0.0135302831185192,0.0135302831185192,0.0283463329968353,0.0135302831185192,0.0135302831185192,0.0001674791566403,-0.0131809664876846,0.0135302831185192,0.0055100943728397,0.008857918625871,0.0165302831185192,-0.0314537803697608,0.0165302831185192
GF,2030,-0.0140156264107769,-0.0140156264107769,-0.0478046545482346,-0.0039796457740077,-0.0039796457740077,0.023037111170512,0.023037111170512,0.023037111170512,0.023037111170512,0.023037111170512,0.023037111170512,0.023037111170512,-0.068,-0.068,-0.0058260352908289,-0.0144653949166885,-0.0084224127187801,0.0143909305641664,0.0143909305641664,0.0232995557756363,0.0143909305641664,0.0143909305641664,-0.0213505754592077,-0.0084224127187801,0.0158909305641664,0.0176746372870059,0.0135158481671763,0.021550585242896,-0.0282933934827753,0.0173909305641664
GF,2035,-0.0131002739497827,-0.0131002739497827,-0.0474954260214209,-0.0057866681798145,-0.0057866681798145,0.0216765925334854,0.0216765925334854,0.0216765925334854,0.0216765925334854,0.0216765925334854,0.0216765925334854,0.0216765925334854,-0.068,0.07,-0.0010969597428158,-0.0126592320812702,-0.008127096927956,0.0146546120356784,0.0146546120356784,0.0155441032093848,0.0146546120356784,0.0146546120356784,-0.0202840189864303,-0.008127096927956,0.0161546120356783,0.019856523671575,0.0103541370036841,0.0176546120356784,-0.0280969688539987,0.0176546120356783
GF,2040,-0.0128398083612076,-0.0128398083612076,-0.0479086043208961,-0.005945861861377,-0.005945861861377,0.0215864564331158,0.0215864564331158,0.0215864564331158,0.0215864564331158,0.0215864564331158,0.0215864564331158,0.0215864564331158,-0.068,0.07,-0.002314036984522,-0.0117244649461313,-0.0085270718491353,0.0142335241034424,0.0142335241034424,0.0157495043476069,0.0142335241034424,0.0142335241034424,-0.0200060663739223,-0.0085270718491353,0.0157335241034424,0.0172335241034424,0.0104610624839777,0.0172335241034425,-0.0283630943799105,0.0172335241034424
GF,2045,-0.0136460343959603,-0.0136460343959603,-0.049166314645306,-0.0068330299082535,-0.0068330299082535,0.0211415305692228,0.0211415305692228,0.0211415305692228,0.0211415305692228,0.0211415305692228,0.0211415305692228,0.0211415305692228,-0.068,0.07,-0.0032866987331352,-0.0130310000197418,-0.0098643098619773,0.0128656805977399,0.0128656805977399,0.0149365191715058,0.0128656805977399,0.0128656805977399,-0.0213126501707181,-0.0098643098619773,0.0143656805977399,0.0160732653071906,0.0092985722984529,0.0158656805977399,-0.0292527777446849,0.0158656805977399
GF,2050,-0.0141942627774853,-0.0141942627774853,-0.0502559280914503,-0.0076818253459783,-0.0076818253459783,0.0203999778798624,0.0203999778798624,0.0203999778798624,0.0203999778798624,0.0203999778798624,0.0203999778798624,0.0203999778798624,-0.068,0.07,-0.0040492654677214,-0.0143418241924184,-0.0110047984623748,0.0116990895268905,0.0116990895268905,0.0138745195623056,0.0116990895268905,0.0116990895268905,-0.0225252553220293,-0.0110047984623748,0.0131990895268905,0.0155896815140485,0.0078465471803299,0.0146990895268905,-0.0297302444107535,0.0146990895268905
PF,2025,0.0052939935471848,0.0052939935471848,0.0107595129304995,0.0015665498028498,0.0015665498028498,-0.0065498114546758,-0.0065498114546758,-0.0065498114546758,-0.0065498114546758,-0.0065498114546758,-0.0065498114546758,-0.0065498114546758,-0.0049311074037684,0.0037937522456172,0.0067134899378725,0.0135655045813586,0.0035227238145785,-0.0012062477543827,-0.0012062477543827,0.0136098021239334,-0.0012062477543827,-0.0012062477543827,0.0135655045813586,0.0035227238145785,-0.0012062477543827,0.067500247823806,0.012572432853067,0.0017937522456172,0.0065227238145785,0.0172316814910771
PF,2030,0.0036693536110575,0.0036693536110574,0.0146628518066851,0.0021324343963101,0.0021324343963101,-0.0034853720110976,-0.0034853720110976,-0.0034853720110976,-0.0034853720110976,-0.0034853720110976,-0.0034853720110976,-0.0034853720110976,0.0022651231706842,0.0041186630676954,-0.001564919057802,0.0153307475051552,0.0014363487724792,-0.0008813369323045,-0.0008813369323045,0.0080272882791654,-0.0008813369323045,-0.0008813369323045,0.0086062455303625,0.0014363487724792,0.0006186630676954,-0.0054357934286193,0.0236203352472142,0.0062783177464251,0.0044363487724792,0.0174951634071309
PF,2035,0.0036471077398788,0.0036471077398788,0.0146404095299572,0.0001054525561051,0.0001054525561051,0.0013438078706797,0.0013438078706797,0.0013438078706797,0.0013438078706797,0.0013438078706797,0.0013438078706797,0.0013438078706797,0.0022429556480427,0.004096454467557,-0.0013193580555374,0.0153081796185229,0.001414088808608,-0.0009035455324429,-0.0009035455324429,-1.4054358736363856e-05,-0.0009035455324429,-0.0009035455324429,0.0085838599122403,0.001414088808608,0.000596454467557,0.0539818964998169,0.0096087408169733,0.002096454467557,0.004414088808608,0.0174726140384187
PF,2040,0.0022398944681253,0.0022398944681253,0.013222675073651,-0.0011402489591273,-0.0011402489591273,0.0062713084423198,0.0062713084423198,0.0062713084423198,0.0062713084423198,0.0062713084423198,0.0062713084423198,0.0062713084423198,0.0008425780909611,0.0026934819427883,-0.0017168141542258,0.013882510072061,7.871509059070511e-06,-0.0023065180572116,-0.0023065180572116,-0.0007905378130472,-0.0023065180572116,-0.0023065180572116,0.0071697047210397,7.871509059070511e-06,-0.0008065180572116,-0.07,0.0081952508102803,0.0006934819427883,0.003007871509059,0.0160481143150275
PF,2045,0.0008492205201591,0.0008492205201591,0.0118216033383624,-0.0023873765611573,-0.0023873765611573,0.0092877671381732,0.0092877671381732,0.0092877671381732,0.0092877671381732,0.0092877671381732,0.0092877671381732,0.0092877671381732,-0.0005413407418163,0.0013069986411403,-0.0031891255961421,0.0124735965082237,-0.0013818184313299,-0.0036930013588597,-0.0036930013588596,-0.0016221627850938,-0.0036930013588596,-0.0036930013588597,0.005772170183532,-0.0013818184313299,-0.0021930013588596,0.0278725578353896,0.0067983736393254,-0.0006930013588596,0.00161818156867,0.0146403568252577
PF,2050,-0.0005540757152595,-0.0005540757152595,0.0104078153161761,-0.0037596489419321,-0.0037596489419321,0.0106274325145609,0.0106274325145609,0.0106274325145609,0.0106274325145609,0.0106274325145609,0.0106274325145609,0.0106274325145609,-0.0019378201797913,-9.206854111743108e-05,-0.0043555586208788,0.0110518954841581,-0.0027841213561479,-0.0050920685411175,-0.0050920685411174,-0.0029166385057024,-0.0050920685411174,-0.0050920685411174,0.0043619514631371,-0.0027841213561479,-0.0035920685411175,0.07,0.0053888182518171,-0.0020920685411174,0.0007795693874941,0.0132198223679198
GA,2025,-0.0293000444676507,-0.0293000444676507,0.0454593917135173,0.0245487873650924,0.0245487873650924,0.0309539456419292,0.0309539456419292,0.0309539456419292,0.0309539456419292,0.0309539456419292,0.0309539456419292,0.0309539456419292,0.025581339328033,0.0202531104254444,0.0173703654933737,-0.0479857813590681,-0.0623212296059395,0.0224068775620555,0.0224068775620555,-0.0077101902867274,0.0579171228570086,0.0224068775620555,-0.0479857813590681,-0.0623212296059395,0.0224068775620555,0.0054833088535664,0.0012785010936986,0.014798957842959,-0.0268101196317084,0.0254068775620555
GA,2030,-0.0515706193189017,-0.0515706193189017,0.0394499194731539,0.0371906385402862,0.0371906385402862,0.0308358610657868,0.0308358610657868,0.0308358610657868,0.0308358610657868,0.0308358610657868,0.0308358610657868,0.0308358610657868,0.0238622475711003,-0.068,-0.0684057188277507,-0.0545290323321937,-0.0623212296059395,0.0174265460247228,0.017426546024723,0.0618735650033975,0.0456001955619239,0.017426546024723,-0.0622645161660968,-0.0623212296059395,-0.0262867269876385,0.0148399674593318,0.0005012069752214,0.0210452410972862,-0.0699999999999999,0.0204265460247229
GA,2035,-0.0487778794290282,-0.0487778794290282,0.0381888016738529,0.0359996825098945,0.0359996825098945,0.0296883152896312,0.0296883152896312,0.0296883152896312,0.0296883152896312,0.0296883152896312,0.0296883152896312,0.0296883152896312,0.0226200780507632,-0.068,-0.0688417726671753,-0.0365321687026657,-0.0623212296059395,0.0161861217344357,0.0161861217344357,0.0608670066994134,0.0443255235549656,0.0161861217344357,-0.0532660843513328,-0.0623212296059395,0.0215636623413901,-0.0477846530836536,0.0353132920426353,0.0114948682693325,-0.0268101196317084,0.0191861217344357
GA,2040,-0.0492442775687859,-0.0492442775687859,0.0375112333023561,0.0355038747169234,0.0355038747169234,0.0298672717764409,0.0298672717764409,0.0298672717764409,0.0298672717764409,0.0298672717764409,0.0298672717764409,0.0298672717764409,0.0219526901354676,-0.068,-0.0645239006459936,-0.0386641072961986,-0.0623212296059395,0.0155196714894224,0.0155196714894222,0.0609024644102893,0.0436406728325146,0.0155196714894222,-0.0543320536480993,-0.0623212296059395,-0.0272401642552887,0.0153989170694407,0.0087004569119455,0.0108334473684663,-0.0268101196317084,0.0185196714894222
GA,2045,-0.052200522297128,-0.052200522297128,0.0366912243961807,0.0348995592791105,0.0348995592791105,0.0294230262855075,0.0294230262855075,0.0294230262855075,0.0294230262855075,0.0294230262855075,0.0294230262855075,0.0294230262855075,0.0211450018527232,-0.068,-0.0672690941342893,-0.0555950221737578,-0.0623212296059395,0.0147131179969289,0.0147131179969289,0.0609282666099177,0.0428118506568721,0.0147131179969289,-0.0627975110868789,-0.0623212296059395,-0.0276434410015355,0.0319791466411885,0.0082539901910992,0.0100329805045205,-0.0268101196317084,0.0177131179969289
GA,2050,-0.0527867576159485,-0.0527867576159485,0.0353783069872446,0.0339228426691469,0.0339228426691469,0.0282584521051048,0.0282584521051048,0.0282584521051048,0.0282584521051048,0.0282584521051048,0.0282584521051048,0.0282584521051048,0.01985181101123,-0.068,-0.0666493368892021,-0.0578210601594484,-0.0623212296059395,0.0134217440696969,0.0134217440696972,0.0609329932858208,0.0414848223098397,0.0134217440696972,-0.0639105300797242,-0.0623212296059395,-0.0282891279651515,0.0456508457848253,0.0063584265998675,0.0087513518867869,-0.0262581412313855,0.0164217440696972
GM,2025,0.0187859534216944,0.0187859534216944,0.0266453214283099,0.026599333897889,0.026599333897889,0.0443215097814113,0.0443215097814113,0.0443215097814113,0.0443215097814113,0.0443215097814113,0.0443215097814113,0.0443215097814113,0.0266453214283099,0.0266453214283099,0.0247995898918797,0.0367967011591856,-0.0020841623224121,0.0216453214283099,0.0216453214283099,0.0364613713066261,0.0216453214283099,0.0216453214283099,0.0367967011591856,-0.0020841623224121,0.0216453214283099,0.0015620037492787,0.0062491212412421,0.0246453214283099,0.0009158376775878,0.0246453214283099
GM,2030,0.0075277265694078,0.0075277265694078,0.0232224921799319,0.0216996484827994,0.0216996484827994,0.0483478799990693,0.0483478799990693,0.0483478799990693,0.0483478799990693,0.0483478799990693,0.0483478799990693,0.0483478799990693,0.0232224921799319,0.0232224921799319,0.0198532589659781,0.031678583719551,-0.003753258430782,0.0182224921799319,0.0182224921799319,0.0271311173914019,0.0182224921799319,0.0182224921799319,0.0146789695248122,-0.003753258430782,0.0197224921799319,0.0382399949245021,0.0650557062637182,0.0253821468586616,-0.000753258430782,0.0212224921799319
GM,2035,0.0055520213727261,0.0055520213727261,0.0208260741584496,0.0172984469518762,0.0172984469518762,0.0475993062811077,0.0475993062811077,0.0475993062811077,0.0475993062811077,0.0475993062811077,0.0475993062811077,0.0475993062811077,0.0208260741584496,0.0208260741584496,0.021988155388875,0.0309347252931738,-0.0060981077831424,0.0158260741584496,0.0158260741584496,0.0167155653321562,0.0158260741584496,0.0158260741584496,0.0131364546630103,-0.0060981077831424,0.0173260741584496,0.0375127304754852,0.0661920131885005,0.0188260741584496,-0.0030981077831424,0.0188260741584496
GM,2040,0.0041370347931221,0.0041370347931221,0.0190407461240178,0.0156697411850589,0.0156697411850589,0.0479757167214791,0.0479757167214791,0.0479757167214791,0.0479757167214791,0.0479757167214791,0.0479757167214791,0.0479757167214791,0.0190407461240178,0.0190407461240178,0.0193015660619139,0.0304876986290228,-0.0078450172320619,0.0140407461240178,0.0140407461240178,0.0155567263681821,0.0140407461240178,0.0140407461240178,0.0120408566794097,-0.0078450172320619,0.0155407461240178,0.0336082523425623,0.0661168694588872,0.0170407461240178,-0.0048450172320619,0.0170407461240178
GM,2045,0.0026010709739626,0.0026010709739626,0.0173466809586531,0.0141143906020945,0.0141143906020945,0.0472014690422541,0.0472014690422541,0.0472014690422541,0.0472014690422541,0.0472014690422541,0.0472014690422541,0.0472014690422541,0.0173466809586531,0.0173466809586531,0.0176607217772129,0.0287979212387028,-0.0095026277032954,0.0123466809586531,0.0123466809586531,0.0144175195324189,0.0123466809586531,0.0123466809586531,0.0103684627858181,-0.0095026277032954,0.0138466809586531,0.031950516857487,0.0656207216668195,0.0153466809586531,-0.0065026277032954,0.0153466809586531
GM,2050,0.0009821122867587,0.0009821122867588,0.0155895582462963,0.0123834157551501,0.0123834157551501,0.0461401858587928,0.0461401858587928,0.0461401858587928,0.0461401858587928,0.0461401858587928,0.0461401858587928,0.0461401858587928,0.0155895582462963,0.0155895582462963,0.016015975633407,0.026847934284269,-0.0112219387822275,0.0105895582462963,0.0105895582462963,0.0127649882817113,0.0105895582462963,0.0105895582462963,0.0085351621971129,-0.0112219387822275,0.0120895582462963,0.0304048595793624,0.0635193959652463,0.0135895582462963,-0.0075225946923766,0.0135895582462963
GE,2025,-0.0243333333333333,-0.0243333333333333,0.0115962152045201,-0.005493239276068,-0.005493239276068,0.018945173777692,0.018945173777692,0.018945173777692,0.018945173777692,0.018945173777692,0.018945173777692,0.018945173777692,0.0540510303919847,0.07,-0.0177813631803003,-0.07,-0.07,0.067,-0.0033771594512725,-0.0586222651835248,-0.07,0.0525982776872681,-0.07,-0.07,0.067,0.0424303071548592,0.0166786297912487,0.0683802073808619,-0.0699609000959379,0.0632661862922836
GE,2030,-0.012501719372266,-0.012501719372266,-0.0214065099142226,-0.0304550947978454,-0.0304550947978454,0.0144333783698078,0.0144333783698078,0.0144333783698078,0.0144333783698078,0.0144333783698078,0.0144333783698078,0.0144333783698078,0.07,-0.068,-0.07,-0.0574007297305842,-0.0241256280392054,0.067,-0.0037890593732671,-0.0518203791913816,-0.07,-0.07,-0.0392631788848948,-0.0241256280392054,0.0331054703133663,-0.0056359686488875,-0.0676859705081751,0.07,-0.0372570277122521,-0.07
GE,2035,-0.0149349260843582,-0.0149349260843582,-0.021978914911278,-0.00075,-0.00075,0.0133703945745418,0.0133703945745418,0.0133703945745418,0.0133703945745418,0.0133703945745418,0.0133703945745418,0.0133703945745418,0.07,-0.068,-0.07,-0.07,-0.0246993699161357,0.067,-0.0043747210035497,-0.07,-0.07,0.067,-0.0458496849580678,-0.0246993699161357,0.032812639498225,0.0376879152463503,0.0483244980198359,0.0695433830227083,-0.0378186879015227,0.07
GE,2040,-0.0150615163970789,-0.0150615163970789,-0.0222492498194647,-0.00075,-0.00075,0.0134195323687416,0.0134195323687416,0.0134195323687416,0.0134195323687416,0.0134195323687416,0.0134195323687416,0.0134195323687416,0.07,-0.068,-0.07,-0.07,-0.0249703362047264,0.067,-0.0046513167423457,-0.07,-0.07,0.067,-0.0459851681023632,-0.0249703362047264,0.0326743416288271,0.0138231301495755,0.0483305950295481,0.0695211990539298,-0.0380839482617217,0.07
GE,2045,-0.0149054838468059,-0.014905483846806,-0.0221047234679153,-0.0007361868734462,-0.0007361868734462,0.0116922289795318,0.0116922289795318,0.0116922289795318,0.0116922289795318,0.0116922289795318,0.0116922289795318,0.0116922289795318,0.07,-0.068,-0.07,-0.07,-0.0248254723048122,0.067,-0.004503443227784,-0.0699447474937851,-0.07,0.067,-0.0459127361524061,-0.0248254723048122,0.0327482783861079,0.0147115522276317,0.0484153850233343,0.0695330590393528,-0.0379421348631954,0.07
GE,2050,-0.0152742928671152,-0.0152742928671152,-0.0227531310302455,0.0138010465006163,0.0138010465006163,0.0094865856710804,0.0094865856710804,0.0094865856710804,0.0094865856710804,0.0094865856710804,0.0094865856710804,0.0094865856710804,0.07,-0.068,-0.07,-0.07,-0.0254753942547271,0.067,-0.0051668676073676,-0.0117958139975345,-0.07,0.067,-0.0462376971273635,-0.0254753942547271,0.0324165661963161,0.0117222209856517,0.048402967877412,0.0694798500282969,-0.037737956041707,0.07
DE,2025,0.0006783130556714,0.0006783130556714,0.005855335888468,-0.0085016816071945,-0.0085016816071945,0.0006957178736992,0.0006957178736992,0.0006957178736992,0.0006957178736992,0.0006957178736992,0.0006957178736992,0.0006957178736992,-0.0043970336935904,-0.0046425834467255,0.0623256539024976,-0.0210473062941073,0.01285636529386,0.0102258801672615,0.067,-0.0570395701713745,0.0269345896327165,0.0004952878034701,-0.0210473062941073,0.01285636529386,0.0102258801672615,0.07,-0.0217485180273566,0.0058815581566796,0.0250479453238858,-0.0089553807306016
DE,2030,-0.0265460938093601,-0.0265460938093601,-0.0082274109037096,-0.0174619559909674,-0.0174619559909674,0.0003366323522306,0.0003366323522306,0.0003366323522306,0.0003366323522306,0.0003366323522306,0.0003366323522306,0.0003366323522306,-0.0118168353213813,0.0102360703181556,0.043316790816383,-0.0412830112554848,-0.0227022589459922,-0.0134090019807222,0.0122902983471912,-0.0495610294243886,0.0027542952739959,-0.0112242544920956,-0.0303523517517811,-0.0227022589459922,-0.0408876312381928,0.07,-0.0124472915304727,-0.0084468257629335,-0.007014865842585,-0.0220633224883619
DE,2035,-0.0243619139551783,-0.0243619139551782,-0.0073081715783603,-0.0218789267435695,-0.0218789267435695,0.0025828349010514,0.0025828349010514,0.0025828349010514,0.0025828349010514,0.0025828349010514,0.0025828349010514,0.0025828349010514,-0.0109009296305623,0.0111724573784583,0.0445085709915836,-0.0373595859061092,-0.0217966105114502,-0.0124899313058901,0.0132332369364872,-0.07,0.0036883774157322,-0.0103031547594482,-0.0279352889532366,-0.0217966105114502,-0.0399954741149196,0.0008369978605507,-0.0361468960432504,-0.0097750442832681,-0.0060958744854483,-0.0211550756227958
DE,2040,-0.0233616422685743,-0.0233616422685743,-0.0073620028651121,-0.021919495941716,-0.021919495941716,0.0060051947970305,0.0060051947970305,0.0060051947970305,0.0060051947970305,0.0060051947970305,0.0060051947970305,0.0060051947970305,-0.0109545656973845,0.0111176219085609,0.045388978718473,-0.0349378421075869,-0.0218496459062943,-0.0125437527163517,0.0131780178045485,-0.07,0.0036336769234502,-0.01035709499293,-0.0267510826702234,-0.0218496459062943,-0.0400477194493023,-0.0027517464833567,-0.0361789412498253,-0.0098288502015272,-0.0061496912510111,-0.0212082631835467
DE,2045,-0.0227154620670729,-0.0227154620670729,-0.0072382892335398,-0.0218158259168984,-0.0218158259168984,0.0063003613778411,0.0063003613778411,0.0063003613778411,0.0063003613778411,0.0063003613778411,0.0063003613778411,0.0063003613778411,-0.0108313007150625,0.0112436433271325,0.0453570770655992,-0.0348128204924982,-0.0217277613723375,-0.0124200617822071,0.0133049209450196,-0.0699582601097065,0.0037593881400553,-0.01023313098288,-0.0266272896525889,-0.0217277613723375,-0.0399276506112865,-0.0024085898572721,-0.0360489979018347,-0.0097051948711503,-0.0060260109916492,-0.0210860289459497
DE,2050,-0.0227209912649542,-0.0227209912649542,-0.0076137967490899,-0.0220708997328304,-0.0220708997328304,0.0057084959897846,0.0057084959897846,0.0057084959897846,0.0057084959897846,0.0057084959897846,0.0057084959897846,0.0057084959897846,-0.0112054464472491,0.0108611309944774,0.0451725651501396,-0.0355245951094849,-0.0220977170348495,-0.0127955004043416,0.0129197323252353,-0.0698465713750505,0.0033778173622497,-0.0106093984712719,-0.027169186620373,-0.0220977170348495,-0.0402920950988123,-0.0020416771852052,-0.0364389920016702,-0.0100805254253038,-0.0057109231314892,-0.0214570460625915
GH,2025,0.0046728474458043,0.0046728474458043,0.07,0.0345627162151184,0.0345627162151184,0.0481976707274838,0.0481976707274838,0.0481976707274838,0.0481976707274838,0.0481976707274838,0.0481976707274838,0.0481976707274838,0.07,-0.0023052300671834,0.0436344624724203,-0.0069869687921998,0.0031328007670255,0.0178727103625874,0.0178727103625874,0.0635513231857248,-0.0131731686878384,0.0178727103625874,-0.0069869687921998,0.0031328007670255,0.0178727103625874,0.0699999999999999,0.0118983180026613,0.07,0.0112262324492687,0.0208727103625874
GH,2030,0.0377098084629652,0.0377098084629652,0.0511013397544239,0.0325140803319491,0.0325140803319491,0.0456429912740055,0.0456429912740055,0.0456429912740055,0.0456429912740055,0.0456429912740055,0.0456429912740055,0.0456429912740055,0.0641252787017192,0.07,0.0179588915149204,0.001774482496038,-6.630412825254974e-05,0.014550672410006,0.014550672410006,0.067,-0.0156196297839284,0.0145506724100058,0.0019422834636911,-6.630412825254974e-05,0.042275336205003,-0.0471541057531457,0.0156463226740806,-0.0616806906425407,0.0077793978953038,0.0175506724100058
GH,2035,0.0370887649899488,0.0370887649899488,0.0498091444645834,0.0315696444652903,0.0315696444652903,0.0436031242813377,0.0436031242813377,0.0436031242813377,0.0436031242813377,0.0436031242813377,0.0436031242813377,0.0436031242813377,0.0628170416131266,0.07,0.0170774661426312,0.000536885321739,-0.0013016339755398,0.0132973385934939,0.0132973385934939,0.067,-0.0168358023454591,0.0132973385934939,0.0007063271807432,-0.0013016339755398,0.0416486692967469,-0.0270323613971155,0.0122660040117364,0.0039663025136232,0.0065380995175289,0.0162973385934939
GH,2040,0.0364118615848003,0.0364118615848003,0.0484007223012179,0.0305402610455103,0.0305402610455103,0.0436918505588599,0.0436918505588599,0.0436918505588599,0.0436918505588599,0.0436918505588599,0.0436918505588599,0.0436918505588599,0.0613911347668494,0.07,0.0268560975650871,-0.0008120278830262,-0.0026480759179196,0.0119312733097479,0.0119312733097479,0.067,-0.0181613638945559,0.0119312733097479,-0.000640797542231,-0.0026480759179196,0.0409656366548739,0.0149312733097479,0.012442718186166,-0.07,0.0051851522034865,0.0149312733097479
GH,2045,0.0357216768964335,0.0357216768964335,0.0469646659828155,0.0294906804563346,0.0294906804563346,0.0433726662541227,0.0433726662541227,0.0433726662541227,0.0433726662541227,0.0433726662541227,0.0433726662541227,0.0433726662541227,0.0599372507047328,0.07,0.0161280836417054,-0.002187407638518,-0.0040209359232572,0.0105384049403768,0.0105384049403768,0.067,-0.0195129338197711,0.0105384049403768,-0.0020143537247607,-0.0040209359232572,0.0402692024701884,0.0518151547718879,0.0099646502426702,0.07,0.0038056591868806,0.0135384049403768
GH,2050,0.0350132134767927,0.0350132134767927,0.0454905773985852,0.0284133029573412,0.0284133029573412,0.0426219785832933,0.0426219785832933,0.0426219785832933,0.0426219785832933,0.0426219785832933,0.0426219785832933,0.0426219785832933,0.0584448622299231,0.07,0.0154068257928222,-0.0035992127122969,-0.0054301545142569,0.00910864808731,0.00910864808731,0.067,-0.0209002984878683,0.00910864808731,-0.003424286930388,-0.0054301545142569,0.039554324043655,0.0699999999999999,0.0087720241282522,-0.07,0.0029474656032843,0.01210864808731
GI,2025,0.0061335063876329,0.0061335063876329,0.0243367149995963,0.0322974397565876,0.0322974397565876,0.0237215050080043,0.0237215050080043,0.0237215050080043,0.0237215050080043,0.0237215050080043,0.0237215050080043,0.0237215050080043,0.07,0.0197912363826782,0.0179455048462479,0.0299426161135538,-0.0263333333333333,0.0147912363826782,0.0147912363826782,0.0296072862609943,0.0147912363826782,0.0147912363826782,0.0299426161135538,-0.0263333333333333,0.0147912363826782,0.0261146798072904,0.0205483110701151,0.0177912363826782,0.07,0.0177912363826782
GI,2030,0.0444879854953775,0.0444879854953775,0.07,0.0284040893401097,0.0284040893401097,0.023037111170512,0.023037111170512,0.023037111170512,0.023037111170512,0.023037111170512,0.023037111170512,0.023037111170512,0.07,0.0165692440496563,0.0132000108357024,0.0250253355892753,0.0203333333333333,0.0115692440496563,0.0115692440496563,0.0204778692611262,0.0115692440496563,0.0115692440496563,0.0475126677946377,0.0203333333333333,0.0130692440496563,0.07,0.0212040115209943,0.0187288987283859,-0.07,0.0145692440496563
GI,2035,0.0366557639876874,0.0366557639876874,0.07,0.0256570975902018,0.0256570975902018,0.0216765925334854,0.0216765925334854,0.0216765925334854,0.0216765925334854,0.0216765925334854,0.0216765925334854,0.0216765925334854,0.07,0.0155796330623669,0.0167417142927921,0.0256882841970911,-0.0263333333333333,0.0105796330623667,0.0105796330623669,0.0114691242360735,0.0105796330623667,0.0105796330623669,0.0478441420985455,-0.0263333333333333,0.0120796330623668,-0.0098183220635278,0.0168136437803368,0.0135796330623669,0.07,0.0135796330623669
GI,2040,0.0352016872965894,0.0352016872965894,0.07,0.0220401842889904,0.0220401842889904,0.0215864564331158,0.0215864564331158,0.0215864564331158,0.0215864564331158,0.0215864564331158,0.0215864564331158,0.0215864564331158,0.07,0.0105482523039324,0.0108090722418284,0.0219952048089373,-0.0263333333333333,0.0055482523039324,0.0055482523039324,0.0070642325480967,0.0055482523039324,0.0055482523039324,0.0459976024044687,-0.0263333333333333,0.0070482523039324,0.07,0.0122709339944893,0.0085482523039324,0.07,0.0085482523039324
GI,2045,0.0415082196826394,0.0415082196826394,0.07,0.0188669888243615,0.0188669888243615,0.0211415305692228,0.0211415305692228,0.0211415305692228,0.0211415305692228,0.0211415305692228,0.0211415305692228,0.0211415305692228,0.07,0.0061323722412267,0.0064464130597865,0.0175836125212764,0.0203333333333333,0.0011323722412267,0.0011323722412267,0.0032032108149926,0.0011323722412267,0.0011323722412267,0.0437918062606382,0.0203333333333333,0.0026323722412267,-0.0191056484191401,0.0079326090016341,0.0041323722412267,0.07,0.0041323722412267
GI,2050,0.0336704122696313,0.0336704122696313,0.07,0.0188303941012846,0.0188303941012846,0.0203999778798624,0.0203999778798624,0.0203999778798624,0.0203999778798624,0.0203999778798624,0.0203999778798624,0.0203999778798624,0.07,0.0060487154565744,0.0064751328436851,0.0173070914945471,-0.0263333333333333,0.0010487154565744,0.0010487154565744,0.0032241454919894,0.0010487154565744,0.0010487154565744,0.0436535457472735,-0.0263333333333333,0.0025487154565744,-0.019104043444525,0.0074545230272957,0.0040487154565744,0.07,0.0040487154565744
GR,2025,-0.0009475508394793,-0.0009475508394793,-0.0006837047740775,-0.0286574928065724,-0.0286574928065724,0.0044683324139778,0.0044683324139778,0.0044683324139778,0.0044683324139778,0.0044683324139778,0.0044683324139778,0.0044683324139778,-0.0118587678726923,0.0156641810805935,0.0205600058645394,-0.0083253936458372,-0.0241869794733145,0.0296697206007138,-0.0089835566429388,0.0229883988911029,-0.07,-0.0557596022447003,-0.0083253936458372,-0.0241869794733145,0.0296697206007138,-0.0385910776126503,-0.0212882652097164,0.0081182007640345,-0.0206818330168015,0.0231164608730851
GR,2030,0.0094475868373807,0.0094475868373807,0.0021752843417253,2.7483019196740573e-05,2.7483019196740573e-05,0.0074968008648086,0.0074968008648086,0.0074968008648086,0.0074968008648086,0.0074968008648086,0.0074968008648086,0.0074968008648086,-0.0021001310913737,-0.0029586464860363,0.0127746903188808,0.0357201035653406,-0.0191219639930106,0.067,-0.0073554780700867,0.0089701533600866,0.0092342054525828,-0.0159942956445087,0.0098431279061479,-0.0191219639930106,0.0384337193388541,-0.0182274167556061,0.0264676155831301,0.0278681423340485,-0.0132131639595398,0.0263046752455917
GR,2035,0.0100448409678954,0.0100448409678954,0.001867886565686,-0.0024803822627426,-0.0024803822627426,0.0082133712567773,0.0082133712567773,0.0082133712567773,0.0082133712567773,0.0082133712567773,0.0082133712567773,0.0082133712567773,-0.0024062148445447,-0.0032644663797347,0.017564757011411,0.0384609551223966,-0.0194243529091309,0.067,-0.0076614833439205,-0.000140769816656,0.008923101440658,-0.0162976458304278,0.0110623456856212,-0.0194243529091309,0.0382785310385613,-0.0153921419936214,0.0072655803041125,0.0242843395107525,-0.0135164468776168,0.0259892467605568
GR,2040,0.0107791771017328,0.0107791771017328,0.0018206691002312,-0.0022808175396123,-0.0022808175396123,0.0085948520996073,0.0085948520996073,0.0085948520996073,0.0085948520996073,0.0085948520996073,0.0085948520996073,0.0085948520996073,-0.0024532304710982,-0.0033114414764716,0.0141674325663586,0.040885079188291,-0.0194708009946857,0.067,-0.0077084869157499,0.0007988872000222,0.0088753146833001,-0.0163442415706734,0.0122511815958428,-0.0194708009946857,0.0382546935264539,-0.0047084869157499,0.0073536862256998,0.0242359690099426,-0.0135630322852664,0.0259407957477111
GR,2045,0.0111735634194085,0.0111735634194085,0.0018387830212602,-0.0020403285404267,-0.0020403285404267,0.0085115081995226,0.0085115081995226,0.0085115081995226,0.0085115081995226,0.0085115081995226,0.0085115081995226,0.0085115081995226,-0.0024351939810343,-0.0032934205347623,0.0140585004636108,0.0409113610303728,-0.0194529822289899,0.067,-0.0076904550502103,0.0017065989795037,0.0088936470003925,-0.0163263661605689,0.0122732326976571,-0.0194529822289899,0.0382638382530437,-0.0045525686354924,0.0074264801325245,0.0242545252671107,-0.0135451608390304,0.0259593828915151
GR,2050,0.0109067493837563,0.0109067493837563,0.0011159084172404,-0.0026590812378712,-0.0026590812378712,0.0089868918454771,0.0089868918454771,0.0089868918454771,0.0089868918454771,0.0089868918454771,0.0089868918454771,0.0089868918454771,-0.0031549785374529,-0.0040125846009672,0.0134690779928755,0.0398223508585458,-0.0201640780307128,0.067,-0.0084100550551319,0.0013963192277946,0.0081620568362509,-0.0170397224780777,0.0113731478679676,-0.0201640780307128,0.0378988984588518,-0.0047705729526838,0.006481827668339,0.0235139982972219,-0.0134560517612116,0.0252176233246306
GL,2025,0.0114687514952475,0.0114687514952475,0.0070754260936833,0.0176409850393063,0.0176409850393063,0.0237215050080043,0.0237215050080043,0.0237215050080043,0.0237215050080043,0.0237215050080043,0.0237215050080043,0.0237215050080043,0.0142770555827198,0.0035540212413074,0.0392438247564844,0.0404062544857425,-0.003,-0.003,-0.003,0.0622868845745057,-0.003,-0.003,0.0404062544857425,-0.003,-0.003,0.062925360466673,0.029223894754344,0.0,0.0,-0.009378307945541
GL,2030,-0.0008578212585687,-0.0008578212585687,0.0099052063975861,0.0096226064828547,0.0096226064828547,0.023037111170512,0.023037111170512,0.023037111170512,0.023037111170512,0.023037111170512,0.023037111170512,0.023037111170512,0.0188098136418211,-0.0037932209110799,0.0251090028029273,0.0198165938593611,-0.0065972155627103,-0.0065972155627103,-0.0065972155627103,0.0328750434150184,-0.0065972155627103,-0.0065972155627103,0.0081096891483254,-0.0065972155627103,-0.0053260794172743,0.0570210611022937,0.0342602818492457,0.0005624391160193,-0.0035972155627103,-0.0013728551128241
GL,2035,-0.0003731393004411,-0.0003731393004411,0.0098385592234002,0.0038840844212399,0.0038840844212399,0.0216765925334854,0.0216765925334854,0.0216765925334854,0.0216765925334854,0.0216765925334854,0.0216765925334854,0.0216765925334854,0.0187425776554073,-0.0038589622843381,0.0046051420589704,0.0230534064532121,-0.0066631021456072,-0.0066631021456072,-0.0066631021456072,0.0101199643207672,-0.0066631021456072,-0.0066631021456072,0.0096951521538024,-0.0066631021456072,-0.0053919508666754,-0.0151490362587608,0.000255200650658,-0.0036631021456072,-0.0036631021456072,-0.0014388887803254
GL,2040,4.4096505826315274e-06,4.4096505826315274e-06,0.0097694250096049,0.0040151503106835,0.0040151503106835,0.0215864564331158,0.0215864564331158,0.0215864564331158,0.0215864564331158,0.0215864564331158,0.0215864564331158,0.0215864564331158,0.0186728326569698,-0.0039271568958809,0.0053623384411303,0.0256597113374298,-0.0067314473855051,-0.0067314473855051,-0.0067314473855051,0.0108506633567745,-0.0067314473855051,-0.0067314473855051,0.0109641319759623,-0.0067314473855051,-0.0054602804083483,-0.060195982527696,0.0001915426435442,-0.0037314473855051,-0.0037314473855051,-0.0015073865935108
GL,2045,-0.0039253891647699,-0.00392538916477,0.0057917394135269,0.000193409462378,0.000193409462378,0.0211415305692228,0.0211415305692228,0.0211415305692228,0.0211415305692228,0.0211415305692228,0.0211415305692228,0.0211415305692228,0.0146600051370786,-0.0078507818157674,0.0019754907578918,0.0217378771410992,-0.0106637388136978,-0.0106637388136979,-0.0106637388136979,0.0074411103398294,-0.0106637388136979,-0.0106637388136978,0.0070370691637006,-0.0106637388136978,-0.0093916686281322,0.0564511129872764,-0.0034720671575939,-0.0076637388136978,-0.0076637388136979,-0.0054484564330719
GL,2050,-0.0002793779789546,-0.0002793779789546,0.0095456254261225,0.0039642228267464,0.0039642228267464,0.0203999778798624,0.0203999778798624,0.0203999778798624,0.0203999778798624,0.0203999778798624,0.0203999778798624,0.0203999778798624,0.0184470558564042,-0.0041479148219667,0.0166634141130147,0.0250616988571236,-0.0069526929220121,-0.0069526929220121,-0.0069526929220121,0.0113152212946057,-0.0069526929220121,-0.0069526929220121,0.0105545029675557,-0.0069526929220121,-0.0056814751269462,0.0573305932048763,0.005404449567178,-0.0039526929220122,-0.0036713763903671,-0.0017291260365272
GD,2025,0.0126058459439317,0.0126058459439317,0.0229441994450414,0.0138761439189127,0.0138761439189127,0.0237215050080043,0.0237215050080043,0.0237215050080043,0.0237215050080043,0.0237215050080043,0.0237215050080043,0.0237215050080043,0.0100811910505611,0.0052522128062741,0.067,0.0353617664234273,0.0022035586020937,0.0002522128062741,0.0002522128062741,0.0449189590125412,0.0002522128062741,0.0002522128062741,0.0353617664234273,0.0022035586020937,0.0002522128062741,-0.0412751458418508,0.0540035879937164,0.0032522128062741,0.0052035586020937,0.0032522128062741
GD,2030,0.0116091447491702,0.0116091447491702,0.0200964531292586,0.0179444677548073,0.0179444677548073,0.023037111170512,0.023037111170512,0.023037111170512,0.023037111170512,0.023037111170512,0.023037111170512,0.023037111170512,0.0107778710192294,0.002,0.067,0.0151893482902729,0.0053928468758409,-0.003,-0.003,0.067,-0.003,-0.003,0.0111791290964384,0.0053928468758409,0.0335,0.0008260068278059,0.0480172284256993,0.0041596546787296,0.0083928468758409,0.0
GD,2035,0.0133605466289504,0.0133605466289504,0.0200964531292586,0.0179444677548073,0.0179444677548073,0.0216765925334854,0.0216765925334854,0.0216765925334854,0.0216765925334854,0.0216765925334854,0.0216765925334854,0.0216765925334854,0.0107778710192294,0.002,0.067,0.0151893482902729,0.0053928468758409,-0.003,-0.003,0.067,-0.003,-0.003,0.0111791290964384,0.0053928468758409,0.0335,0.00403470095382,0.0480172284256993,0.0,0.0083928468758409,0.0
GD,2040,0.0155419046500819,0.0155419046500819,0.0200964531292586,0.0179444677548073,0.0179444677548073,0.0215864564331158,0.0215864564331158,0.0215864564331158,0.0215864564331158,0.0215864564331158,0.0215864564331158,0.0215864564331158,0.0107778710192294,0.002,0.067,0.0151893482902729,0.0053928468758409,-0.003,-0.003,0.067,-0.003,-0.003,0.0111791290964384,0.0053928468758409,0.0335,0.0,0.0480172284256993,0.0,0.0083928468758409,0.0
GD,2045,0.0148759412935278,0.0148759412935278,0.0165917349741002,0.0153550965815287,0.0153550965815287,0.0211415305692228,0.0211415305692228,0.0211415305692228,0.0211415305692228,0.0211415305692228,0.0211415305692228,0.0211415305692228,0.0073052313609569,-0.0014424225174208,0.067,0.0131146481837057,0.0019215326333496,-0.0064424225174208,-0.0064424225174207,0.067,-0.0064424225174208,-0.0064424225174208,0.0084082285760074,0.0019215326333496,0.0317787887412895,-0.0034240473958058,0.0468363451664222,-0.0034424225174208,0.0049215326333496,-0.0034424225174208
GD,2050,0.0177702206681219,0.0177702206681219,0.0165303533782987,0.0153097463628517,0.0153097463628517,0.0203999778798624,0.0203999778798624,0.0203999778798624,0.0203999778798624,0.0203999778798624,0.0203999778798624,0.0203999778798624,0.0072444115876024,-0.0015027130680977,0.067,0.0130783119085153,0.0018607360733127,-0.0065027130680977,-0.0065027130680977,0.067,-0.0065027130680977,-0.0065027130680977,0.0083596990543108,0.0018607360733127,0.0317486434659511,-0.003342959223621,0.0468156631898122,-0.0035027130680977,0.0056242804098943,-0.0035027130680977
GP,2025,-0.0123601577806861,-0.0123601577806861,-0.068,-0.0224615294175512,-0.0224615294175512,0.0237215050080043,0.0237215050080043,0.0237215050080043,0.0237215050080043,0.0237215050080043,0.0237215050080043,0.0237215050080043,-0.068,-0.0072207225161736,-0.0090664540526039,-0.0274589815272112,0.0025992307013265,-0.0122207225161736,-0.0122207225161736,0.0025953273621424,-0.0122207225161736,-0.0122207225161736,-0.0274589815272112,0.0025992307013265,-0.0122207225161736,-0.0030735741720578,-0.0285652032774008,-0.0092207225161735,-0.0006717848762597,-0.0092207225161736
GP,2030,0.0194441375003448,0.0194441375003448,-0.068,-0.0198515881197105,-0.0198515881197105,0.023037111170512,0.023037111170512,0.023037111170512,0.023037111170512,0.023037111170512,0.023037111170512,0.023037111170512,-0.068,-0.001771659230104,-0.0051408924440578,-0.0264297380754329,-0.0601337776923942,-0.006771659230104,-0.006771659230104,0.0021369659813658,-0.006771659230104,-0.006771659230104,0.0217851309622835,-0.0601337776923942,-0.005271659230104,-0.0034879525072645,-0.0212199247660008,0.0003879954486255,-0.0406979898218894,-0.0037716592301041
GP,2035,0.0318703400506834,0.0318703400506834,-0.068,-0.0223262707684589,-0.0223262707684589,0.0216765925334854,0.0216765925334854,0.0216765925334854,0.0216765925334854,0.0216765925334854,0.0216765925334854,0.0216765925334854,-0.068,-0.0023981914158474,-0.0012361101854219,-0.0206851423950608,0.0093053741150091,-0.0073981914158474,-0.0073981914158474,-0.0065087002421407,-0.0073981914158474,-0.0073981914158474,0.0246574288024695,0.0093053741150091,-0.0058981914158474,-0.0021962797799507,-0.0229239751437822,-0.0043981914158474,0.0053875202768915,-0.0043981914158474
GP,2040,0.031155783861575,0.031155783861575,-0.068,-0.0226697371871118,-0.0226697371871118,0.0215864564331158,0.0215864564331158,0.0215864564331158,0.0215864564331158,0.0215864564331158,0.0215864564331158,0.0215864564331158,-0.068,-0.0030649763308704,-0.0028041563929744,-0.0240855356604302,0.0090852151607508,-0.0080649763308705,-0.0080649763308705,-0.0065489960867062,-0.0080649763308705,-0.0080649763308705,0.0229572321697848,0.0090852151607508,-0.0065649763308705,-0.0050649763308705,-0.024955030519997,-0.0050649763308705,0.0050191086944945,-0.0050649763308705
GP,2045,0.0417692797954725,0.0417692797954725,-0.068,-0.0230678410504433,-0.0230678410504433,0.0211415305692228,0.0211415305692228,0.0211415305692228,0.0211415305692228,0.0211415305692228,0.0211415305692228,0.0211415305692228,-0.068,-0.0037807342585131,-0.0034666934399533,0.0406544137759467,0.0087419992554015,-0.0087807342585131,-0.0087807342585131,-0.0067098956847472,-0.0087807342585131,-0.0087807342585131,0.0553272068879733,0.0087419992554015,-0.0072807342585131,-0.0055731495490624,-0.0126056850404645,-0.0057807342585131,0.0045526828583867,-0.0057807342585131
GP,2050,0.0304204926766981,0.0304204926766981,-0.068,-0.0240766235446727,-0.0240766235446727,0.0203999778798624,0.0203999778798624,0.0203999778798624,0.0203999778798624,0.0203999778798624,0.0203999778798624,0.0203999778798624,-0.068,-0.0051606414047019,-0.0047342240175913,-0.0253219446643783,0.0080055421292692,-0.0101606414047019,-0.0101606414047019,-0.0079852113692869,-0.0101606414047019,-0.0101606414047019,0.0223390276678108,0.0080055421292692,-0.0086606414047019,-0.006270049417544,-0.0266055096868163,-0.0071606414047019,0.0036038253692733,-0.0071606414047019
GU,2025,0.003397019572682,0.003397019572682,0.0342533981266299,-0.0008705281144597,-0.0008705281144597,0.0237215050080043,0.0237215050080043,0.0237215050080043,0.0237215050080043,0.0237215050080043,0.0237215050080043,0.0237215050080043,-0.0115648861655197,0.0027555746097882,0.0009098430733579,0.0129069543406638,-0.0004714702324058,-0.0022444253902117,-0.0022444253902117,0.0125716244881043,-0.0022444253902117,-0.0022444253902117,0.0129069543406638,-0.0004714702324058,-0.0022444253902117,0.0573900925742334,0.0035126492972251,0.0007555746097882,0.0025285297675941,0.0007555746097882
GU,2030,0.0084721903609245,0.0084721903609245,0.0357146733474229,0.0052209857448861,0.0052209857448861,0.023037111170512,0.023037111170512,0.023037111170512,0.023037111170512,0.023037111170512,0.023037111170512,0.023037111170512,-0.0001535313118558,0.0090429496933102,0.0056737164793563,0.0174990412329292,0.0081623021593774,0.0040429496933102,0.0040429496933102,0.0129515749047801,0.0040429496933102,0.0040429496933102,0.0122709954631197,0.0081623021593774,0.0055429496933102,0.0057451375483115,0.0136777171646482,0.0112026043720398,0.0111623021593774,0.0070429496933102
GU,2035,0.0073859235935049,0.0073859235935049,0.0343178675559161,0.0018585432642315,0.0018585432642315,0.0216765925334854,0.0216765925334854,0.0216765925334854,0.0216765925334854,0.0216765925334854,0.0216765925334854,0.0216765925334854,-0.0015018702320965,0.0076821840384386,0.008844265268864,0.0177908351731629,0.0067959702341121,0.0026821840384386,0.0026821840384386,0.0035716752121452,0.0026821840384386,0.0026821840384386,0.0117365096058008,0.0067959702341121,0.0041821840384386,0.0070710432515584,0.0089161947564086,0.0056821840384386,0.0097959702341121,0.0056821840384386
GU,2040,0.0063557883126185,0.0063557883126185,0.0330323675893986,0.0007656929332576,0.0007656929332576,0.0215864564331158,0.0215864564331158,0.0215864564331158,0.0215864564331158,0.0215864564331158,0.0215864564331158,0.0215864564331158,-0.0027427654570181,0.0064298523152948,0.0066906722531908,0.0178768048202997,0.0055385157942323,0.0014298523152948,0.0014298523152948,0.0029458325594591,0.0014298523152948,0.0014298523152948,0.0111533285677972,0.0055385157942323,0.0029298523152948,0.0024298920056631,0.0081525340058517,0.0044298523152948,0.0085385157942323,0.0044298523152948
GU,2045,0.0062604420960592,0.0062604420960592,0.0329338297328236,0.0008086312769019,0.0008086312769019,0.0211415305692228,0.0211415305692228,0.0211415305692228,0.0211415305692228,0.0211415305692228,0.0211415305692228,0.0211415305692228,-0.0028378842114972,0.006333856915113,0.0066478977336728,0.0177850971951627,0.0054421277207404,0.001333856915113,0.001333856915113,0.0034046954888788,0.001333856915113,0.001333856915113,0.0110594770551378,0.0054421277207404,0.002833856915113,0.0023340877457484,0.0081340936755204,0.004333856915113,0.0084421277207404,0.004333856915113
GU,2050,0.0061363123488784,0.0061363123488784,0.0328394720960796,0.0007430659687243,0.0007430659687243,0.0203999778798624,0.0203999778798624,0.0203999778798624,0.0203999778798624,0.0203999778798624,0.0203999778798624,0.0203999778798624,-0.0029289677929207,0.0062419338774677,0.0066683512645783,0.0175003099154403,0.005349828667959,0.0012419338774677,0.0012419338774677,0.0034173639128827,0.0012419338774677,0.0012419338774677,0.010871121896454,0.005349828667959,0.0027419338774677,0.0023138163433005,0.0076477414481889,0.0042419338774677,0.008349828667959,0.0042419338774677
GT,2025,0.0384069679981631,0.0384069679981631,0.0341207232851914,0.0389881776748457,0.0389881776748457,0.0268946376672793,0.0268946376672793,0.0268946376672793,0.0268946376672793,0.0268946376672793,0.0268946376672793,0.0268946376672793,0.0433159031867582,0.0180908289908492,0.0162450974544189,0.067,0.0351300750036402,0.0130908289908492,0.0130908289908492,0.067,0.0325459785217755,0.0130908289908492,0.067,0.0351300750036402,0.0130908289908492,0.0136811644102063,0.0507791585879477,0.0160908289908492,0.0379541122857186,0.0160908289908492
GT,2030,0.0326540547050004,0.0326540547050004,0.0311896121251045,0.0370722164336104,0.0370722164336104,0.0311393616763939,0.0311393616763939,0.0311393616763939,0.0311393616763939,0.0311393616763939,0.0311393616763939,0.0311393616763939,0.0426033688647635,0.0164969793249201,0.0131277461109662,0.067,0.027160273904668,0.0114969793249201,0.0114969793249201,0.067,0.0271885175447582,0.0114969793249201,0.0485943687151591,0.027160273904668,0.0129969793249201,-0.0280230854239657,0.0651032593901801,0.0186566340036497,0.0300732945916869,0.0144969793249201
GT,2035,0.0314213506119577,0.0314213506119577,0.0297027947827175,0.0359579268659245,0.0359579268659245,0.031512921813031,0.031512921813031,0.031512921813031,0.031512921813031,0.031512921813031,0.031512921813031,0.031512921813031,0.0411000626545701,0.0150313876740826,0.0161934689045079,0.067,0.0256720542970909,0.0100313876740826,0.0100313876740826,0.067,0.0257002571350454,0.0100313876740826,0.0478502383514742,0.0256720542970909,0.0115313876740826,-0.0135076403956882,0.0648172269847903,0.0130313876740826,0.0285852006386534,0.0130313876740826
GT,2040,0.0300859743396781,0.0300859743396781,0.0280928407183458,0.034751352953151,0.034751352953151,0.0325010676077168,0.0325010676077168,0.0325010676077168,0.0325010676077168,0.0325010676077168,0.0325010676077168,0.0325010676077168,0.0394722541308873,0.0134444171917584,0.0137052371296545,0.067,0.024060581833331,0.0084444171917584,0.0084444171917584,0.067,0.0240887404899584,0.0084444171917584,0.0470444798569478,0.024060581833331,0.0099444171917584,0.0211928075265545,0.0645075056622906,0.0114444171917584,0.0269738642360204,0.0114444171917584
GT,2045,0.0285733716973603,0.0285733716973603,0.0262700707361187,0.0333852849651182,0.0333852849651182,0.0331764452240992,0.0331764452240992,0.0331764452240992,0.0331764452240992,0.0331764452240992,0.0331764452240992,0.0331764452240992,0.0376292695517344,0.0116476689354723,0.0119617097540321,0.067,0.0222360927381885,0.0066476689354723,0.0066476689354723,0.067,0.0222642013732662,0.0066476689354723,0.046132210103885,0.0222360927381885,0.0081476689354723,-0.0086073060706071,0.0641568430303549,0.0096476689354723,0.0251495291875946,0.0096476689354723
GT,2050,0.0272214692744966,0.0272214692744966,0.0246408403892044,0.0321642645161574,0.0321642645161574,0.0333134903027037,0.0333134903027037,0.0333134903027037,0.0333134903027037,0.0333134903027037,0.0333134903027037,0.0333134903027037,0.0359819709707129,0.0100416973573524,0.0104681147444633,0.067,0.0206053258118051,0.0050416973573524,0.0050416973573524,0.067,0.0206333897365641,0.0050416973573527,0.045316804111492,0.0206053258118051,0.0065416973573524,-0.026733348056888,0.0638434133562606,0.0080416973573524,0.0243608201069035,0.0080416973573524
GG,2025,0.006026932469828,0.006026932469828,0.0363672961910697,-0.0002285947855284,-0.0002285947855284,0.0237215050080043,0.0237215050080043,0.0237215050080043,0.0237215050080043,0.0237215050080043,0.0237215050080043,0.0237215050080043,-0.0186598466990381,0.0059764725595361,0.0041307410231058,0.0161278522904117,0.0009764725595361,0.0009764725595361,0.0009764725595361,0.0157925224378522,0.0009764725595361,0.0009764725595361,0.0161278522904117,0.0009764725595361,0.0009764725595361,0.07,0.006733547246973,0.0039764725595361,0.0039764725595361,0.0039764725595361
GG,2030,0.0038483317995112,0.0038483317995112,0.0249668158972524,-0.0027439270887322,-0.0027439270887322,0.023037111170512,0.023037111170512,0.023037111170512,0.023037111170512,0.023037111170512,0.023037111170512,0.023037111170512,-0.0202012831951232,0.0051056498762414,0.0017364166622875,0.0135617414158604,0.0001056498762414,0.0001056498762414,0.0001056498762414,0.0090142750877113,0.0001056498762414,0.0001056498762414,0.0083336956460509,0.0001056498762414,0.0016056498762414,-0.0691488798314814,0.0097404173475794,0.007265304554971,0.0031056498762414,0.0031056498762414
GG,2035,0.001018108522454,0.001018108522454,0.0217996751622935,-0.0078347726888281,-0.0078347726888281,0.0216765925334854,0.0216765925334854,0.0216765925334854,0.0216765925334854,0.0216765925334854,0.0216765925334854,0.0216765925334854,-0.0232285819290191,0.002,0.0031620812304254,0.0121086511347242,-0.003,-0.003,-0.003,-0.0021105088262933,-0.003,-0.003,0.0060543255673621,-0.003,-0.0015,-0.0278930467038499,0.0032340107179699,0.0,0.0,0.0
GG,2040,-0.0018548759256972,-0.0018548759256972,0.0186423400048756,-0.0107546579566221,-0.0107546579566221,0.0215864564331158,0.0215864564331158,0.0215864564331158,0.0215864564331158,0.0215864564331158,0.0215864564331158,0.0215864564331158,-0.0262465080410586,-0.0010960346765314,-0.0008352147386353,0.0103509178284735,-0.0060960346765314,-0.0060960346765314,-0.0060960346765314,-0.004580054432367,-0.0060960346765314,-0.0060960346765314,0.003627441575971,-0.0060960346765314,-0.0045960346765314,0.07,0.0006266470140254,-0.0030960346765314,-0.0030960346765314,-0.0030960346765314
GG,2045,0.0012418733800082,0.0012418733800082,0.0217996751622935,-0.0075394358388133,-0.0075394358388133,0.0211415305692228,0.0211415305692228,0.0211415305692228,0.0211415305692228,0.0211415305692228,0.0211415305692228,0.0211415305692228,-0.0232285819290191,0.002,0.0023140408185598,0.0134512402800497,-0.003,-0.003,-0.003,-0.0009291614262341,-0.003,-0.003,0.0067256201400248,-0.003,-0.0015,-0.0082119682063956,0.0038002367604074,0.0,0.0,0.0
GG,2050,-0.0019349870426061,-0.0019349870426061,0.0185926944171788,-0.0106381701719459,-0.0106381701719459,0.0203999778798624,0.0203999778798624,0.0203999778798624,0.0203999778798624,0.0203999778798624,0.0203999778798624,0.0203999778798624,-0.0262939615763938,-0.0011447163822682,-0.0007182989951576,0.0101136596557044,-0.0061447163822682,-0.0061447163822682,-0.0061447163822682,-0.0039692863468532,-0.0061447163822683,-0.0061447163822682,0.0034844716367181,-0.0061447163822682,-0.0046447163822682,-0.0030587218023221,0.000261091188453,-0.0031447163822682,-0.0028633998506231,-0.0031447163822682
GN,2025,0.0215790318668861,0.0215790318668861,0.07,0.038219033771254,0.038219033771254,0.07,0.07,0.07,0.07,0.07,0.07,0.07,0.07,0.0276866950689,0.0258409635324698,0.0378380747997757,0.0042123257319825,0.0226866950689,0.0226866950689,0.0375027449472162,0.0226866950689,0.0226866950689,0.0378380747997757,0.0042123257319825,0.0226866950689,0.07,0.0630675659074346,0.0256866950689,0.0072123257319825,0.0256866950689
GN,2030,0.011939479021924,0.011939479021924,0.07,-0.0005959767455554,-0.0005959767455554,0.0603488948070247,0.0603488948070247,0.0603488948070247,0.0603488948070247,0.0603488948070247,0.0603488948070247,0.0603488948070247,-0.068,0.0239024892687693,0.0205332560548155,0.0323585808083884,0.0029852081508499,0.0189024892687693,0.0189024892687693,0.0278111144802392,0.0189024892687695,0.0189024892687693,0.0189418022450421,0.0029852081508499,0.0204024892687693,-0.0695446498951656,0.0581626890753401,0.0260621439474989,0.0059852081508499,0.0219024892687693
GN,2035,0.0098100900278944,0.0098100900278944,0.07,0.0300680416621485,0.0300680416621485,0.0494889225768215,0.0494889225768215,0.0494889225768215,0.0494889225768215,0.0494889225768215,0.0494889225768215,0.0494889225768215,0.07,0.0214608918249625,0.022622973055388,0.0315695429596868,0.0005816413345226,0.0164608918249625,0.0164608918249625,0.0173503829986691,0.0164608918249625,0.0164608918249625,0.0173460496642092,0.0005816413345226,0.0179608918249625,0.07,0.0663947794211154,0.0194608918249625,0.0035816413345226,0.0194608918249625
GN,2040,0.0082358037088459,0.0082358037088458,0.07,0.0288532427545138,0.0288532427545138,0.0451607433157057,0.0451607433157057,0.0451607433157057,0.0451607433157057,0.0451607433157057,0.0451607433157057,0.0451607433157057,0.07,0.0196323302579637,0.0198931501958598,0.0310792827629687,-0.0012184383285675,0.0146323302579637,0.0146323302579637,0.016148310502128,0.0146323302579637,0.0146323302579637,0.0162012914544265,-0.0012184383285675,0.0161323302579637,-0.07,0.0547149398237402,0.0176323302579637,0.0017815616714324,0.0176323302579637
GN,2045,0.0067330808018932,0.0067330808018932,0.07,0.0278425806710318,0.0278425806710318,0.0414955269620189,0.0414955269620189,0.0414955269620189,0.0414955269620189,0.0414955269620189,0.0414955269620189,0.0414955269620189,0.07,0.0180998280367872,0.018413868855347,0.0295510683168369,-0.0027270701032733,0.0130998280367872,0.0130998280367872,0.015170666610553,0.0130998280367872,0.0130998280367872,0.0146832134032127,-0.0027270701032733,0.0145998280367872,0.07,0.0631694451289291,0.0160998280367872,0.0002729298967266,0.0160998280367872
GN,2050,0.00494105852703,0.00494105852703,0.07,0.0265242305193985,0.0265242305193985,0.0383254378774928,0.0383254378774928,0.0383254378774928,0.0383254378774928,0.0383254378774928,0.0383254378774928,0.0383254378774928,0.07,0.0163071640140595,0.0167335814011703,0.0275655400520323,-0.0044918113667364,0.0113071640140597,0.0113071640140597,0.0134825940494746,0.0113071640140597,0.0113071640140597,0.0128084822764858,-0.0044918113667364,0.0128071640140597,-0.0687516069500695,0.0513181309326613,0.0143071640140597,-0.0006835238662528,0.0143071640140597
GW,2025,0.0265449448915218,0.0265449448915218,0.07,0.0367943057547716,0.0367943057547716,0.0239947852663633,0.0239947852663633,0.0239947852663633,0.0239947852663633,0.0239947852663633,0.0239947852663633,0.0239947852663633,0.07,-0.068,0.0239413261771598,0.067,-0.0081522230390246,0.0207870577135901,0.0207870577135901,0.0356031075919062,0.0207870577135901,0.0207870577135901,0.067,-0.0081522230390246,0.0207870577135901,0.0566914651787559,0.07,0.0237870577135901,-0.0051522230390246,0.0237870577135901
GW,2030,-0.0138391127746926,-0.0138391127746926,-0.068,-0.0022676264729188,-0.0022676264729188,0.0338223230279721,0.0338223230279721,0.0338223230279721,0.0338223230279721,0.0338223230279721,0.0338223230279721,0.0338223230279721,-0.068,0.07,0.0193290437927978,-0.07,-0.0128891369133122,0.0176982770067516,0.0176982770067516,0.0266069022182215,0.0146243148833514,0.0176982770067516,-0.038275539037057,-0.0128891369133122,0.0191982770067516,0.0260082919797055,-0.07,0.0248579316854812,-0.0098891369133122,0.0206982770067516
GW,2035,0.0079740139914348,0.0079740139914348,0.07,0.0288849896699571,0.0288849896699571,0.0377548851861537,0.0377548851861537,0.0377548851861537,0.0377548851861537,0.0377548851861537,0.0377548851861537,0.0377548851861537,0.07,0.07,0.0220684255628725,0.067,-0.0122380505771402,0.015906344332447,0.015906344332447,0.0167958355061537,0.0128377788412276,0.015906344332447,0.0293524140399913,-0.0122380505771402,0.017406344332447,0.027187643483728,0.07,0.018906344332447,-0.0092380505771402,0.018906344332447
GW,2040,0.0065214418222695,0.0065214418222695,0.07,0.0276623199988084,0.0276623199988084,0.0402031509364508,0.0402031509364508,0.0402031509364508,0.0402031509364508,0.0402031509364508,0.0402031509364508,0.0402031509364508,0.07,0.07,0.0193262603135257,0.067,-0.014023078995387,0.0140654403756296,0.0140654403756296,0.0155814206197939,0.01100241899981,0.0140654403756296,0.0284565351635066,-0.014023078995387,0.0155654403756296,0.0220974505899735,0.07,0.0170654403756296,-0.011023078995387,0.0170654403756296
GW,2045,0.0048185176978561,0.0048185176978561,0.07,0.0265562150176129,0.0265562150176129,0.0410317831403146,0.0410317831403146,0.0410317831403146,0.0410317831403146,0.0410317831403146,0.0410317831403146,0.0410317831403146,0.07,0.07,0.0177180539098378,0.067,-0.018052461405528,0.012404013091278,0.012404013091278,0.0144748516650438,0.00934599531413,0.012404013091278,0.0276479988988341,-0.018052461405528,0.013904013091278,0.0207014203397149,0.07,0.015404013091278,-0.015052461405528,0.015404013091278
GW,2050,0.0044806843263525,0.0044806843263525,0.07,0.0258456983519236,0.0258456983519236,0.040520705760404,0.040520705760404,0.040520705760404,0.040520705760404,0.040520705760404,0.040520705760404,0.040520705760404,0.07,0.07,0.0168472240867323,0.067,-0.0165949761608251,0.0114208066996216,0.0114208066996216,0.0135962367350366,0.0083657499730361,0.0114208066996216,0.0271695199242804,-0.0165949761608251,0.0129208066996216,0.0202133921848621,0.07,0.0144208066996216,-0.0128096302393775,0.0144208066996216
GY,2025,0.0032554571792979,0.0032554571792979,0.0417797510056172,0.0199804459188703,0.0199804459188703,0.0009477295872435,0.0009477295872435,0.0009477295872435,0.0009477295872435,0.0009477295872435,0.0009477295872435,0.0009477295872435,-0.0025400515012528,-0.0527846458679601,0.057168485473485,0.0515801832559018,-0.0496381194096097,0.0078243076916016,0.0078243076916016,0.0668132197935306,0.0078243076916016,0.0078243076916016,0.0515801832559018,-0.0496381194096097,0.0078243076916016,0.0393771889662219,0.0587854085263582,0.0108243076916016,-0.0466129174053355,0.0108243076916016
GY,2030,-0.0395468426358846,-0.0395468426358846,0.0375145489495021,0.0143608179502075,0.0143608179502075,-0.0021526781039469,-0.0021526781039469,-0.0021526781039469,-0.0021526781039469,-0.0021526781039469,-0.0021526781039469,-0.0021526781039469,-0.0138319649167136,-0.0319876307297432,0.0491324398740424,0.0400286763391993,-0.07,0.0026902678454928,0.0026902678454928,0.0658947010265583,0.0026902678454928,0.0026902678454928,-0.0149856618304003,-0.07,0.0041902678454928,-0.0572855004453354,0.0647921681377535,0.0098499225242223,-0.0699574006405651,0.0056902678454928
GY,2035,-0.0274959342165319,-0.0274959342165319,0.0378215760627604,0.0138128108730137,0.0138128108730137,-0.0025843058592606,-0.0025843058592606,-0.0025843058592606,-0.0025843058592606,-0.0025843058592606,-0.0025843058592606,-0.0025843058592606,-0.0135401618985143,-0.0317012108147263,0.0498103997765849,0.0403379313698185,-0.0623794133041822,0.0029884521443824,0.0029884521443824,0.0628145011018044,0.0029884521443824,0.0029884521443824,-0.0102800878642718,-0.0623794133041822,0.0044884521443824,0.0324195355471958,0.0511101784260827,0.0059884521443824,-0.0593319285878687,0.0059884521443824
GY,2040,0.0276357505779822,0.0276357505779822,0.0365017281403883,0.0128120415841941,0.0128120415841941,0.000402190277347,0.000402190277347,0.000402190277347,0.000402190277347,0.000402190277347,0.000402190277347,0.000402190277347,-0.0147945644925556,-0.0329324725288766,0.0494968346874216,0.0390085060779793,0.0327308579691053,0.0017066177057331,0.0017066177057331,0.0626294954178659,0.0017066177057331,0.0017066177057331,0.037990232054456,0.0327308579691053,0.0032066177057331,-0.0231542661207637,0.0508274257032073,0.0047066177057333,0.03558239654825,0.0047066177057332
GY,2045,-0.0048138464928449,-0.0048138464928449,0.0361667926607092,0.0125865865897,0.0125865865897,0.0052196760139078,0.0052196760139078,0.0052196760139078,0.0052196760139078,0.0052196760139078,0.0052196760139078,0.0052196760139078,-0.0151128920266785,-0.033244927642719,0.0489535412682472,0.0386711401661407,-0.0233740489393079,0.001381328840781,0.001381328840781,0.0626965807039168,0.001381328840781,0.001381328840781,0.00943980765419,-0.0233740489393079,0.0028813288407809,0.004613577080031,0.0527296392276562,0.0043813288407807,-0.0204224351878842,0.0043813288407807
GY,2050,-0.0404572354119162,-0.0404572354119162,0.0347536286167784,0.011458672102847,0.011458672102847,0.0087096302120808,0.0087096302120808,0.0087096302120808,0.0087096302120808,0.0087096302120808,0.0087096302120808,0.0087096302120808,-0.0164559836150841,-0.0345632422406452,0.0476942881372165,0.0372477216118706,-0.07,8.865916631631103e-06,8.865916631631103e-06,0.0622729401932091,8.865916631631103e-06,8.865916631631103e-06,-0.0163761391940646,-0.07,0.0015088659166316,0.065319265725728,0.0480498708534199,0.0030088659166316,-0.0691288811169422,0.0030088659166316
HT,2025,0.0027316091250411,0.0027316091250411,0.0128009685070784,-0.0041454850011074,-0.0041454850011074,0.0387679743843154,0.0387679743843154,0.0387679743843154,0.0387679743843154,0.0387679743843154,0.0387679743843154,0.0387679743843154,-0.0030966918993109,0.0148201399676963,0.0129744084312661,-0.0026777236795533,0.0010524110869804,0.0098201399676963,0.0098201399676963,-0.0331255280405116,0.0098201399676963,0.0098201399676963,-0.0026777236795533,0.0010524110869804,0.0098201399676963,-0.0156134468489262,0.00388559244005,0.0128201399676963,0.004028342416708,0.0128201399676963
HT,2030,-0.00214805068664,-0.00214805068664,-0.0020565378962961,-0.0094122276449122,-0.0094122276449122,0.0443306845122193,0.0443306845122193,0.0443306845122193,0.0443306845122193,0.0443306845122193,0.0443306845122193,0.0443306845122193,-0.0259139473985685,0.0127300843239073,0.0093608511099534,-0.0299545458439931,-0.0003217658494059,0.0077300843239073,0.0077300843239073,-0.0271951318288949,0.0077300843239073,0.0077300843239073,-0.0134390684425196,-0.0003217658494059,0.0092300843239073,0.0114042210843909,0.0193522671352946,0.0148897390026369,0.0026775414782457,0.0107300843239073
HT,2035,-0.0031726930928391,-0.0031726930928391,-0.0030803876571579,-0.0107696550620274,-0.0107696550620274,0.04562987380054,0.04562987380054,0.04562987380054,0.04562987380054,0.04562987380054,0.04562987380054,0.04562987380054,-0.0269132712662014,0.0116910336202207,0.0128531148506461,-0.0309548559955764,-0.0013525390903768,0.0066910336202207,0.0066910336202207,-0.0295474162223497,0.0066910336202207,0.0066910336202207,-0.0144548148046225,-0.0013525390903768,0.0081910336202207,0.0134481855498545,0.0186083315666743,0.0096910336202207,0.0016467689493558,0.0096910336202207
HT,2040,-0.0042535216016235,-0.0042535216016235,-0.0041603264516916,-0.0115751382758868,-0.0115751382758868,0.0473546281595884,0.0473546281595884,0.0473546281595884,0.0473546281595884,0.0473546281595884,0.0473546281595884,0.0473546281595884,-0.0279673405781399,0.0105950611374474,0.0108558810753435,-0.0320099656225507,-0.0024397806504615,0.0055950611374474,0.0055950611374474,-0.0295233348003021,0.0055950611374474,0.0055950611374474,-0.0155262062760803,-0.0024397806504615,0.0070950611374474,0.0085950611374474,0.0175855785989215,0.0085950611374474,0.0005595281403616,0.0085950611374474
HT,2045,-0.0052732342321174,-0.0052732342321176,-0.0051794561378524,-0.01231933973718,-0.01231933973718,0.0470984532101039,0.0470984532101039,0.0470984532101039,0.0470984532101039,0.0470984532101039,0.0470984532101039,0.0470984532101039,-0.0289620574384892,0.0095608005866982,0.009874841405258,-0.0330056642199586,-0.0034658018986273,0.0045608005866982,0.0045608005866982,-0.0294369026836276,0.0045608005866982,0.0045608005866982,-0.0165372699211581,-0.0034658018986273,0.0060608005866982,0.0076902971631868,0.0165771888364402,0.0075608005866982,-0.0004664923990058,0.0075608005866982
HT,2050,-0.0063688832471711,-0.006368883247171,-0.006274363860849,-0.0133578451758188,-0.0133578451758188,0.0455532642434974,0.0455532642434974,0.0455532642434974,0.0455532642434974,0.0455532642434974,0.0455532642434974,0.0455532642434974,-0.0300307371044636,0.0084496369340412,0.0088760543211518,-0.0340753986206762,-0.0045681136101104,0.0034496369340412,0.0034496369340412,-0.0302999174668939,0.0034496369340412,0.0034496369340412,-0.0176235118474501,-0.0045681136101104,0.0049496369340412,0.007055441528917,0.0153009631628582,0.0064496369340412,-0.0008785592804844,0.0064496369340412
HN,2025,0.0051378136425522,0.0051378136425522,0.0434750434041188,0.0117105456803372,0.0117105456803372,0.0260272706608701,0.0260272706608701,0.0260272706608701,0.0260272706608701,0.0260272706608701,0.0260272706608701,0.0260272706608701,0.0199738175488322,0.0200040351906782,0.0486219091068211,0.0549740560540189,-0.0545646503170404,0.0150040351906782,0.0150040351906782,0.0664326309069874,-0.0545683009251487,0.0150040351906782,0.0549740560540189,-0.0545646503170404,0.0150040351906782,-0.0052450787845007,0.0133575383397555,0.0180040351906782,-0.0515646094211872,0.0180040351906782
HN,2030,-0.0221713424588662,-0.0221713424588663,0.0345334532482657,0.012687920288328,0.012687920288328,0.0305981548244309,0.0305981548244309,0.0305981548244309,0.0305981548244309,0.0305981548244309,0.0305981548244309,0.0305981548244309,0.0202511022250211,0.0176958922755534,-0.07,0.067,-0.0570196046511794,0.0126958922755534,0.0126958922755534,0.0415763720505498,-0.0237716853978123,0.0126958922755534,0.0064905954398557,-0.0570196046511794,0.0141958922755534,0.0319548747844079,0.0001067241482214,0.019855546954283,-0.0477594489882956,0.0156958922755534
HN,2035,-0.033707980927532,-0.033707980927532,0.0325574526938519,0.0174254825620586,0.0174254825620586,0.0313359831520727,0.0313359831520727,0.0313359831520727,0.0313359831520727,0.0313359831520727,0.0313359831520727,0.0313359831520727,0.0183024343768276,0.0157521144348078,-0.07,0.067,-0.07,0.0107521144348078,0.0107521144348078,0.0662930552136396,-0.0256456737770406,0.0107521144348078,-0.0015,-0.07,0.0122521144348078,0.0540979009251645,0.014768870742326,0.0137521144348078,-0.0679271098209962,0.0137521144348078
HN,2040,-0.0160154824563618,-0.0160154824563618,0.0307846915624474,0.0161321491467392,0.0161321491467392,0.0329482548589392,0.0329482548589392,0.0329482548589392,0.0329482548589392,0.0329482548589392,0.0329482548589392,0.0329482548589392,0.0165541946753871,0.0140082617843308,-0.0699210789316002,0.067,-0.048122977827782,0.0090082617843308,0.0090082617843308,0.0662930552136396,-0.0273269150864008,0.0090082617843308,0.0109374517926816,-0.048122977827782,0.0105082617843308,0.0120082617843308,0.0170959130101302,0.012008261784331,-0.0395546259086081,0.0120082617843308
HN,2045,-0.0166356205068133,-0.0166356205068133,0.0292511477015222,0.0150133387869807,0.0150133387869807,0.0335501868011354,0.0335501868011354,0.0335501868011354,0.0335501868011354,0.0335501868011354,0.0335501868011354,0.0335501868011354,0.0150418633104469,0.0124997254795111,-0.07,0.067,-0.0495496350572508,0.0074997254795111,0.0074997254795111,0.0662930552136396,-0.0287812888556748,0.0074997254795111,0.0102257661706294,-0.0495496350572508,0.0089997254795111,0.0107099995503908,0.0118622783341028,0.0104997254795111,-0.0409892187842578,0.0104997254795111
HN,2050,-0.0170083449348232,-0.0170083449348232,0.0278320620770962,0.0139780324364765,0.0139780324364765,0.0333324856769812,0.0333324856769812,0.0333324856769812,0.0333324856769812,0.0333324856769812,0.0333324856769812,0.0333324856769812,0.0136424069570688,0.0111037809365208,-0.0698493904973815,0.067,-0.0508597363015603,0.0061037809365206,0.0061037809365206,0.0662930552136396,-0.030127113361323,0.0061037809365206,0.0095671982215159,-0.0508597363015603,0.0076037809365206,0.0100338331038341,0.015770135404269,0.0091037809365206,-0.0415141375397428,0.0091037809365207
HU,2025,-0.0175906778912344,-0.0175906778912344,0.0191114742292002,-0.0250992319524534,-0.0250992319524534,0.0115034680770313,0.0115034680770313,0.0115034680770313,0.0115034680770313,0.0115034680770313,0.0115034680770313,0.0115034680770313,0.004862423094353,0.0161852022303252,0.0083573021246815,-0.0129810100184135,-0.0475755733857681,0.0077845497304783,0.0183400595900326,-0.0142425310498918,-0.0498506385137388,-0.0411661813405361,-0.0129810100184135,-0.0475755733857681,0.0077845497304783,-0.0005148120076924,0.0243882565106806,-0.0012512920002507,-0.0236999589457013,-0.0090864846610882
HU,2030,-0.0384126894306561,-0.0384126894306561,0.0162610132300273,-0.0267485627185132,-0.0267485627185132,0.0135060229791086,0.0135060229791086,0.0135060229791086,0.0135060229791086,0.0135060229791086,0.0135060229791086,0.0135060229791086,0.0080431717887541,0.0304359516451129,0.0104796173676288,-0.0268769602298556,-0.0562307246504052,0.0082016193951449,0.0299936641852088,-0.0263718370196226,-0.0426431117523529,-0.0460224738908316,-0.0400538424401304,-0.0562307246504052,0.0020557940379236,-0.0199283546491778,0.0465059045533052,-0.0013550862028883,-0.0305074748657681,-0.0148722223846905
HU,2035,-0.0381384234038818,-0.0381384234038818,0.0163490157722694,-0.0104266406490877,-0.0104266406490877,0.0136439772647951,0.0136439772647951,0.0136439772647951,0.0136439772647951,0.0136439772647951,0.0136439772647951,0.0136439772647951,0.0081304613084811,0.0305251840784779,0.0112128685761474,-0.0267922667358533,-0.0561485780411393,0.0082893564885214,0.0300832920693355,0.0386622038673602,-0.0425597862113699,-0.0459394415608224,-0.0399704223884963,-0.0561485780411393,0.0021428677398652,-0.030891382778459,0.0310024061891989,-0.0029880901592808,-0.0304399377362344,-0.0120630411222541
HU,2040,-0.0380824142900038,-0.0380824142900038,0.0161541313376571,-0.0104781645088386,-0.0104781645088386,0.0118999075017194,0.0118999075017194,0.0118999075017194,0.0118999075017194,0.0118999075017194,0.0118999075017194,0.0118999075017194,0.0079371558849539,0.0303275760107746,0.0117039326740791,-0.0269798231776726,-0.0563304943255356,0.0080950598988823,0.0298848082633164,0.0390178186593549,-0.0427443132776287,-0.0461233193020346,-0.0401551587516041,-0.0563304943255356,0.0019500402517023,-0.0041572176891197,0.0304514961795532,-0.0031796436574651,-0.0305895008621304,-0.0122528510719556
HU,2045,-0.0375844900242376,-0.0375844900242376,0.016358900517293,-0.0102020345543752,-0.0102020345543752,0.0110641302582714,0.0110641302582714,0.0110641302582714,0.0110641302582714,0.0110641302582714,0.0110641302582714,0.0110641302582714,0.0081402659643894,0.030535206969058,0.0117053106525283,-0.0267827536743887,-0.0561393510544356,0.0082992114174255,0.0300933593782911,0.0395321377081039,-0.0425504268030436,-0.0459301150869505,-0.0399610523644122,-0.0561393510544356,0.0021526481543857,-0.003712489247201,0.0305942905392975,-0.0029783743628821,-0.0304323517360114,-0.012053413760482
HU,2050,-0.0369526939898199,-0.0369526939898199,0.0166244849324137,-0.0099637473821204,-0.0099637473821204,0.0109687964113505,0.0109687964113505,0.0109687964113505,0.0109687964113505,0.0109687964113505,0.0109687964113505,0.0109687964113505,0.0084036985363611,0.0308045030941619,0.0121326584817324,-0.026527155693966,-0.0558914393621119,0.0085639947297612,0.030363848941182,0.0397197994896443,-0.042298957192021,-0.0456795303624664,-0.0397092975280389,-0.0558914393621119,0.0024154294060791,-0.0026315056339165,0.0307687272466196,-0.0027173292779793,-0.0295353106576409,-0.011794744746839
IS,2025,-0.0078748314663094,-0.0078748314663094,0.0157383403633757,0.028349809990166,0.028349809990166,0.0279166176438125,0.0279166176438125,0.0279166176438125,0.0279166176438125,0.0279166176438125,0.0279166176438125,0.0279166176438125,0.07,0.0333276819142354,0.0255236527434574,-0.0566464936870698,0.0165109996440707,0.0165109996440707,0.0165109996440707,0.0103772406725225,0.0165109996440707,0.0165109996440707,-0.0566464936870698,0.0165109996440707,0.0165109996440707,0.0531832403303788,0.0155076399249185,0.0195109996440707,0.0195109996440707,0.0036726171794465
IS,2030,0.0034007896313488,0.0034007896313487,0.0019050725117255,0.0064078177151917,0.0064078177151917,0.028294398750585,0.028294398750585,0.028294398750585,0.028294398750585,0.028294398750585,0.028294398750585,0.028294398750585,0.0639144476301967,0.0228182300834556,0.0167816483225826,-0.0149929836993988,0.0054421116730498,0.0054421116730499,0.0054421116730499,-0.0491674001155293,0.0054421116730497,0.0054421116730499,-0.0032754360131745,0.0054421116730498,-0.0221141023492782,0.0086824081358172,0.0385637192745545,0.0126017663517793,0.0084421116730497,0.0125747803393969
IS,2035,-1.010331564060829e-05,-1.010331564060829e-05,-0.0017097927709887,0.0003690822224209,0.0003690822224209,0.0279137659540951,0.0279137659540951,0.0279137659540951,0.0279137659540951,0.0279137659540951,0.0279137659540951,0.0279137659540951,0.0600754055296215,0.0191277593764502,0.0143436282422711,-0.0174398780212538,0.0017963832140904,0.0017963832140904,0.0017963832140904,-0.0621918430681185,0.0017963832140904,0.0017963832140904,-0.0063217474035816,0.0017963832140904,-0.0256547865373326,0.0076958289932902,0.0090257059458754,0.0047963832140904,0.0047963832140904,0.0089141114216904
IS,2040,-0.0018026220500954,-0.0018026220500954,-0.0036685332509521,-0.0011526207611772,-0.0011526207611772,0.0278731620972714,0.0278731620972714,0.0278731620972714,0.0278731620972714,0.0278731620972714,0.0278731620972714,0.0278731620972714,0.0579951932454629,0.0171280515592608,0.013422190159338,-0.0184729014721194,-0.0001790806975706,-0.0001790806975706,-0.0001790806975706,-0.0622475148950306,-0.0001790806975706,-0.0001790806975706,-0.007825991084845,-0.0001790806975706,-0.0275733314632173,0.0029083558840374,0.0071431936880063,0.0028209193024293,0.0028209193024293,0.0069305519161277
IS,2045,-0.0032022586579531,-0.0032022586579531,-0.0050826732768367,-0.0022097641458596,-0.0022097641458596,0.0266955857739379,0.0266955857739379,0.0266955857739379,0.0266955857739379,0.0266955857739379,0.0266955857739379,0.0266955857739379,0.0564933549552673,0.0156843345925215,0.0118098511484908,-0.0198547946329922,-0.0016052944383634,-0.0016052944383634,-0.0016052944383634,-0.062121822661979,-0.0016052944383634,-0.0016052944383634,-0.0092300445356778,-0.0016052944383634,-0.0289584517478618,0.0019887431229558,0.0057809944009201,0.0013947055616365,0.0013947055616365,0.005498493448335
IS,2050,-0.0041369274515031,-0.0041369274515031,-0.0060069525926873,-0.002999771738319,-0.002999771738319,0.0245972127468101,0.0245972127468101,0.0245972127468101,0.0245972127468101,0.0245972127468101,0.0245972127468101,0.0245972127468101,0.055511756215417,0.014740723842614,0.0110469042667387,-0.0208873860381166,-0.0025374651120361,-0.0025374651120361,-0.0025374651120361,-0.062435912944621,-0.0025374651120361,-0.0025374651120361,-0.0102124255750763,-0.0025374651120361,-0.0298637638142966,0.0026650108147599,0.0048712856292608,0.0004625348879638,0.0007438514196089,0.004562502671862
IN,2025,0.0406339673731247,0.0406339673731247,0.0352941207581687,0.0317015764740196,0.0317015764740196,0.0276098432357285,0.0276098432357285,0.0276098432357285,0.0276098432357285,0.0276098432357285,0.0276098432357285,0.0276098432357285,-0.0065519813257972,0.0395838974285731,-0.0183398453895147,0.0481383047387645,0.0067635973806096,0.067,0.007182215089683,0.0419375266047715,0.0244207606171041,0.067,0.0481383047387645,0.0067635973806096,0.067,0.0473705188241851,0.0655334176478634,0.07,0.0296015270646771,0.010182215089683
IN,2030,-2.2835778681600232e-05,-2.2835778681600232e-05,0.0408388023435013,0.0301616430008153,0.0301616430008153,0.0219299427927459,0.0219299427927459,0.0219299427927459,0.0219299427927459,0.0219299427927459,0.0219299427927459,0.0219299427927459,-0.0029644040278893,0.0375386903348471,-0.0640226251424829,0.0537233653036951,0.001555060862692,-0.07,0.0053564255320127,0.034023765893371,0.0225872101377796,0.067,0.0292182146553706,0.001555060862692,-0.0308217872339936,-0.0343014136013132,0.0070253553294654,0.0474544521871977,0.0304077137941716,0.0083564255320127
IN,2035,-0.0010424227476003,-0.0010424227476003,0.0395072822248201,0.0274066044320327,0.0274066044320327,0.018243628610381,0.018243628610381,0.018243628610381,0.018243628610381,0.018243628610381,0.018243628610381,0.018243628610381,-0.0042397798723917,0.0362114000981492,-0.0656527484203616,0.0523689218447019,0.0006481061955562,-0.07,0.0040639758618922,0.0255935225000172,0.0212726751005053,0.067,0.0278971030099365,0.0006481061955562,-0.0314680120690538,0.0092507006208069,0.0510836541846337,0.04279763153819,0.0293042884576586,0.0070639758618922
IN,2040,-0.0023485958847466,-0.0023485958847466,0.0380453641756937,0.0265258688640708,0.0265258688640708,0.0164932106378377,0.0164932106378377,0.0164932106378377,0.0164932106378377,0.0164932106378377,0.0164932106378377,0.0164932106378377,-0.0056400553472715,0.0347541261702268,-0.0648080660053652,0.0508818355352705,-0.0014674317993383,-0.07,0.0026449544938874,0.0249141252941271,0.0198294055094278,0.067,0.0264466127527677,-0.0014674317993383,-0.0321775227530562,0.0045933028869088,0.0502526994577729,0.0413282590284734,0.0274535566315182,0.0056449544938874
IN,2045,-0.0035333969599612,-0.0035333969599612,0.0365869457597332,0.0256292505557697,0.0256292505557697,0.0145635854085115,0.0145635854085115,0.0145635854085115,0.0145635854085115,0.0145635854085115,0.0145635854085115,0.0145635854085115,-0.0070369787529318,0.0333003407580754,-0.0650913330019903,0.0493983091084005,-0.0028685625024324,-0.07,0.0012293300702229,0.024164390066369,0.0183895909096417,0.067,0.0249995947721839,-0.0028685625024324,-0.0328853349648885,0.0034379822040549,0.0494118188775222,0.0398624039968884,0.0260122020789673,0.0042293300702229
IN,2050,-0.0046110329728049,-0.0046110329728049,0.0352602690864711,0.0247783886506869,0.0247783886506869,0.0128390426566913,0.0128390426566913,0.0128390426566913,0.0128390426566913,0.0128390426566913,0.0128390426566913,0.0128390426566913,-0.0083077153785408,0.0319778785804705,-0.0650341681904039,0.0480487924791827,-0.0041431263721998,-0.07,-5.841827443797427e-05,0.0233414324472583,0.0170798375340303,0.067,0.0236832887110272,-0.0041431263721998,-0.0335292091372189,0.00301359611694,0.0486154892074805,0.0385289624718054,0.0251964497880453,0.0029415817255621
ID,2025,0.0213333333333333,0.0213333333333333,0.0363651066484405,0.0346155796229368,0.0346155796229368,0.0386990055394147,0.0386990055394147,0.0386990055394147,0.0386990055394147,0.0386990055394147,0.0386990055394147,0.0386990055394147,0.02960182686638,0.0275441234742166,0.0637350662710257,0.067,-0.07,0.067,0.0061417584519288,0.0357187331734384,0.0061417584519288,0.067,0.067,-0.07,0.067,-0.0080588951677946,0.0479849135648366,0.07,0.0089617594177996,0.0091417584519288
ID,2030,-0.0245648926422796,-0.0245648926422796,0.039566440781241,0.024798447878291,0.024798447878291,0.0316209532697111,0.0316209532697111,0.0316209532697111,0.0316209532697111,0.0316209532697111,0.0316209532697111,0.0316209532697111,0.031948599849964,0.0247358895739056,0.0326745065560629,0.0656106441463222,-0.07,0.067,0.0041487799361336,-0.0039035882729334,0.0041487799361336,0.067,-0.0021946779268388,-0.07,0.0447764716328808,-0.0205939090550202,0.0344460326222344,0.0495813564367735,-0.0004271319359614,0.0071487799361336
ID,2035,-0.0245417536098707,-0.0245417536098707,0.0382949114643529,0.0217645266218017,0.0217645266218017,0.0266172539811144,0.0266172539811144,0.0266172539811144,0.0266172539811144,0.0266172539811144,0.0266172539811144,0.0266172539811144,0.0306864061357852,0.0234825349780809,0.031718770312737,0.0657494783407752,-0.07,0.067,0.0029145272176353,-0.0135428268662133,0.0029145272176353,0.067,-0.0021252608296123,-0.07,0.044149906434582,-0.0069828687950559,0.0325150778806449,0.0404152612125535,0.0005101830927181,0.0059145272176353
ID,2040,-0.0245241224080112,-0.0245241224080112,0.0371655162343411,0.0211876573412807,0.0211876573412807,0.0243161472227309,0.0243161472227309,0.0243161472227309,0.0243161472227309,0.0243161472227309,0.0243161472227309,0.0243161472227309,0.0295653029561642,0.0223692828625083,0.0315970802651431,0.0658552655519327,-0.07,0.067,0.0018182417333866,-0.0136329153244279,0.0018182417333866,0.067,-0.0020723672240336,-0.07,0.0435933799456907,0.0048182417333866,0.0317813480833054,0.0393334093903773,-0.0002136212441276,0.0048182417333866
ID,2045,-0.0245379245706373,-0.0245379245706373,0.035914856390123,0.0205048033786879,0.0205048033786879,0.0211202151689291,0.0211202151689291,0.0211202151689291,0.0211202151689291,0.0211202151689291,0.0211202151689291,0.0211202151689291,0.0283238254904214,0.0211364994396294,0.0303193816771189,0.0657724525761758,-0.07,0.067,0.0006042466707948,-0.0139088586464644,0.0006042466707948,0.067,-0.002113773711912,-0.07,0.042977098493986,0.0037940469241399,0.0309680011187088,0.0381353977506647,-0.0010151413808422,0.0036042466707948
ID,2050,-0.0163162516071682,-0.0163162516071682,0.034569250420646,0.0195669945148247,0.0195669945148247,0.0182281159215949,0.0182281159215949,0.0182281159215949,0.0182281159215949,0.0182281159215949,0.0182281159215949,0.0182281159215949,0.0269880989964443,0.0198101270126522,0.0291868463917984,0.0656566306907573,-0.07,0.067,-0.0007019110432241,-0.0150182098939211,-0.0007019110432241,0.067,-0.0021716846546213,-0.07,0.0423140309108012,0.0031459575198051,0.0301040404522304,0.0368464368702519,-0.0015844149603579,0.0022980889567758
IR,2025,0.0048171714262971,0.0048171714262971,0.0378270197330317,0.0093586148944767,0.0093586148944767,0.0237215050080043,0.0237215050080043,0.0237215050080043,0.0237215050080043,0.0237215050080043,0.0237215050080043,0.0237215050080043,0.0340947528187589,0.0284560763734038,0.0014771714216043,0.0487026464153085,-0.07,0.0357488678635827,0.0087672052418322,-0.0360987553882492,0.0087672052418322,0.0306712569055648,0.0487026464153085,-0.07,0.0357488678635827,0.0485183227976126,0.021494277735748,0.0489279826929337,-0.07,0.0117672052418322
IR,2030,-0.0410484805097053,-0.0410484805097053,0.0425345339938627,0.0168872127304885,0.0168872127304885,0.023037111170512,0.023037111170512,0.023037111170512,0.023037111170512,0.023037111170512,0.023037111170512,0.023037111170512,0.0449812160284461,0.0266686044557498,-0.0211194377756627,0.0068917536739501,-0.07,0.0268173632678178,0.003910912362539,-0.0070821330478539,0.003910912362539,0.0257388555788228,-0.0315541231630249,-0.07,-0.0214095514026095,0.0207156082382178,-0.0030213735240961,0.0426088830336665,-0.07,0.006910912362539
IR,2035,-0.0417919847606942,-0.0417919847606942,0.0401935722100668,0.0032444162246324,0.0032444162246324,0.0216765925334854,0.0216765925334854,0.0216765925334854,0.0216765925334854,0.0216765925334854,0.0216765925334854,0.0216765925334854,0.0426347497765591,0.0243633373399343,-0.0227609443385917,0.0047475787990533,-0.07,0.0245005126367808,0.0016455959424482,-0.0547271121608539,0.0016455959424482,0.0234244313403765,-0.0326262106004733,-0.07,-0.0227497436816095,0.0095262006194104,-0.0092247843863749,0.0373604617721661,-0.07,0.0046455959424482
IR,2040,-0.0420549701097877,-0.0420549701097877,0.0393443567569036,0.0028033169278267,0.0028033169278267,0.0215864564331158,0.0215864564331158,0.0215864564331158,0.0215864564331158,0.0215864564331158,0.0215864564331158,0.0215864564331158,0.0417835375033721,0.0235270706088963,-0.0226769604488058,0.0040101355118721,-0.07,0.0236600438294013,0.000823821864989,-0.0539789343966813,0.000823821864989,0.0225848427396272,-0.0329949322440639,-0.07,-0.0231699780852993,0.0042246303486312,-0.0153425509851629,0.0365119277817637,-0.0699996456428675,0.0038238218649891
IR,2045,-0.0423200476132413,-0.0423200476132413,0.0385232195371691,-0.0008593311260703,-0.0008593311260703,0.0211415305692228,0.0211415305692228,0.0211415305692228,0.0211415305692228,0.0211415305692228,0.0211415305692228,0.0211415305692228,0.0409604694859391,0.0227184539781897,-0.023640867862376,0.0032323502618662,-0.07,0.0228473640586855,2.9218706625869055e-05,-0.0662000267694709,2.9218706625869055e-05,0.0217730140726243,-0.0333838248690668,-0.07,-0.0235763179706572,0.0036478487803517,-0.012975366422287,0.0356914494930872,-0.0699883700313485,0.0030292187066258
IR,2050,-0.0427108340458513,-0.0427108340458513,0.0373178306160579,0.0004459810129351,0.0004459810129351,0.0203999778798624,0.0203999778798624,0.0203999778798624,0.0203999778798624,0.0203999778798624,0.0203999778798624,0.0203999778798624,0.0397522462490782,0.0215314446639667,-0.0245827548427642,0.0020806054694747,-0.07,0.021654390255417,-0.0011372195216653,-0.0574123923232824,-0.0011372195216653,0.0205812896476101,-0.0339596972652626,-0.07,-0.0241728048722914,0.0032229665480882,-0.009512834358926,0.0344870278502551,-0.0691561517843107,0.0018627804783346
IQ,2025,0.0216810075543472,0.0216810075543472,0.0613038301593695,0.0230218319686874,0.0230218319686874,0.0334876767107452,0.0334876767107452,0.0334876767107452,0.0334876767107452,0.0334876767107452,0.0334876767107452,0.0334876767107452,0.0161817203897276,0.0596441578087816,0.0235174543324716,0.0243166509252378,0.0203631858689019,0.020363185868902,0.0203631858689018,0.035179235747218,0.020363185868902,0.0203631858689018,0.0243166509252378,0.0203631858689019,0.020363185868902,0.0619129562008181,0.0421128963656352,0.07,0.0049989042612892,0.023363185868902
IQ,2030,0.0145815495834918,0.0145815495834918,0.0691326879785427,0.0174768041561618,0.0174768041561618,0.0383679884102283,0.0383679884102283,0.0383679884102283,0.0383679884102283,0.0383679884102283,0.0383679884102283,0.0383679884102283,0.0091467847108888,0.042138410800943,0.0189147023534757,-0.0079303803361968,0.0172839355674295,0.0172839355674295,0.0172839355674295,0.0261925607788995,0.0172839355674295,0.0172839355674295,0.0061767776156163,0.0172839355674295,0.0187839355674295,0.0195717437173672,-0.0006000770145294,0.0295050909445509,0.004291230431076,0.0202839355674295
IQ,2035,0.0133421859144826,0.0133421859144826,0.0678310547739691,0.0142315371289746,0.0142315371289746,0.0338602360496114,0.0338602360496114,0.0338602360496114,0.0338602360496114,0.0338602360496114,0.0338602360496114,0.0338602360496114,0.0079183192054952,0.0408697038181069,0.022201527275991,-0.009144114740932,0.0160394460455656,0.0160394460455656,0.0160394460455656,0.0169289372192722,0.0160394460455656,0.0160394460455656,0.0049476656523168,0.0160394460455656,0.0175394460455656,0.0134607032040546,-0.0014831842590167,0.019940192040144,0.0030662479829536,0.0190394460455656
IQ,2040,0.0119888913964651,0.0119888913964651,0.0664097664755734,0.0130336420856214,0.0130336420856214,0.0226990726061313,0.0226990726061313,0.0226990726061313,0.0226990726061313,0.0226990726061313,0.0226990726061313,0.0226990726061313,0.006576924685393,0.0394843685466481,0.0199413744088722,-0.0104694239760901,0.0146805544709761,0.0146805544709761,0.0146805544709761,0.0161965347151405,0.0146805544709761,0.0146805544709761,0.0036055652474429,0.0146805544709761,0.0161805544709761,0.0088905627065077,-0.0027228970520453,0.0185800993185845,0.0017286567067489,0.0176805544709761
IQ,2045,0.0100915032975658,0.0100915032975658,0.0644170476205299,0.0112732541508936,0.0112732541508936,0.0217230472009293,0.0217230472009293,0.0217230472009293,0.0217230472009293,0.0217230472009293,0.0217230472009293,0.0217230472009293,0.0046962209919361,0.0375420576734013,0.0180893598311839,-0.0123275752777256,0.0127753190126241,0.0127753190126241,0.0127753190126241,0.01484615758639,0.0127753190126241,0.0127753190126241,0.0017238718674492,0.0127753190126241,0.0142753190126241,0.0070617992937508,-0.004550283805962,0.0166731797907744,-0.00014671464433,0.0157753190126241
IQ,2050,0.0081695171761695,0.0081695171761695,0.0623984948608387,0.0093756792507068,0.0093756792507068,0.0199262484222484,0.0199262484222484,0.0199262484222484,0.0199262484222484,0.0199262484222484,0.0199262484222484,0.0199262484222484,0.0027911355751044,0.0355745663921058,0.0162718011845465,-0.0142098159301624,0.0108453837974359,0.0108453837974359,0.0108453837974359,0.0130208138328509,0.0108453837974359,0.0108453837974359,-0.0001822160663632,0.0108453837974359,0.0123453837974359,0.0054005069833669,-0.0066120858076475,0.0147415386736,-0.001519277589419,0.0138453837974359
IE,2025,0.0042108546148431,0.0042108546148431,0.0203438184969251,0.01245892534318,0.01245892534318,0.007034727203671,0.007034727203671,0.007034727203671,0.007034727203671,0.007034727203671,0.007034727203671,0.007034727203671,0.0362048187805048,0.0050934792733363,0.0213240481088273,0.0623394010330279,-0.0459463936120461,-0.0037604435764524,0.0094807457899192,-0.0125844863689529,0.0282895919764089,-0.0020742230152405,0.0623394010330279,-0.0459463936120461,-0.0037604435764524,0.0261309630760892,0.0221806152996308,0.0070488890059015,0.0002806551239342,0.0264996409524451
IE,2030,-0.007553411766332,-0.007553411766332,0.0126920679397322,0.0003041676222866,0.0003041676222866,0.0095646152770174,0.0095646152770174,0.0095646152770174,0.0095646152770174,0.0095646152770174,0.0095646152770174,0.0095646152770174,0.0336833753520862,0.0014109212987865,-0.0018196104476556,0.0178980101331865,-0.0232732372525799,-0.0153958877971875,0.0053397620888061,-0.0113711439652769,-0.0219203653493931,0.0008248044517303,-0.0011876135596966,-0.0232732372525799,-0.01001267869079,-0.0435096748523072,0.0184667294047742,0.0125102575809316,0.0059118442774675,0.030759915517398
IE,2035,-0.0092996283545057,-0.0092996283545057,0.010304035989054,-0.0056470876576789,-0.0056470876576789,0.0100899575715502,0.0100899575715502,0.0100899575715502,0.0100899575715502,0.0100899575715502,0.0100899575715502,0.0100899575715502,0.0312457457896555,-0.0009504559076095,-0.0038092485444228,0.0184624555780271,-0.025588105338113,-0.017729368240315,0.00295728809362,-0.028048664720337,-0.0242384299588057,-0.0015470017412283,-0.0020628248800429,-0.025588105338113,-0.0123553342602604,0.07,-0.0051673984300222,0.0061046693443576,0.0035351068913744,0.028324467877296
IE,2040,-0.0101261598251429,-0.0101261598251429,0.0089545120046865,-0.0067525078577906,-0.0067525078577906,0.0097553992930266,0.0097553992930266,0.0097553992930266,0.0097553992930266,0.0097553992930266,0.0097553992930266,0.0097553992930266,0.029868193216052,-0.0022849167699382,-0.0041162940149928,0.0194961041062001,-0.0268962829783607,-0.0190480640911636,0.0016109050195901,-0.0284424543997466,-0.0255484140177828,-0.0028873562296852,-0.0022000894360803,-0.0268962829783607,-0.0136792151560814,-0.0101277862635616,-0.0064172343681661,0.0047580890138201,0.0021919656883578,0.0269481483510618
IE,2045,-0.0110626170961857,-0.0110626170961857,0.0078988631796199,-0.0076007460465989,-0.0076007460465989,0.0089447885430491,0.0089447885430491,0.0089447885430491,0.0089447885430491,0.0089447885430491,0.0089447885430491,0.0089447885430491,0.0287906193658376,-0.0033287826498578,-0.0053766288088215,0.018462210101097,-0.0279195891254929,-0.0200795979814047,0.000557713133671,-0.028684638010694,-0.0265731332141319,-0.0039358323274073,-0.0032286895121979,-0.0279195891254929,-0.0147148049850804,0.0171983490587645,-0.0074118636333578,0.0037047428263821,0.0011413097168544,0.0258715390372481
IE,2050,-0.0125683042261731,-0.0125683042261731,0.0063265161324561,-0.0091165875234303,-0.0091165875234303,0.0091886378236418,0.0091886378236418,0.0091886378236418,0.0091886378236418,0.0091886378236418,0.0091886378236418,0.0091886378236418,0.0271856158634853,-0.0048835794676569,-0.0067631352231278,0.0165701498220851,-0.0294437630369134,-0.02161602678979,-0.0010109744000997,-0.0300550582691669,-0.0280994118063049,-0.0054974958817349,-0.0049368066074141,-0.0294437630369134,-0.0162572749533457,0.0160200537367148,-0.0090103849285209,0.0021358254666201,-0.0001929246932228,0.0242679721736014
IM,2025,-0.0054129777330174,-0.0054129777330174,0.0068510424141821,-0.0040109005065127,-0.0040109005065127,0.0237215050080043,0.0237215050080043,0.0237215050080043,0.0237215050080043,0.0237215050080043,0.0237215050080043,0.0237215050080043,-0.021859651904367,0.002,0.0001542684635697,0.0121513797308756,-0.003,-0.0253903129299278,-0.003,0.0118160498783161,-0.003,-0.003,0.0121513797308756,-0.003,-0.0253903129299278,0.0310871482415341,0.0027570746874369,-0.0223903129299277,0.0,0.0
IM,2030,-0.003283087502485,-0.003283087502485,0.0007429125765127,-0.0049593482571775,-0.0049593482571775,0.023037111170512,0.023037111170512,0.023037111170512,0.023037111170512,0.023037111170512,0.023037111170512,0.023037111170512,-0.01974601824018,0.002,-0.0013692332139538,0.010456091539619,-0.003,-0.0271546165545295,-0.003,0.0059086252114699,-0.003,-0.003,0.0052280457698095,-0.003,-0.0135773082772647,0.0005363662948777,0.006634767471338,-0.0241546165545294,0.0,0.0
IM,2035,-0.0053904016808352,-0.0053904016808352,-0.0016464519180862,-0.0093434975410376,-0.0093434975410376,0.0216765925334854,0.0216765925334854,0.0216765925334854,0.0216765925334854,0.0216765925334854,0.0216765925334854,0.0216765925334854,-0.0220863655921196,-0.0003923719152457,0.0007697093151795,0.0097162792194784,-0.0053923719152457,-0.0294892016435067,-0.0053923719152458,-0.0045028807415391,-0.0053923719152458,-0.0053923719152457,0.0036619536521163,-0.0053923719152457,-0.0159407867793762,0.0011129986135841,0.0008416388027241,-0.0264892016435067,-0.0023923719152458,-0.0023923719152458
IM,2040,-0.0051961988667765,-0.0051961988667765,-0.0016753795245594,-0.0092156818271885,-0.0092156818271885,0.0215864564331158,0.0215864564331158,0.0215864564331158,0.0215864564331158,0.0215864564331158,0.0215864564331158,0.0215864564331158,-0.0221146997568572,-0.0004213359320204,-0.0001605159941243,0.0110256165729845,-0.0054213359320204,-0.0295174660455622,-0.0054213359320204,-0.003905355687856,-0.0054213359320204,-0.0054213359320204,0.004302140320482,-0.0054213359320204,-0.0159694009887913,-0.0024213359320204,0.0013013457585364,-0.0265174660455621,-0.0024213359320204,-0.0024213359320204
IM,2045,-0.0076904117695833,-0.0076904117695833,-0.0041772426385492,-0.0115683608681409,-0.0115683608681409,0.0211415305692228,0.0211415305692228,0.0211415305692228,0.0211415305692228,0.0211415305692228,0.0211415305692228,0.0211415305692228,-0.0245652378505539,-0.0029263480652584,-0.0026123072466986,0.0085248922147912,-0.0079263480652584,-0.0319619705712576,-0.0079263480652584,-0.0058555094914926,-0.0079263480652584,-0.0079263480652584,0.0017992720747663,-0.0079263480652584,-0.018444159318258,-0.0046960465385471,-0.001126111304851,-0.0289619705712574,-0.0049263480652584,-0.0049263480652584
IM,2050,-0.0078464702567711,-0.0078464702567711,-0.004301501551832,-0.0116659519325151,-0.0116659519325151,0.0203999778798624,0.0203999778798624,0.0203999778798624,0.0203999778798624,0.0203999778798624,0.0203999778798624,0.0203999778798624,-0.0246869476270713,-0.003050763379468,-0.0026243459923574,0.0082076126585045,-0.008050763379468,-0.0320833806812588,-0.008050763379468,-0.005875333344053,-0.008050763379468,-0.008050763379468,0.0015784246395182,-0.008050763379468,-0.0185670720303634,-0.0040403193408238,-0.0016449558087468,-0.0290833806812588,-0.004769446847823,-0.005050763379468
IL,2025,0.0175741614887769,0.0175741614887769,0.0297155758936116,0.0145798671348053,0.0145798671348053,0.0390730971098896,0.0390730971098896,0.0390730971098896,0.0390730971098896,0.0390730971098896,0.0390730971098896,0.0390730971098896,0.0084027660212093,0.0515981278166077,0.0180676340373335,0.0383893367004418,-0.0005802178078747,0.0149133655737637,0.0149133655737637,0.0200899713704846,0.0149133655737637,0.0149133655737637,0.0383893367004418,-0.0005802178078747,0.0149133655737637,0.06840511612718,-0.0010347370191593,-0.0253554239057644,0.0308177721046249,0.0118904582029106
IL,2030,-0.0102369316858289,-0.0102369316858289,0.031417633329984,0.009762712508224,0.009762712508224,0.0357755127994172,0.0357755127994172,0.0357755127994172,0.0357755127994172,0.0357755127994172,0.0357755127994172,0.0357755127994172,0.0010302792577578,0.0686709017734787,0.0121413874402929,-0.0603187319609802,-0.0056294468999437,0.0105106206542467,0.0105106206542467,0.0169993294666448,0.0105106206542467,0.0105106206542467,-0.0314740894304619,-0.0056294468999437,0.0072661245448433,0.0576706195845107,-0.0469100826825124,-0.0006216614745739,0.0327823218604971,0.0148259853343655
IL,2035,-0.0121733385692254,-0.0121733385692254,0.0310072627737607,0.0090218227523298,0.0090218227523298,0.033510248536543,0.033510248536543,0.033510248536543,0.033510248536543,0.033510248536543,0.033510248536543,0.033510248536543,0.0006320224199994,0.0682456804472695,0.0162686725542336,-0.07,-0.0060270420988061,0.0101065913238082,0.0101065913238082,0.0152420859417035,0.0101065913238082,0.0101065913238082,-0.036513521049403,-0.0060270420988061,0.006863986576515,0.0580390796133932,0.0093964426699672,0.0012229884672387,0.0323706099933626,0.0144214316424646
IL,2040,-0.0122611435235787,-0.0122611435235787,0.0308866547175032,0.0091732858285571,0.0091732858285571,0.0322841986112059,0.0322841986112059,0.0322841986112059,0.0322841986112059,0.0322841986112059,0.0322841986112059,0.0322841986112059,0.0005149745900202,0.0681207077442926,0.0152486668940194,-0.07,-0.0061438954728723,0.0099878469561233,0.0099878469561233,0.0162024748119616,0.0099878469561233,0.0099878469561233,-0.0365719477364361,-0.0061438954728723,0.0067457980808448,0.0460134503078583,0.0097501922814332,0.0011145431829648,0.0322496077253387,0.0143025331647546
IL,2045,-0.0123449849705165,-0.0123449849705165,0.030770611828532,0.0093299609771776,0.0093299609771776,0.0304077571471699,0.0304077571471699,0.0304077571471699,0.0304077571471699,0.0304077571471699,0.0304077571471699,0.0304077571471699,0.000402357168265,0.0680004654159938,0.0151876380313176,-0.07,-0.0062563257991162,0.0098735972127578,0.0098735972127578,0.0171702923149298,0.0098735972127578,0.0098735972127578,-0.0366281628995582,-0.0062563257991162,0.0066320831690359,0.0576163631584337,0.0098429883082082,0.0010102026896929,0.0321331855460145,0.0141881351446231
IL,2050,-0.0131162239999927,-0.0131162239999927,0.0298059655361508,0.0084344352769456,0.0084344352769456,0.0282275838057424,0.0282275838057424,0.0282275838057424,0.0282275838057424,0.0282275838057424,0.0282275838057424,0.0282275838057424,-0.0005338137536813,0.0670009098446966,0.0143502744450001,-0.07,-0.0071909414254931,0.0089238570578894,0.0089238570578894,0.0164238407456849,0.0089238570578894,0.0089238570578894,-0.0370954707127465,-0.0071909414254931,0.0056867889848145,0.0470512717496314,0.0091287528497497,0.0001428365729744,0.031489444377065,0.0132371623883105
IT,2025,-0.0217285680902357,-0.0217285680902357,0.0032891550123943,0.0086923756543911,0.0086923756543911,0.0030711521653215,0.0030711521653215,0.0030711521653215,0.0030711521653215,0.0030711521653215,0.0030711521653215,0.0030711521653215,0.001634837704709,0.0224260518459355,-0.0016431895463415,-0.021391911000077,-0.0102021488613572,-0.0335916444092729,-0.000181428707867,-0.003101588947881,0.0548240726041614,-0.0185878187434248,-0.021391911000077,-0.0102021488613572,-0.0335916444092729,-0.07,-0.0137808042483345,-0.0105644425774165,-0.0041674029050742,-0.04479826810386
IT,2030,-0.0203170426873236,-0.0203170426873236,-0.0004070105374186,0.0077534029873127,0.0077534029873127,0.0039197078426331,0.0039197078426331,0.0039197078426331,0.0039197078426331,0.0039197078426331,0.0039197078426331,0.0039197078426331,0.0028909164149299,0.0162605548412653,-0.0025492086340215,-0.0291536176787405,-0.0153448508304864,-0.0357580698752519,-0.07,-0.0103388227869463,0.067,-0.0285384816787326,-0.0207710375892077,-0.0153448508304864,-0.0528790349376259,-0.0694480453744436,0.0012059399379202,-0.0154494701508378,-0.0059647878921361,-0.0412753679678654
IT,2035,-0.020430764821234,-0.020430764821234,-0.0010113356836422,0.0060894081890574,0.0060894081890574,0.0045073373376542,0.0045073373376542,0.0045073373376542,0.0045073373376542,0.0045073373376542,0.0045073373376542,0.0045073373376542,0.002284593439723,0.0156461327627348,-0.0027179698819491,-0.0280588007338941,-0.0159431557992913,-0.0363440088574125,0.067,-0.015798166516833,0.067,-0.0291287941666602,-0.0205227683930915,-0.0159431557992913,-0.0531720044287062,-0.0010613905228319,-0.016795767395192,-0.0181052844999408,-0.0065669577963493,-0.0416145256464079
IT,2040,-0.0204129845782321,-0.0204129845782321,-0.0013642338566644,0.0060858613767876,0.0060858613767876,0.0051446615352124,0.0051446615352124,0.0051446615352124,0.0051446615352124,0.0051446615352124,0.0051446615352124,0.0051446615352124,0.0019305286261886,0.0152873384442573,-0.0021097188276109,-0.0270957083428961,-0.0162925384647665,-0.0366861703537512,0.067,-0.0151135735292258,0.067,-0.0294735095898123,-0.0202159058174081,-0.0162925384647665,-0.0533430851768756,-0.0049388034463636,-0.0170220341135706,-0.0184528399572917,-0.0069185974068699,-0.0418125781780162
IT,2045,-0.020858956564423,-0.020858956564423,-0.0019703778999514,0.0058859902207388,0.0058859902207388,0.0059729253216542,0.0059729253216542,0.0059729253216542,0.0059729253216542,0.0059729253216542,0.0059729253216542,0.0059729253216542,0.0013223807408553,0.0146710670789291,-0.0029214867446011,-0.0274315524034666,-0.0168926442111125,-0.0372738728943218,0.067,-0.0147128210583778,0.067,-0.0300655987995219,-0.0206838674730172,-0.0168926442111125,-0.0536369364471609,-0.0053116269518556,-0.0175734627567703,-0.0190498072591652,-0.0075225797213018,-0.0421527566529121
IT,2050,-0.0217904255386226,-0.0217904255386226,-0.0030443859703921,0.0051364165303633,0.0051364165303633,0.0067335617730646,0.0067335617730646,0.0067335617730646,0.0067335617730646,0.0067335617730646,0.0067335617730646,0.0067335617730646,0.0002448221240495,0.0135791147166575,-0.0038165508921313,-0.0282004962375265,-0.0179559532080931,-0.0383152050307697,0.067,-0.0155844524618961,0.067,-0.0311147035406997,-0.0215999704150793,-0.0179559532080931,-0.0541576025153849,-0.0056384208421726,-0.0188317047842265,-0.0201075553424829,-0.0078064573671009,-0.0427555084764673
JM,2025,0.0035977502579755,0.0035977502579755,0.0171071896985441,0.0451057519929618,0.0451057519929618,-0.0009819051759892,-0.0009819051759892,-0.0009819051759892,-0.0009819051759892,-0.0009819051759892,-0.0009819051759892,-0.0009819051759892,0.07,0.07,0.005942790297336,0.0602145591297401,-0.0482854406854473,-0.0011358676703662,-0.0011358676703662,0.0098650523200247,0.067,0.0335579556518227,0.0602145591297401,-0.0482854406854473,-0.0011358676703662,0.0129614228049662,-0.0178651290342068,-0.0699999999999999,-0.0151449637954682,0.0018641323296337
JM,2030,-0.02663696282824,-0.02663696282824,0.0131048297070377,0.0403047008205837,0.0403047008205837,0.0021793436013746,0.0021793436013746,0.0021793436013746,0.0021793436013746,0.0021793436013746,0.0021793436013746,0.0021793436013746,0.0695280938466862,0.07,-0.0022884220671806,0.0465957391599054,-0.0468102633368784,-0.0048383777064536,-0.0048383777064536,0.0155383008578335,0.0534327566401938,0.0227196519376214,-0.0010299360402627,-0.0468102633368784,-0.0374191888532268,-0.0320399774205296,-0.0311404883284803,-0.0677987498759791,-0.0163736570536855,-0.0018383777064536
JM,2035,-0.027532911081245,-0.027532911081245,0.0113401461200157,0.0376253819861499,0.0376253819861499,0.0047949270619367,0.0047949270619367,0.0047949270619367,0.0047949270619367,0.0047949270619367,0.0047949270619367,0.0047949270619367,0.0676649346068654,0.07,0.0012778654999165,0.0450716249014605,-0.048479103485587,-0.0065804714837793,-0.0065804714837793,0.0103181701520771,0.0515889621179427,0.0209294610677145,-0.002622184945414,-0.048479103485587,-0.0382902357418896,0.0350498482781572,-0.0283738902390364,-0.0699999999999999,-0.0180903823745038,-0.0035804714837793
JM,2040,-0.0291995949367633,-0.0291995949367633,0.009182098228762,0.0357190437229687,0.0357190437229687,0.0093282446043696,0.0093282446043696,0.0093282446043696,0.0093282446043696,0.0093282446043696,0.0093282446043696,0.0093282446043696,0.0653864599283819,0.07,-0.0009460516119865,0.0431233219591571,-0.050519943549067,-0.0087108940876801,-0.0087108940876801,0.0094153261475479,0.0493341687318017,0.0187402200841432,-0.0046115856230271,-0.050519943549067,-0.03935544704384,0.0180359678426528,-0.0279253070802708,-0.0699999999999999,-0.0201897816581487,-0.0057108940876801
JM,2045,-0.0308144274752695,-0.0308144274752695,0.0073066801973979,0.0340916021245909,0.0340916021245909,0.0128173322495002,0.0128173322495002,0.0128173322495002,0.0128173322495002,0.0128173322495002,0.0128173322495002,0.0128173322495002,0.0634063868663554,0.07,-0.0017648808989488,0.0412868290214078,-0.0522935039365323,-0.0105623047917583,-0.0105623047917583,0.0087476519226539,0.0473746755293998,0.0168376941799542,-0.0064121186601666,-0.0522935039365323,-0.0402811523958791,-0.0110351519950792,-0.0280280457145097,-0.0385156972758047,-0.0220142320271779,-0.0075623047917583
JM,2050,-0.0324164597248479,-0.032416459724848,0.0055454295228289,0.0323706890596522,0.0323706890596522,0.0143418968843307,0.0143418968843307,0.0143418968843307,0.0143418968843307,0.0143418968843307,0.0143418968843307,0.0143418968843307,0.0615468521077748,0.07,-0.0025646175324604,0.0395377760398363,-0.0539590976210188,-0.0123010096015284,-0.0123010096015284,0.0073504504705562,0.045534467817398,0.0150509858428798,-0.0081152219202552,-0.0539590976210188,-0.0411505048007642,-0.0318599346407311,-0.0306309185654576,-0.0397690635993904,-0.0229412657519574,-0.0093010096015284
JP,2025,-0.0332506644207958,-0.0332506644207958,-0.0082371101102178,-0.0090354864724028,-0.0090354864724028,-0.0004257614237961,-0.0004257614237961,-0.0004257614237961,-0.0004257614237961,-0.0004257614237961,-0.0004257614237961,-0.0004257614237961,0.0032907834552908,0.0113495819874065,-0.0062612892615096,-0.0206942522735317,-0.07,-0.0090577409888556,-0.0056619196613087,-0.0206882914727128,0.001352461692032,-0.0200968995642213,-0.0206942522735317,-0.07,-0.0090577409888556,-0.07,-0.0151922260679918,-0.0467148625057388,0.0042713652566832,0.0109961727517857
JP,2030,-0.0217671378344803,-0.0217671378344803,-0.0148531218902056,-0.0111679160088235,-0.0111679160088235,-0.0008730290340482,-0.0008730290340482,-0.0008730290340482,-0.0008730290340482,-0.0008730290340482,-0.0008730290340482,-0.0008730290340482,-0.0026761205190051,0.0003031394390829,0.0051780886825576,-0.0285328696032172,-0.07,-0.0149302765657353,-0.0087132269459764,-0.0439543619796575,0.0149996797621033,-0.0130408612987348,-0.0171230482745968,-0.07,-0.0103217517558558,-0.0693778361061838,-0.0116535872612609,-0.0421109001321244,0.0179010983374978,0.0264358863373658
JP,2035,-0.020779287400849,-0.020779287400849,-0.0153756935535099,0.012742209183104,0.012742209183104,-0.0028209278410611,-0.0028209278410611,-0.0028209278410611,-0.0028209278410611,-0.0028209278410611,-0.0028209278410611,-0.0028209278410611,-0.0032051646189335,-0.0002274882256884,0.0050208938377788,-0.0290508277237229,-0.0614442724349108,-0.0154554648670279,-0.0092417197931441,0.0532824724283075,0.0144585828032041,-0.0135670538801617,-0.0176462737584335,-0.0614442724349108,-0.010848592330086,-0.066337830700466,-0.0296669619627938,-0.0452599690326634,0.0173735528164902,-0.003042532000286
JP,2040,-0.0210282683786748,-0.0210282683786748,-0.0156251578072076,0.0125832870835587,0.0125832870835587,-0.0036888720003956,-0.0036888720003956,-0.0036888720003956,-0.0036888720003956,-0.0036888720003956,-0.0036888720003956,-0.0036888720003956,-0.0034577186719551,-0.0004807982378435,0.0057917597592063,-0.0292980895732491,-0.0616833103819175,-0.0157061782463266,-0.0094940106901851,0.053408838707375,0.0142002749795909,-0.0138182466807758,-0.0178960501317171,-0.0616833103819175,-0.0111000944682559,-0.0064940106901851,-0.0298222983705073,-0.0455023541515111,0.0171152665799089,-0.003246642025331
JP,2045,-0.0210542350284331,-0.0210542350284331,-0.0156511748586288,0.0126036278294526,0.0126036278294526,-0.0026869491243806,-0.0026869491243806,-0.0026869491243806,-0.0026869491243806,-0.0026869491243806,-0.0026869491243806,-0.0026869491243806,-0.0034840579638043,-0.0005072163699567,0.0055505781458435,-0.0293238769321925,-0.0617082400560761,-0.0157323255711818,-0.0095203225370494,0.053569677669692,0.0141733356172183,-0.0138444440052956,-0.017922099734621,-0.0617082400560761,-0.0111263240541156,-0.0063527980551291,-0.0298137577669834,-0.0455276329079153,0.0170883294688845,-0.0032679290070868
JP,2050,-0.0209454636937256,-0.0209454636937256,-0.0155421923971031,0.0126988900010772,0.0126988900010772,-0.0023822511123775,-0.0023822511123775,-0.0023822511123775,-0.0023822511123775,-0.0023822511123775,-0.0023822511123775,-0.0023822511123775,-0.0033737256738727,-0.0003965538271494,0.0058332426442697,-0.0292158566262635,-0.0616038124939036,-0.0156227974090969,-0.0094101052110299,0.0536178105443556,0.0142861815341436,-0.0137347064003174,-0.0178129809186467,-0.0616038124939036,-0.0110164513100634,-0.0056516534448834,-0.0298623991417132,-0.0454217430800235,0.0180441701176477,-0.003178760267992
JE,2025,-0.0123301237739781,-0.0123301237739781,0.0246681514975601,-0.001892813664958,-0.001892813664958,0.0237215050080043,0.0237215050080043,0.0237215050080043,0.0237215050080043,0.0237215050080043,0.0237215050080043,0.0237215050080043,-0.0243838026147824,0.005665499358878,0.0038197678224477,-0.0383213700396904,0.000665499358878,0.000665499358878,0.000665499358878,0.0154815492371941,0.000665499358878,0.000665499358878,-0.0383213700396904,0.000665499358878,0.000665499358878,0.0629773069910234,0.000406354087701,0.003665499358878,0.003665499358878,0.003665499358878
JE,2030,-0.0111579108643693,-0.0111579108643693,0.0110356485216114,-0.0082924970243756,-0.0082924970243756,0.023037111170512,0.023037111170512,0.023037111170512,0.023037111170512,0.023037111170512,0.023037111170512,0.023037111170512,-0.0330786133089723,0.002,-0.0013692332139538,-0.0609474651862159,-0.003,-0.003,-0.003,0.0059086252114699,-0.003,-0.003,-0.0304737325931079,-0.003,-0.0015,0.0458340755536839,-0.0389045104894997,0.0041596546787296,0.0,0.0
JE,2035,-0.0092101808551987,-0.0092101808551987,0.0129686811801064,-0.0083983578991037,-0.0083983578991037,0.0216765925334854,0.0216765925334854,0.0216765925334854,0.0216765925334854,0.0216765925334854,0.0216765925334854,0.0216765925334854,-0.0312300913503211,0.0039157228600665,0.005077804090492,-0.0588396994315251,-0.0010842771399334,-0.0010842771399334,-0.0010842771399334,-0.0001947859662268,-0.0010842771399334,-0.0010842771399334,-0.0284619882857292,-0.0010842771399334,0.0004157228600665,0.0054593325117473,-0.0370191637978132,0.0019157228600665,0.0019157228600665,0.0019157228600665
JE,2040,-0.011430720154495,-0.011430720154495,0.0110356485216114,-0.0101406582662019,-0.0101406582662019,0.0215864564331158,0.0215864564331158,0.0215864564331158,0.0215864564331158,0.0215864564331158,0.0215864564331158,0.0215864564331158,-0.0330786133089723,0.002,0.002260819937896,-0.0625843209269703,-0.003,-0.003,-0.003,-0.0014840197558356,-0.003,-0.003,-0.0312921604634851,-0.003,-0.0015,0.0,-0.0391429954987041,0.0,0.0,0.0
JE,2045,-0.0112180602173874,-0.0112180602173874,0.0110356485216114,-0.0100019436838016,-0.0100019436838016,0.0211415305692228,0.0211415305692228,0.0211415305692228,0.0211415305692228,0.0211415305692228,0.0211415305692228,0.0211415305692228,-0.0330786133089723,0.002,0.0023140408185598,-0.0613083613043247,-0.003,-0.003,-0.003,-0.0009291614262341,-0.003,-0.003,-0.0306541806521623,-0.003,-0.0015,0.0002149918459197,-0.0389570919796739,0.0,0.0,0.0
JE,2050,-0.011374221224584,-0.011374221224584,0.0110356485216114,-0.0099757958183893,-0.0099757958183893,0.0203999778798624,0.0203999778798624,0.0203999778798624,0.0203999778798624,0.0203999778798624,0.0203999778798624,0.0203999778798624,-0.0330786133089723,0.002,0.0024264173871106,-0.0622453273475042,-0.003,-0.003,-0.003,-0.0008245699645849,-0.003,-0.003,-0.0311226636737521,-0.003,-0.0015,0.0009489897082164,-0.0390936051432156,0.0,0.000281316531645,0.0
JO,2025,0.0235854422584973,0.0235854422584973,0.0379744586269339,0.0261116981785108,0.0261116981785108,0.0597353262485744,0.0597353262485744,0.0597353262485744,0.0597353262485744,0.0597353262485744,0.0597353262485744,0.0597353262485744,0.0115351735448112,0.0236353999585494,0.0266918493499438,0.0348722224369403,0.0123465234521774,0.0235375808863741,0.0235375808863741,0.0458364573964838,0.0235375808863741,0.0235375808863741,0.0348722224369403,0.0123465234521774,0.0235375808863741,0.0526823545986356,0.0337961463586537,0.0265375808863741,0.0368687265075975,0.0336107182936884
JO,2030,0.0015202323470555,0.0015202323470555,0.0175782264494133,0.0098684599933606,0.0098684599933606,0.0599630606937662,0.0599630606937662,0.0599630606937662,0.0599630606937662,0.0599630606937662,0.0599630606937662,0.0599630606937662,-0.0170126474430459,0.0070331379112866,0.0116604201269466,0.0165811337002889,-0.0135282047050593,0.0100296533409004,0.0100296533409004,0.0364271807346878,0.0100296533409004,0.0100296533409004,0.0030264644976147,-0.0135282047050593,0.0078194017216287,0.0574381673627914,0.0112708836366633,0.01718930801963,0.0043233231800016,0.0090276251927268
JO,2035,0.0043231032864022,0.0043231032864022,0.020143638721721,0.009241362753853,0.009241362753853,0.0565543354429676,0.0565543354429676,0.0565543354429676,0.0565543354429676,0.0565543354429676,0.0565543354429676,0.0565543354429676,-0.0145346138187659,0.009571912649583,0.0187507089931962,0.0198159497441121,-0.0110287388631945,0.0125886277627708,0.0125886277627708,0.0263228093086365,0.0125886277627708,0.0125886277627708,0.0058936054404588,-0.0110287388631945,0.0103690038225989,0.028003219834168,0.0349908922390514,0.0155886277627708,0.0068603048831823,0.0115764902484665
JO,2040,0.0038050125569442,0.0038050125569442,0.0193676495804386,0.0086729035489737,0.0086729035489737,0.0527553848944011,0.0527553848944011,0.0527553848944011,0.0527553848944011,0.0527553848944011,0.0527553848944011,0.0527553848944011,-0.0152841725563344,0.0088039808632009,0.0170754058885084,0.0195862208431737,-0.011784780444982,0.0118145859506123,0.0118145859506123,0.0263466148510045,0.0118145859506123,0.0118145859506123,0.0054007201990958,-0.011784780444982,0.0095977969618928,0.0148145859506123,0.0338547732629112,0.0148145859506123,0.0060929154563247,0.0108055063301317
JO,2045,0.0028695948310542,0.0028695948310542,0.0182636928637445,0.0077947408735345,0.0077947408735345,0.0483868473999049,0.0483868473999049,0.0483868473999049,0.0483868473999049,0.0483868473999049,0.0483868473999049,0.0483868473999049,-0.0163505282034355,0.0077114868984806,0.0160274404096281,0.018485617469299,-0.01286035887503,0.0107133995910683,0.0107133995910683,0.0261026925154369,0.0107133995910683,0.0107133995910683,0.0043126292971345,-0.01286035887503,0.0085006437305599,0.0138322394173138,0.0329284569702005,0.0137133995910683,0.0050011930764215,0.0097086702665467
JO,2050,0.0008969013809956,0.0008969013809956,0.0161262690444441,0.0059670153141213,0.0059670153141213,0.04367282528226,0.04367282528226,0.04367282528226,0.04367282528226,0.04367282528226,0.04367282528226,0.04367282528226,-0.0184151507792054,0.0055962566658789,0.0140077569809115,0.0162727451932561,-0.0149428381254798,0.0085813395938009,0.0085813395938009,0.0251205328480891,0.0085813395938009,0.0085813395938009,0.0021649535338881,-0.0149428381254798,0.0063763924672532,0.0121418157956976,0.0310961124734982,0.0115813395938009,0.0032946401934563,0.0075850330870068
KZ,2025,0.0088498348885695,0.0088498348885695,0.0323719281261944,-0.0008808021065411,-0.0008808021065411,0.0433719297522452,0.0433719297522452,0.0433719297522452,0.0433719297522452,0.0433719297522452,0.0433719297522452,0.0433719297522452,0.07,0.07,0.0264945314097463,0.0295495046657086,-0.07,0.067,0.0118600635956543,-0.0273029999524262,0.0118600635956543,-0.0580802720693927,0.0295495046657086,-0.07,0.067,0.0242834195688207,-0.0048198874091556,0.0500573321515274,-0.0642636132776168,0.021561947434394
KZ,2030,-0.0025728721913702,-0.0025728721913702,0.0348152447209408,0.0039889126086814,0.0039889126086814,0.0271328526059762,0.0271328526059762,0.0271328526059762,0.0271328526059762,0.0271328526059762,0.0271328526059762,0.0271328526059762,0.07,0.07,0.0161275538894481,0.0426430059554166,-0.069129343270165,-0.07,0.0080369087589818,-0.0527110259784798,0.0080369087589816,-0.009370232345776,-0.0136784970222916,-0.069129343270165,-0.0211972590853103,0.0022297480779566,0.0334489205028663,0.0635447183834883,-0.0618880954424111,0.0225171389941004
KZ,2035,0.0202589529570646,0.0202589529570646,0.0338312410883985,0.0072798438243156,0.0072798438243156,0.0199869457121035,0.0199869457121035,0.0199869457121035,0.0199869457121035,0.0199869457121035,0.0199869457121035,0.0199869457121035,0.07,0.07,0.0155136264833734,0.0440714935087039,-0.0691781873488103,0.067,0.0070736542021397,-0.0376373764690035,0.0070736542021397,-0.0103169024358736,-0.012964253245648,-0.0691781873488103,0.0468132208712409,0.0120715922900035,0.0147480650192087,0.0596241569858282,-0.0618880954424111,0.0215429467711933
KZ,2040,0.0202264658843597,0.0202264658843597,0.0332522236561418,0.0071444200513955,0.0071444200513955,0.0136849883968277,0.0136849883968277,0.0136849883968277,0.0136849883968277,0.0136849883968277,0.0136849883968277,0.0136849883968277,0.07,0.07,0.0159420806837707,0.0454447702641964,-0.0692069286786823,0.067,0.0065068461521827,-0.037055214261482,0.0065068461521827,-0.0108739516851187,-0.0122776148679018,-0.0692069286786823,0.0465251725051354,0.0095068461521827,0.0143130946719127,0.0507755793857193,-0.0618880954424111,0.020969702668451
KZ,2045,0.0201934168805441,0.0201934168805441,0.0331950027473531,0.0072246186500235,0.0072246186500235,0.0067936652386295,0.0067936652386295,0.0067936652386295,0.0067936652386295,0.0067936652386295,0.0067936652386295,0.0067936652386295,0.07,0.07,0.0157411222853014,0.0453941668754129,-0.0692097690163361,0.067,0.0064508318252892,-0.0366233556184225,0.0064508318252892,-0.0109290016067726,-0.0123029165622935,-0.0692097690163361,0.0464967063685988,0.0097470527147549,0.0142780217250263,0.0507681888439145,-0.0618880954424111,0.020913052304076
KZ,2050,0.0197657579505217,0.0197657579505217,0.0326267942291207,0.0069655275096032,0.0069655275096032,3.5193763752161544e-05,3.5193763752161544e-05,3.5193763752161544e-05,3.5193763752161544e-05,3.5193763752161544e-05,3.5193763752161544e-05,3.5193763752161544e-05,0.07,0.07,0.0153966902671955,0.0445488783709369,-0.0692379738121657,0.067,0.0058946047684748,-0.036556842692986,0.0058946047684748,-0.0114756520370758,-0.0127255608145315,-0.0692379738121657,0.0462140351981536,0.0101696546049449,0.0137927767261872,0.0506948001316984,-0.0585861223236715,0.0203505093406711
KE,2025,0.0362438583578128,0.0362438583578128,0.07,0.0103427136358774,0.0103427136358774,0.0172926453036166,0.0172926453036166,0.0172926453036166,0.0172926453036166,0.0172926453036166,0.0172926453036166,0.0172926453036166,0.01573824835991,0.0225168659056864,0.0506868596815929,0.067,0.0242147091677519,0.0175168659056864,0.0175168659056864,-0.0094011256277731,0.0175168659056864,0.0175168659056864,0.067,0.0242147091677519,0.0175168659056864,-0.0300651471267467,0.0426362405365806,0.0205168659056864,0.0272147091677519,0.0205168659056864
KE,2030,0.0354984360849217,0.0354984360849217,0.07,0.022540421568503,0.022540421568503,0.0197618366652643,0.0197618366652643,0.0197618366652643,0.0197618366652643,0.0197618366652643,0.0197618366652643,0.0197618366652643,0.0329906713723409,0.0207920844601885,0.0392113570352907,-0.07,0.0571985320493418,0.0157920844601885,0.0157920844601885,0.025586845981294,0.0157920844601885,0.0157920844601885,0.0,0.0571985320493418,0.0172920844601885,0.0192174408121972,0.0054741938381096,0.0229517391389181,0.0191387055372423,0.0187920844601885
KE,2035,0.0580939598469763,0.0580939598469763,0.07,0.0078866884899118,0.0078866884899118,0.0200854584720373,0.0200854584720373,0.0200854584720373,0.0200854584720373,0.0200854584720373,0.0200854584720373,0.0200854584720373,0.0315467293553708,0.0193652270325161,0.0385862131034299,0.067,0.0571985320493418,0.0143652270325161,0.0143652270325161,-0.0287304294607558,0.0143652270325161,0.0143652270325161,0.0685,0.0571985320493418,0.0158652270325161,0.0206677221569856,0.0441483297699008,0.0173652270325161,0.0178025513599496,0.0173652270325161
KE,2040,0.0577716496315081,0.0577716496315081,0.07,0.006371162002302,0.006371162002302,0.022376499677835,0.022376499677835,0.022376499677835,0.022376499677835,0.022376499677835,0.022376499677835,0.022376499677835,0.0295897128227282,0.0174313657397071,0.0379361411675315,0.067,0.0571985320493418,0.0124313657397071,0.0124313657397071,-0.0289677962929342,0.0124313657397071,0.0124313657397071,0.0685,0.0571985320493418,0.0139313657397071,0.0154313657397071,0.030865276464645,0.0154313657397071,0.0159916228154576,0.0154313657397071
KE,2045,0.05744379896442,0.05744379896442,0.07,0.0046734731842362,0.0046734731842362,0.0240952725352483,0.0240952725352483,0.0240952725352483,0.0240952725352483,0.0240952725352483,0.0240952725352483,0.0240952725352483,0.0274501022595885,0.0153170708521961,0.0364291608378465,0.067,0.057345722934324,0.0103170708521961,0.0103170708521961,-0.0293903512270358,0.0103170708521961,0.0103170708521961,0.0685,0.057345722934324,0.0118170708521961,0.0136285969847467,0.0304475164581436,0.0133170708521961,0.0141589214623029,0.0133170708521961
KE,2050,0.0570868979975433,0.0570868979975433,0.07,0.0029904059046857,0.0029904059046857,0.0251913171908562,0.0251913171908562,0.0251913171908562,0.0251913171908562,0.0251913171908562,0.0251913171908562,0.0251913171908562,0.0254077842823357,0.0132989173936335,0.0360952758965479,0.067,0.0572224705916266,0.0082989173936335,0.0082989173936335,-0.0300439954508597,0.0082989173936335,0.0082989173936335,0.0685,0.0572224705916266,0.0097989173936335,0.0126354037472087,0.0427524911449595,0.0112989173936335,0.0129306710138516,0.0112989173936335
KI,2025,0.0103759250241615,0.0103759250241615,0.0274604392013946,0.0264407736310883,0.0264407736310883,0.0237215050080043,0.0237215050080043,0.0237215050080043,0.0237215050080043,0.0237215050080043,0.0237215050080043,0.0237215050080043,0.051099225289386,0.018282606452217,0.0436039676772883,0.0175226175099424,0.0003225511103252,0.013282606452217,0.013282606452217,0.0280986563305331,0.013282606452217,0.013282606452217,0.0175226175099424,0.0003225511103252,0.013282606452217,0.0471891806869288,0.0288143500501396,0.016282606452217,0.0033225511103252,0.016282606452217
KI,2030,-0.0015227559732255,-0.0015227559732255,0.0232025857321938,0.0187038005434885,0.0187038005434885,0.023037111170512,0.023037111170512,0.023037111170512,0.023037111170512,0.023037111170512,0.023037111170512,0.023037111170512,0.0362118411219167,0.0148982452801891,0.0139853795256602,-0.0225071411157792,-0.002738189629855,0.0098982452801891,0.0098982452801891,0.018806870491659,0.0098982452801891,0.0098982452801891,-0.0118408356058179,-0.002738189629855,0.0113982452801891,0.025136130403538,0.0093443664663581,0.0170578999589187,0.0002618103701449,0.0128982452801891
KI,2035,-0.0009111227210835,-0.0009111227210835,0.0237363071451375,0.0172311831006575,0.0172311831006575,0.0216765925334854,0.0216765925334854,0.0216765925334854,0.0216765925334854,0.0216765925334854,0.0216765925334854,0.0216765925334854,0.0367523616932887,0.0154276265118782,0.0137365483390141,-0.0219946962382042,-0.0022154127056648,0.0104276265118782,0.0104276265118782,0.0113171176855848,0.0104276265118782,0.0104276265118782,-0.0113236000494916,-0.0022154127056648,0.0119276265118782,0.0279737975176637,0.0098429149151821,0.0134276265118782,0.0007845872943351,0.0134276265118782
KI,2040,-0.0028681710544923,-0.0028681710544923,0.0216438802040028,0.0153014760812554,0.0153014760812554,0.0215864564331158,0.0215864564331158,0.0215864564331158,0.0215864564331158,0.0215864564331158,0.0215864564331158,0.0215864564331158,0.0346332790064267,0.0133522150248102,0.0124180196587196,-0.0240037096329837,-0.0042649323499045,0.0083522150248102,0.0083522150248102,0.0098681952689745,0.0083522150248102,0.0083522150248102,-0.0133513950502596,-0.0042649323499045,0.0098522150248102,0.0234110907133504,0.0078883817439779,0.0113522150248102,-0.0012649323499045,0.0113522150248102
KI,2045,-0.0033751881694884,-0.0033751881694884,0.0210289870818169,0.0148270894346561,0.0148270894346561,0.0211415305692228,0.0211415305692228,0.0211415305692228,0.0211415305692228,0.0211415305692228,0.0211415305692228,0.0211415305692228,0.0340105526670362,0.0127423221659408,0.0129484054503495,-0.0245940903504865,-0.0048672164766537,0.0077423221659408,0.0077423221659408,0.0098131607397066,0.0077423221659408,0.0077423221659408,-0.0139472950430685,-0.0048672164766537,0.0092423221659408,0.0230577342909701,0.0073140109115103,0.0107423221659408,-0.0018672164766537,0.0107423221659408
KI,2050,-0.0038177748604532,-0.0038177748604533,0.0204768079280772,0.0143026672813595,0.0143026672813595,0.0203999778798624,0.0203999778798624,0.0203999778798624,0.0203999778798624,0.0203999778798624,0.0203999778798624,0.0203999778798624,0.0334513392188946,0.0121946332903761,0.0132101715499071,-0.0251242571603152,-0.0054080726472953,0.0071946332903761,0.0071946332903761,0.0093700633257911,0.0071946332903761,0.0071946332903761,-0.0144824182081692,-0.0054080726472953,0.0086946332903761,0.0230862177090449,0.0067982211120123,0.0101946332903761,-0.0016298556655791,0.0101946332903761
KR,2025,-0.0071974943094231,-0.0071974943094231,0.0207522299989417,-0.0151838119765564,-0.0151838119765564,0.0237215050080043,0.0237215050080043,0.0237215050080043,0.0237215050080043,0.0237215050080043,0.0237215050080043,0.0237215050080043,0.0111607948235508,0.0296258856435569,-0.0229607896900646,-0.0407670698065191,0.0058058838015865,0.013368703076663,-0.07,-0.0048174429158339,-0.07,0.0029214001860572,-0.0407670698065191,0.0058058838015865,0.013368703076663,-0.0508541273300691,-0.0253090894970236,0.0097238181508869,-0.0699999999999999,0.0311106167846576
KR,2030,-0.0409153322391993,-0.0409153322391993,0.0111021749294082,-0.0026043646082393,-0.0026043646082393,0.023037111170512,0.023037111170512,0.023037111170512,0.023037111170512,0.023037111170512,0.023037111170512,0.023037111170512,0.0038435380611874,0.0301349053659332,-0.07,-0.0626096867300969,-0.0168150959497174,-0.0048468532148703,-0.07,0.0111256034490178,-0.0151697782992028,-0.0102168216439598,-0.0382123913399072,-0.0168150959497174,-0.0374234266074351,-0.0694926429559183,-0.0050901040954828,-0.0038283414618025,-0.050758373358846,0.0140670875391713
KR,2035,-0.0230329037978031,-0.0230329037978031,0.0094934326171081,-0.0059638678833007,-0.0059638678833007,0.0216765925334854,0.0216765925334854,0.0216765925334854,0.0216765925334854,0.0216765925334854,0.0216765925334854,0.0216765925334854,0.0022463676952666,0.0284958204782896,-0.07,-0.0613336392359363,-0.0183873028305601,-0.0064381402433628,-0.07,0.0024423166690271,-0.0167446081970078,-0.011799547700489,-0.0383604710332482,-0.0183873028305601,-0.0382190701216814,-0.0665476451140337,-0.0250896603050407,-0.0075431576190264,-0.0516735007788311,0.0124504300075894
KR,2040,-0.0235805616691611,-0.0235805616691611,0.0075277483174167,-0.0076509258790876,-0.0076509258790876,0.0215864564331158,0.0215864564331158,0.0215864564331158,0.0215864564331158,0.0215864564331158,0.0215864564331158,0.0215864564331158,0.0002948228840071,0.0264930613012184,-0.07,-0.0603002507184894,-0.0203083453480038,-0.0083824963433388,-0.07,0.0015037726673514,-0.018668855717031,-0.013733443350678,-0.0388042980332466,-0.0203083453480038,-0.0391912481716694,-0.0438485902661122,-0.0266895180864779,-0.0094795045668392,-0.0527916733959917,0.0104750742880866
KR,2045,-0.0208991489466046,-0.0208991489466046,0.0058145797319173,-0.009104097456759,-0.009104097456759,0.0211415305692228,0.0211415305692228,0.0211415305692228,0.0211415305692228,0.0211415305692228,0.0211415305692228,0.0211415305692228,-0.0014060225998626,0.0247475805508163,0.0056028936086099,-0.0363957483041861,-0.0219826069233797,-0.0100770765920725,-0.07,0.0007544502666145,-0.0203459105739814,-0.0154189069198064,-0.0276891776137829,-0.0219826069233797,-0.0090850325628096,-0.006695224585842,-0.0281406807927388,-0.0111671045350239,-0.0537662033351004,0.0087534766925979
KR,2050,-0.0137578095195148,-0.0137578095195148,0.00395504115329,-0.0108877096302524,-0.0108877096302524,0.0203999778798624,0.0203999778798624,0.0203999778798624,0.0203999778798624,0.0203999778798624,0.0203999778798624,0.0203999778798624,-0.0032521852135777,0.0228529691149674,0.0640729586821574,0.0126995646127665,-0.0237999143480412,-0.0119164386804111,-0.07,-0.0008840299582463,-0.0221662499330905,-0.0172483734160949,-0.0040501748676373,-0.0237999143480412,0.0290417806597944,-0.0076907095292478,-0.0298618815268395,-0.0129988899603998,-0.0543205452722968,0.0068847889447718
KW,2025,0.0361596866256661,0.0361596866256661,0.0375539010471068,0.0343599993130673,0.0343599993130673,0.0408379182740066,0.0408379182740066,0.0408379182740066,0.0408379182740066,0.0408379182740066,0.0408379182740066,0.0408379182740066,0.0375534599525571,0.0375556725722006,0.031511097604035,0.0514194460844402,0.0287027846520929,0.0283568291404653,0.0283568291404653,0.0431728790187814,0.0283568291404653,0.0283568291404653,0.0514194460844402,0.0287027846520929,0.0283568291404653,0.0694695288909333,-0.0228680116522829,0.07,0.0317027846520929,0.0313568291404653
KW,2030,0.0231008089494783,0.0231008089494782,0.0208953872956398,0.0144771865340425,0.0144771865340425,0.0399338738258343,0.0399338738258343,0.0399338738258343,0.0399338738258343,0.0399338738258343,0.0399338738258343,0.0399338738258343,0.0208952869688041,0.0208997244329463,0.0109990447713448,0.0294450169715533,0.0626005621605772,0.0093682779852987,0.0093682779852987,0.0182769031967686,0.0093682779852987,0.0093682779852987,0.0212064427658888,0.0626005621605772,0.0108682779852987,-0.0677934814410571,-0.0378738519299473,0.0361660217521167,0.0656005621605772,0.0123682779852987
KW,2035,0.0202432240407842,0.0202432240407842,0.0175098758527254,0.009103157517882,0.009103157517882,0.0352385666354788,0.0352385666354788,0.0352385666354788,0.0352385666354788,0.0352385666354788,0.0352385666354788,0.0352385666354788,0.0175097758592484,0.0175141985789073,0.0121665355766164,0.0260144838052241,0.0623409243472373,0.0060044543461911,0.0060044543461909,0.0068939455198975,0.0060044543461909,0.0060044543461911,0.0178082682252068,0.0623409243472373,0.0075044543461911,-0.0646658494631463,-0.0441656440813581,0.0244314581401356,0.0653409243472373,0.0090044543461909
KW,2040,0.0204460209789725,0.0204460209789725,0.0177500872476927,0.0094988370673292,0.0094988370673292,0.032593503610919,0.032593503610919,0.032593503610919,0.032593503610919,0.032593503610919,0.032593503610919,0.032593503610919,0.017749987230563,0.017754410996384,0.0115039468694259,0.0262578896159152,0.062359346367774,0.0062431269315298,0.0062431269315298,0.0077591071756941,0.0062431269315298,0.0062431269315298,0.0180493781019636,0.062359346367774,0.0077431269315298,0.0691646243474496,-0.0145934181989294,0.0246737798698004,0.065359346367774,0.0092431269315298
KW,2045,0.0202968492046932,0.0202968492046932,0.0175733110253824,0.0094616247616485,0.0094616247616485,0.0251464117304232,0.0251464117304232,0.0251464117304232,0.0251464117304232,0.0251464117304232,0.0251464117304232,0.0251464117304232,0.017573211025659,0.0175776340215894,0.0113815239676163,0.0260787625611468,0.0623457892457306,0.0060674831490564,0.0060674831490564,0.0081383217228224,0.0060674831490564,0.0060674831490564,0.0178719406694865,0.0623457892457306,0.0075674831490564,0.0091675085735,-0.0410108338864377,0.0244954506112751,0.0653457892457306,0.0090674831490564
KW,2050,0.0199627534071326,0.0199627534071326,0.0171774498875072,0.0090938134328415,0.0090938134328415,0.020650955597407,0.020650955597407,0.020650955597407,0.020650955597407,0.020650955597407,0.020650955597407,0.020650955597407,0.0171773499267628,0.0171817711986499,0.0111005753101733,0.025677637122453,0.062315430311207,0.0056741579230626,0.0056741579230626,0.0078495879584777,0.0056741579230626,0.0056741579230626,0.0174745988607064,0.062315430311207,0.0071741579230626,-0.0686040682874436,-0.0442535324059576,0.0240961117054332,0.0653805322754645,0.0086741579230626
KG,2025,0.0213333333333333,0.0213333333333333,0.0485340283874264,0.0332364895849135,0.0332364895849135,0.0237215050080043,0.0237215050080043,0.0237215050080043,0.0237215050080043,0.0237215050080043,0.0237215050080043,0.0237215050080043,0.0591626546143164,-0.0140981191171791,-0.07,0.067,-0.07,0.067,-0.07,-0.0291677488496363,0.0359510525749741,0.067,0.067,-0.07,0.067,0.034413928274834,0.0009457703364572,0.07,-0.07,0.0094958676099851
KG,2030,0.042661532349481,0.042661532349481,0.0558962380403635,-0.0602158827245905,-0.0602158827245905,0.023037111170512,0.023037111170512,0.023037111170512,0.023037111170512,0.023037111170512,0.023037111170512,0.023037111170512,-0.0578210187851623,-0.0288814103392293,-0.07,0.067,-0.07,0.0489691940968864,-0.07,-0.0430425121131997,-0.07,-0.07,-0.0015,-0.07,0.0594845970484432,0.0289570356148898,0.0600718039178262,0.0353936177595721,-0.0543461482774551,0.029291849944836
KG,2035,0.0423719543626388,0.0423719543626388,0.054155587348319,-0.0605012714021606,-0.0605012714021606,0.0216765925334854,0.0216765925334854,0.0216765925334854,0.0216765925334854,0.0216765925334854,0.0216765925334854,0.0216765925334854,-0.0556033861057444,-0.0304820393982178,-0.07,0.067,-0.07,0.0472317261758331,-0.07,-0.0464016995028982,-0.07,-0.07,-0.0015,-0.07,0.0586158630879165,0.0146273880303425,0.0543597292400434,0.0310556285027793,-0.07,0.0275918366928165
KG,2040,0.0422282682531747,0.0422282682531747,0.0532918914279103,-0.0615118455883624,-0.0615118455883624,0.0215864564331158,0.0215864564331158,0.0215864564331158,0.0215864564331158,0.0215864564331158,0.0215864564331158,0.0215864564331158,-0.0598241060783683,-0.031276257787154,-0.07,0.067,-0.07,0.0463696095190483,-0.0275114868660487,-0.0462232762750812,-0.07,-0.07,-0.0015,-0.07,0.0581848047595241,0.0089147994304649,0.0536790407070822,0.0299831438533682,-0.07,0.0267483047210539
KG,2045,0.0420974642249893,0.0420974642249893,0.0525056295829891,-0.0624484446896277,-0.0624484446896277,0.0211415305692228,0.0211415305692228,0.0211415305692228,0.0211415305692228,0.0211415305692228,0.0211415305692228,0.0211415305692228,-0.063757387435497,-0.0319992710618488,-0.07,0.067,-0.07,0.0455847853499359,0.0075224810053567,-0.046036391323014,-0.07,-0.07,-0.0015,-0.07,0.0577923926749679,0.0089388029534321,0.0530401354178093,0.0269131647378227,-0.07,0.0259803990395566
KG,2050,0.0418504772977748,0.0418504772977748,0.0510209933698919,-0.0617653808646246,-0.0617653808646246,0.0203999778798624,0.0203999778798624,0.0203999778798624,0.0203999778798624,0.0203999778798624,0.0203999778798624,0.0203999778798624,-0.0605709118033783,-0.033364479989505,-0.07,0.067,-0.07,0.044102863786649,0.0060943513245622,-0.0464906116551201,-0.07,-0.07,-0.0015,-0.07,0.0570514318933245,0.0088427871625249,0.051723768288718,0.0253934535965235,-0.0691560504050649,0.0245304233217238
LA,2025,0.0217482520615884,0.0217482520615884,0.051838522380049,0.0040771945698928,0.0040771945698928,0.0237215050080043,0.0237215050080043,0.0237215050080043,0.0237215050080043,0.0237215050080043,0.0237215050080043,0.0237215050080043,0.07,0.0462398283534379,-0.0110328105067607,0.067,-0.0139103862055646,0.01215514239033,0.01215514239033,-0.07,0.0041536358892414,0.01215514239033,0.067,-0.0139103862055646,0.01215514239033,0.0694735605707145,-0.0135214787580647,0.01515514239033,-0.0067032524903553,0.01515514239033
LA,2030,-0.0167081144772784,-0.0167081144772784,0.0621129633381227,0.0017152511473679,0.0017152511473679,0.023037111170512,0.023037111170512,0.023037111170512,0.023037111170512,0.023037111170512,0.023037111170512,0.023037111170512,0.0653435442887422,0.0264962969923474,-0.07,-0.07,-0.0123934504555141,0.0092017740335533,0.0092017740335533,-0.07,0.0023156862671761,0.0092017740335533,-0.0397927878058264,-0.0123934504555141,0.0107017740335533,0.0122762116172215,-0.0428043212101506,0.016361428712283,-0.006225149678831,0.0122017740335533
LA,2035,0.0046000844428773,0.0046000844428773,0.0601229875843889,0.034519452701405,0.034519452701405,0.0216765925334854,0.0216765925334854,0.0216765925334854,0.0216765925334854,0.0216765925334854,0.0216765925334854,0.0216765925334854,0.0633475042965878,0.0245731785499643,0.0318340672243176,0.067,-0.0142529532474396,0.0073017340775559,0.0073017340775559,0.067,0.0004285724314764,0.0073017340775559,0.0277776411206932,-0.0142529532474396,0.0088017340775559,0.013216354581329,0.0438172952240257,0.0103017340775559,-0.0080905998008469,0.0103017340775559
LA,2040,0.0033006249632751,0.0033006249632751,0.0584172829870339,0.0332801888302247,0.0332801888302247,0.0215864564331158,0.0215864564331158,0.0215864564331158,0.0215864564331158,0.0215864564331158,0.0215864564331158,0.0215864564331158,0.0616366017467788,0.0229247805922123,-0.07,0.067,-0.0158468231501406,0.0056731178082262,0.0056731178082262,0.067,-0.0011889642341061,0.0056731178082262,0.0269808607324757,-0.0158468231501406,0.0071731178082262,0.0083772847279471,-0.0092515591680829,0.0086731178082262,-0.0096895674482105,0.0086731178082262
LA,2045,0.0020521068782572,0.0020521068782572,0.0567720610817663,0.0320848680985842,0.0320848680985842,0.0211415305692228,0.0211415305692228,0.0211415305692228,0.0211415305692228,0.0211415305692228,0.0211415305692228,0.0211415305692228,0.0599863662035964,0.0213348332866252,-0.07,0.067,-0.017384175914586,0.0041022507508637,0.0041022507508637,0.067,-0.0027491445601234,0.0041022507508637,0.0262123334327218,-0.017384175914586,0.0056022507508637,-0.0275924019461908,-0.0093738607534652,0.0071022507508637,-0.0112318371960534,0.0071022507508637
LA,2050,0.0009154693770134,0.0009154693770134,0.0552647541192043,0.0309897481907302,0.0309897481907302,0.0203999778798624,0.0203999778798624,0.0203999778798624,0.0203999778798624,0.0203999778798624,0.0203999778798624,0.0203999778798624,0.0584744658841678,0.0198781673887638,-0.07,0.067,-0.01879265614351,0.0026630656505194,0.0026630656505194,0.067,-0.0041785387717663,0.0026630656505194,0.0255082299035086,-0.01879265614351,0.0041630656505194,-0.0343580771662214,-0.01003877110166,0.0056630656505194,-0.0118781688536112,0.0056630656505194
LV,2025,0.0090680149256292,0.0090680149256292,0.0040080533331754,-0.0042441053496188,-0.0042441053496188,0.0166236331017679,0.0166236331017679,0.0166236331017679,0.0166236331017679,0.0166236331017679,0.0166236331017679,0.0166236331017679,0.0005387737039373,0.0201510223541758,0.0298644458965403,0.054385313432395,-0.0065953226166117,-0.0205859460388956,0.0417718044661307,0.0120646828260997,-0.0530527479502744,0.023472870021762,0.054385313432395,-0.0065953226166117,-0.0205859460388956,-0.0666105674030304,0.0243508550553861,-0.0140267036428699,0.0073312536928587,0.0071273312927645
LV,2030,-0.0156972301071393,-0.0156972301071393,0.0007040179558324,-0.0016980241533778,-0.0016980241533778,0.0143539206790985,0.0143539206790985,0.0143539206790985,0.0143539206790985,0.0143539206790985,0.0143539206790985,0.0143539206790985,9.61276541659986e-05,0.0225560836157088,0.0283342430239564,0.0370798914014918,-0.0301895850960161,-0.0221699042626173,0.0089235559630694,0.0326717345609312,-0.0584389081492379,0.0188789493206295,0.0049471272961463,-0.0301895850960161,-0.000574882345227,-0.0521780493237869,0.0388475853421562,-0.016438485301948,-0.0012585092055088,-0.0177322101851232
LV,2035,-0.0148004725479226,-0.0148004725479226,0.0011303768148697,-0.0060641948731312,-0.0060641948731312,0.0101831775894309,0.0101831775894309,0.0101831775894309,0.0101831775894309,0.0101831775894309,0.0101831775894309,0.0101831775894309,0.0005222269974599,0.0229917713866307,0.0291534888784259,0.0396701932302662,-0.029774280530198,-0.0217511759977766,0.0093555584032282,0.0139414552331295,-0.058035663562081,0.0193152018389665,0.0064499313362284,-0.029774280530198,-0.0001475752717875,0.0487776987171294,0.0197441703804172,-0.0183933839279838,-0.0008321343488623,-0.0002676182314758
LV,2040,-0.013990780450428,-0.0139907804504281,0.0015064058795748,-0.0055373943661889,-0.0055373943661889,0.0077400425090481,0.0077400425090481,0.0077400425090481,0.0077400425090481,0.0077400425090481,0.0077400425090481,0.0077400425090481,0.0008980271811179,0.0233760281260666,0.031217871980377,0.0417993940144142,-0.0294080008478547,-0.0213818767690724,0.0097365648490427,0.0149324589250495,-0.057680020230784,0.0196999566598606,0.0076976723127726,-0.0294080008478547,0.0002292900747664,0.07,0.0203194173572768,-0.0180239500419611,-0.0004560911749952,5.946836046963057e-05
LV,2045,-0.0137461507622983,-0.0137461507622983,0.0015641011220716,-0.0053600152024535,-0.0053600152024535,0.0059707617076762,0.0059707617076762,0.0059707617076762,0.0059707617076762,0.0059707617076762,0.0059707617076762,0.0059707617076762,0.0009556873057241,0.0234349857648337,0.0305059424129206,0.0418640546379844,-0.0293518014816939,-0.0213252141050556,0.0097950237857243,0.015470713994901,-0.0576254528311664,0.019758990720727,0.0077581024216846,-0.0293518014816939,0.0002871136304404,-0.0523764617514576,0.0201592773810722,-0.0179672667170769,-0.0003983937676885,0.0001096542157958
LV,2050,-0.0139953832709878,-0.0139953832709878,0.0011162366934104,-0.005764790418974,-0.005764790418974,0.0036396400718028,0.0036396400718028,0.0036396400718028,0.0036396400718028,0.0036396400718028,0.0036396400718028,0.0036396400718028,0.0005080954827977,0.0229773218733426,0.0302220349967097,0.0411541416421728,-0.0297880540378401,-0.0217650630518338,0.009341231113329,0.0151810463478963,-0.0580490371025137,0.0193007335959233,0.0071850187604098,-0.0297880540378401,-0.0001617468406213,-0.0692130840097244,0.0199803612328197,-0.0184072760456678,-0.000363748937583,-0.0002799179300148
LB,2025,-0.0088576068681203,-0.0088576068681203,-0.0167243252092539,-0.0140861617923344,-0.0140861617923344,0.0371901523915232,0.0371901523915232,0.0371901523915232,0.0371901523915232,0.0371901523915232,0.0371901523915232,0.0371901523915232,-0.0147502433311899,-0.0138034845721546,-0.0156492161085849,-0.0061794994448521,-0.0015898365873542,-0.0188034845721546,-0.0188034845721546,-0.0039874346938385,-0.0188034845721546,-0.0188034845721546,-0.0061794994448521,-0.0015898365873542,-0.0188034845721546,-0.0649156650924448,-0.0272273862411786,-0.0158034845721546,0.0054485741622932,0.0083497516323149
LB,2030,0.0129136533844459,0.0129136533844459,0.0029019243836259,0.0074606131647939,0.0074606131647939,0.0329241535294497,0.0329241535294497,0.0329241535294497,0.0329241535294497,0.0329241535294497,0.0329241535294497,0.0329241535294497,0.0045184782072285,0.010471783080159,0.0071025498662052,0.0197331537496543,0.0146355454498422,0.005471783080159,0.005471783080159,0.0143804082916289,0.005471783080159,0.005471783080159,0.0186843495997483,0.0146355454498422,0.0062762046896641,0.0534689082013006,0.0207373567171383,0.0126314377588886,0.020718643277105,0.0183218262116189
LB,2035,0.0132533152983888,0.0132533152983888,0.0027498589674455,0.005302840281745,0.005302840281745,0.02964176234216,0.02964176234216,0.02964176234216,0.02964176234216,0.02964176234216,0.02964176234216,0.02964176234216,0.0043661671906312,0.0103185675875474,0.0114806488179728,0.0221288669195807,0.0144809377215836,0.0053185675875474,0.0053185675875474,0.006208058761254,0.0053185675875474,0.0053185675875474,0.0198049023205822,0.0144809377215836,0.0061230948751564,0.0160470338177238,-0.0003532197653441,0.0083185675875474,0.0205731384938721,0.0181671142178301
LB,2040,0.0134857972833616,0.0134857972833616,0.0025718737446864,0.0052803958790714,0.0052803958790714,0.026953718388633,0.026953718388633,0.026953718388633,0.026953718388633,0.026953718388633,0.026953718388633,0.026953718388633,0.00418789450445,0.0101392362558905,0.0104000561937866,0.0240141037437449,0.0142999768453658,0.0051392362558905,0.0051392362558905,0.0066552165000548,0.0051392362558905,0.0051392362558905,0.0206570402945554,0.0142999768453658,0.0059438872346142,0.0013364050115517,-0.0004360546729847,0.0081392362558905,0.0204028321750078,0.0179860313038471
LB,2045,0.0119950204156248,0.0119950204156249,0.0010277688602096,0.0038656235149008,0.0038656235149008,0.0238294624177224,0.0238294624177224,0.0238294624177224,0.0238294624177224,0.0238294624177224,0.0238294624177224,0.0238294624177224,0.002641295740609,0.0085834532484094,0.0088974940669693,0.0224749368900151,0.0127300567782086,0.0035834532484094,0.0035834532484094,0.0056542918221754,0.0035834532484094,0.0035834532484096,0.0191024968341118,0.0127300567782086,0.0043891773052881,-6.761053120877785e-05,-0.001934958343728,0.0065834532484095,0.0189253453660523,0.016415052502112
LB,2050,0.0103642885754805,0.0103642885754805,-0.0006041130570015,0.0022499740631626,0.0022499740631626,0.0207548282986334,0.0207548282986334,0.0207548282986334,0.0207548282986334,0.0207548282986334,0.0207548282986334,0.0207548282986334,0.0010067781755996,0.0069392293472119,0.0073656467343225,0.0205439257074881,0.0110708921742902,0.0019392293472119,0.0019392293472119,0.0041146593826269,0.0019392293472119,0.0019392293472119,0.0173074089408891,0.0110708921742902,0.0027460874830344,-0.0012025412408751,-0.0037289461505302,0.0049392293472119,0.0180912841755568,0.0147547689782097
LS,2025,0.0023470110762145,0.0023470110762145,0.0350046453259862,-0.0008375292665158,-0.0008375292665158,0.0026852047253034,0.0026852047253034,0.0026852047253034,0.0026852047253034,0.0026852047253034,0.0026852047253034,0.0026852047253034,-0.044593201178844,-0.0300752224479836,0.0119632798750578,0.055052412845482,-0.0568203910283268,0.0088090114114883,0.0088090114114881,0.0236250612898042,0.0088090114114881,0.0088090114114881,0.055052412845482,-0.0568203910283268,0.0088090114114883,-0.041058753407852,0.0524746561659057,0.0118090114114881,-0.0537891181546756,0.0118090114114881
LS,2030,0.0065429883224514,0.0065429883224514,0.0304410116745232,-0.0023165721248248,-0.0023165721248248,0.0095630880395742,0.0095630880395742,0.0095630880395742,0.0095630880395742,0.0095630880395742,0.0095630880395742,0.0095630880395742,-0.0418999400573067,-0.068,0.0095391089015586,0.0532923940456794,-0.0081088425743517,0.0079083421155125,0.0079083421155125,0.0168169673269824,0.0079083421155125,0.0079083421155125,0.0240923998443108,-0.0081088425743517,0.0094083421155125,0.0114670678855367,0.042668525834593,0.0150679967942421,-0.0051252319020738,0.0109083421155125
LS,2035,0.006077338321987,0.006077338321987,0.0299456086681888,-0.0048017127760606,-0.0048017127760606,0.0134009681561115,0.0134009681561115,0.0134009681561115,0.0134009681561115,0.0134009681561115,0.0134009681561115,0.0134009681561115,-0.0423604962182101,-0.068,0.0135834658771789,0.0527835749479982,-0.008588075901926,0.0074213846467535,0.0074213846467535,0.0083108758204603,0.0074213846467535,0.0074213846467535,0.023598369022524,-0.008588075901926,0.0089213846467535,0.0139676180698829,0.0421662693935862,0.0104213846467535,-0.0056043441913993,0.0104213846467535
LS,2040,0.0055840162973907,0.0055840162973907,0.0294204229065815,-0.0051543258746657,-0.0051543258746657,0.0196085862121966,0.0196085862121966,0.0196085862121966,0.0196085862121966,0.0196085862121966,0.0196085862121966,0.0196085862121966,-0.0428487402034788,-0.068,0.0121659720914467,0.052244166543287,-0.0090961198921953,0.0069051521535504,0.0069051521535504,0.0084211323977148,0.0069051521535504,0.0069051521535507,0.0230746379387802,-0.0090961198921953,0.0084051521535504,0.0099051521535504,0.041633818180898,0.0099051521535504,-0.0061122598668137,0.0099051521535504
LS,2045,0.0046505989723481,0.0046505989723481,0.0284446042632946,-0.0059617933872583,-0.0059617933872583,0.0238063283867828,0.0238063283867828,0.0238063283867828,0.0238063283867828,0.0238063283867828,0.0238063283867828,0.0238063283867828,-0.0437559193734545,-0.068,0.0112600099021116,0.0512419215927538,-0.0100400883573677,0.0059459690835518,0.0059459690835518,0.0080168076573176,0.0059459690835518,0.0059459690835518,0.0221015221520498,-0.0100400883573677,0.0074459690835518,0.0091599104581126,0.0406445000044271,0.0089459690835518,-0.0070559899172443,0.0089459690835518
LS,2050,0.0034864023370006,0.0034864023370006,0.0272313501275631,-0.0071120519656074,-0.0071120519656074,0.0260777595148793,0.0260777595148793,0.0260777595148793,0.0260777595148793,0.0260777595148793,0.0260777595148793,0.0260777595148793,-0.0448838327284555,-0.068,0.0101798156639809,0.0499958111196497,-0.0112122469516479,0.0047533982768702,0.0047533982768702,0.0069288283122852,0.0047533982768702,0.0047533982768702,0.0208916285299939,-0.0112122469516479,0.0062533982768702,0.0086981713057922,0.0394144616387788,0.0077533982768702,-0.0073644943535136,0.0077533982768702
LR,2025,0.0253453330957015,0.0253453330957015,0.0227728834415634,0.0313296625811726,0.0313296625811726,0.07,0.07,0.07,0.07,0.07,0.07,0.07,0.0227728834415634,0.0227728834415634,0.067,0.0329242631724391,0.0253388526731021,0.0177728834415634,0.0177728834415634,0.067,0.0177728834415634,0.0177728834415634,0.0329242631724391,0.0253388526731021,0.0177728834415634,0.0446216423658794,0.026836319624045,0.0207728834415634,0.0283388526731021,0.0207728834415634
LR,2030,0.0280090495214429,0.0280090495214428,0.0235152653653505,0.0318864490240129,0.0318864490240129,0.0698921065241866,0.0698921065241866,0.0698921065241866,0.0698921065241866,0.0698921065241866,0.0698921065241866,0.0698921065241866,0.0235152653653505,0.0235152653653505,0.067,0.0319713569049696,0.027277301416921,0.0185152653653505,0.0185152653653505,0.067,0.0185152653653505,0.0185152653653505,0.0310644212941701,0.027277301416921,0.0200152653653505,0.0208470045813545,0.0027594275254723,0.0256749200440801,0.030277301416921,0.0215152653653505
LR,2035,0.0259168685158323,0.0259168685158323,0.0211596791736976,0.0301197593802732,0.0301197593802732,0.0652046803037145,0.0652046803037145,0.0652046803037145,0.0652046803037145,0.0652046803037145,0.0652046803037145,0.0652046803037145,0.0211596791736976,0.0211596791736976,0.067,0.0312683303084219,0.0249015102103911,0.0161596791736976,0.0161596791736976,0.067,0.0161596791736976,0.0161596791736976,0.0295251505385292,0.0249015102103911,0.0176596791736976,0.0201086789538085,-0.0098187950451025,0.0191596791736976,0.0279015102103911,0.0191596791736976
LR,2040,0.0258584737302112,0.0258584737302112,0.0208786271658087,0.0299089703743565,0.0299089703743565,0.0637485443451206,0.0637485443451206,0.0637485443451206,0.0637485443451206,0.0637485443451206,0.0637485443451206,0.0637485443451206,0.0208786271658087,0.0208786271658087,0.067,0.0323255796708137,0.0246180474819688,0.0158786271658087,0.0158786271658087,0.067,0.0158786271658087,0.0158786271658087,0.0299120603381128,0.0246180474819688,0.0173786271658087,0.0433483159812046,-0.0095465760883824,0.0188786271658087,0.0276180474819688,0.0188786271658087
LR,2045,0.0231841048655193,0.0231841048655193,0.0182173944633683,0.0279130458475262,0.0279130458475262,0.0630474420679447,0.0630474420679447,0.0630474420679447,0.0630474420679447,0.0630474420679447,0.0630474420679447,0.0630474420679447,0.0182173944633683,0.0182173944633683,0.067,0.029668634743418,0.0219339880850372,0.0132173944633683,0.0132173944633683,0.067,0.0132173944633683,0.0132173944633683,0.0272417142468171,0.0219339880850372,0.0147173944633683,0.0151292464635922,-0.011361574625121,0.0162173944633683,0.0249339880850372,0.0162173944633683
LR,2050,0.0211015283936002,0.0211015283936003,0.0161773648423559,0.0263830236317669,0.0263830236317669,0.0615504433420406,0.0615504433420406,0.0615504433420406,0.0615504433420406,0.0615504433420406,0.0615504433420406,0.0615504433420406,0.0161773648423559,0.0161773648423559,0.067,0.0274357408803286,0.0198764601321921,0.0111773648423559,0.0111773648423559,0.067,0.0111773648423559,0.0111773648423559,0.0250966229785918,0.0198764601321921,0.0126773648423559,0.0131343985609672,-0.0130246062529411,0.0141773648423559,0.0236855724609325,0.0141773648423559
LY,2025,0.0090447941968849,0.0090447941968849,0.07,0.017922374264011,0.017922374264011,0.0339442581945104,0.0339442581945104,0.0339442581945104,0.0339442581945104,0.0339442581945104,0.0339442581945104,0.0339442581945104,0.0225931101349845,0.0156493312187757,0.0145810474778175,0.0052591587087599,0.0104484448676469,0.0114267790142478,0.0114267790142478,0.0262428288925639,0.0114267790142478,0.0114267790142478,0.0052591587087599,0.0104484448676469,0.0114267790142478,-0.034770499145372,0.0124607650090835,-0.0587486863770231,0.0134484448676469,0.0144267790142478
LY,2030,0.0032133475854721,0.0032133475854721,0.07,-0.0083407386808952,-0.0083407386808952,0.0297081084307504,0.0297081084307504,0.0297081084307504,0.0297081084307504,0.0297081084307504,0.0297081084307504,0.0297081084307504,-0.0667994594414448,0.0148695044860664,0.0098067266215107,-0.020036232776047,0.0051945250719623,0.0081759598354646,0.0081759598354646,0.0170845850469345,0.0081759598354646,0.0081759598354646,-0.0058149157481454,0.0051945250719623,0.0096759598354646,0.0420135324684473,-0.0409381008785208,-0.0616806906425407,0.0081945250719623,0.0111759598354646
LY,2035,0.0021164628735221,0.0021164628735221,0.07,-0.01142913627798,-0.01142913627798,0.0257780163085157,0.0257780163085157,0.0257780163085157,0.0257780163085157,0.0257780163085157,0.0257780163085157,0.0257780163085157,-0.0678174984264751,0.0137621805559313,0.0132325686107081,-0.0211108621306499,0.0040923120831234,0.0070704873802828,0.0070704873802828,0.0079599785539894,0.0070704873802828,0.0070704873802826,-0.0069034527371527,0.0040923120831234,0.0085704873802828,-0.0008361228176872,-0.0378038873831995,-0.0226070934000925,0.0070923120831234,0.0100704873802828
LY,2040,0.0008483970602757,0.0008483970602757,0.07,-0.0122764655042216,-0.0122764655042216,0.0223239772340497,0.0223239772340497,0.0223239772340497,0.0223239772340497,0.0223239772340497,0.0223239772340497,0.0223239772340497,-0.068,0.0124822723815825,0.0110535391842123,-0.0223529800492826,0.0028183114263179,0.0057927192463161,0.0057927192463161,0.0073086994904806,0.0057927192463161,0.0057927192463164,-0.0081616458930992,0.0028183114263179,0.0072927192463161,-0.0053021868889608,-0.037359512424401,-0.0238435234572237,0.0058183114263179,0.0087927192463161
LY,2045,-0.0002551125000659,-0.0002551125000659,0.07,-0.0129718767285555,-0.0129718767285555,0.017894027644199,0.017894027644199,0.017894027644199,0.017894027644199,0.017894027644199,0.017894027644199,0.017894027644199,-0.068,0.0113682419508702,0.0099945923225637,-0.0234341178899669,0.0017094228912864,0.0046805515040039,0.0046805515040039,0.0067513900777697,0.0046805515040039,0.0046805515040039,-0.0092567755996903,0.0017094228912864,0.0061805515040039,-0.0063773854976356,-0.0374129285864972,-0.0249197105905639,0.0047094228912864,0.0076805515040039
LY,2050,-0.0016807790272012,-0.0016807790272013,0.07,-0.0140230356820792,-0.0140230356820792,0.0150673665744567,0.0150673665744567,0.0150673665744567,0.0150673665744567,0.0150673665744567,0.0150673665744567,0.0150673665744567,-0.068,0.0099294271224368,0.0086705597992,-0.0248304506236809,0.0002772490266432,0.0032441424120893,0.0032441424120893,0.0054195724475043,0.0032441424120893,0.0032441424120893,-0.0106711793874699,0.0002772490266432,0.0047441424120893,-0.0076604391577535,-0.0398505177797964,-0.0263096492878662,0.0040168459737629,0.0062441424120893
LI,2025,0.0086526254369251,0.0086526254369251,0.0086021655266332,0.0085561779962123,0.0085561779962123,0.0237215050080043,0.0237215050080043,0.0237215050080043,0.0237215050080043,0.0237215050080043,0.0237215050080043,0.0237215050080043,0.0086021655266332,0.0086021655266332,0.006756433990203,0.0187535452575089,0.0036021655266332,0.0036021655266332,0.0036021655266332,0.0184182154049494,0.0036021655266332,0.0036021655266332,0.0187535452575089,0.0036021655266332,0.0036021655266332,0.038457654963796,0.0093592402140702,-0.0247418551297508,-0.0373582433699288,0.0211696956525084
LI,2030,0.0056934190427584,0.0056934190427584,0.0069507371194887,0.0054278934223561,0.0054278934223561,0.023037111170512,0.023037111170512,0.023037111170512,0.023037111170512,0.023037111170512,0.023037111170512,0.023037111170512,0.0069507371194887,0.0069507371194885,0.0035815039055348,0.0154068286591077,0.0019507371194886,0.0019507371194887,0.0019507371194885,0.0108593623309585,0.0019507371194885,0.0019507371194885,0.0101787828892982,0.0019507371194886,0.0034507371194886,0.0044081059575672,0.0115855045908266,-0.0317598897027348,-0.0113290190366118,0.022956903205731
LI,2035,0.0058492513582838,0.0058492513582838,0.0068311428358298,0.0033035156292565,0.0033035156292565,0.0216765925334854,0.0216765925334854,0.0216765925334854,0.0216765925334854,0.0216765925334854,0.0216765925334854,0.0216765925334854,0.0068311428358298,0.0068311428358298,0.0079932240662552,0.0169397939705541,0.0018311428358297,0.0018311428358298,0.0018311428358298,0.0027206340095364,0.0018311428358298,0.0018311428358298,0.0108854684031919,0.0018311428358297,0.0033311428358298,0.005903365136802,0.0080651535537998,-0.0318751152338216,-0.0114466759459261,0.0228351660961057
LI,2040,0.0012411587508341,0.0012411587508341,0.002,-0.0013710049389589,-0.0013710049389589,0.0215864564331158,0.0215864564331158,0.0215864564331158,0.0215864564331158,0.0215864564331158,0.0215864564331158,0.0215864564331158,0.002,0.002,0.002260819937896,0.0134469525050049,-0.003,-0.003,-0.003,-0.0014840197558356,-0.003,-0.003,0.0067234762525024,-0.003,-0.0015,-0.0009634215991082,0.0037226816905569,-0.0365297774968033,-0.016199556410858,0.0179174614447807
LI,2045,0.005959063939961,0.005959063939961,0.0067171905599527,0.0034849002033942,0.0034849002033942,0.0211415305692228,0.0211415305692228,0.0211415305692228,0.0211415305692228,0.0211415305692228,0.0211415305692228,0.0211415305692228,0.0067171905599527,0.0067171905599527,0.0070312313785125,0.0181684308400025,0.0017171905599527,0.0017171905599527,0.0017171905599527,0.0037880291337186,0.0017171905599527,0.0017171905599527,0.0114428106999776,0.0017171905599527,0.0032171905599527,0.0037492243175719,0.0085174273203601,-0.0319849048584155,-0.0115587822454819,0.0227191720847192
LI,2050,0.0012097293396621,0.0012097293396621,0.002,-0.0012061424911462,-0.0012061424911462,0.0203999778798624,0.0203999778798624,0.0203999778798624,0.0203999778798624,0.0203999778798624,0.0203999778798624,0.0203999778798624,0.002,0.002,0.0024264173871106,0.0132583760379726,-0.003,-0.003,-0.003,-0.0008245699645849,-0.003,-0.003,0.0066291880189863,-0.003,-0.0015,-0.0009204243091351,0.0034058075707212,-0.0365297774968033,-0.0153556068159229,0.0179174614447807
LT,2025,0.0173576731125115,0.0173576731125115,0.0355536634415722,0.0067486309382333,0.0067486309382333,0.010179964501203,0.010179964501203,0.010179964501203,0.010179964501203,0.010179964501203,0.010179964501203,0.010179964501203,0.0198436182627681,0.0152394819029877,0.0283253386920171,0.0268752062058583,-0.0221778185224704,0.0473756316541468,0.062598023884831,-0.0018328122595826,-0.0132054267202892,0.0221891444700371,0.0268752062058583,-0.0221778185224704,0.0473756316541468,0.0197201713802126,0.0339839888002121,0.0327773381943767,-0.005905226861287,0.0032188966360808
LT,2030,-0.0126446100076637,-0.0126446100076637,0.0261983887296817,-0.0072458267540576,-0.0072458267540576,0.0060320149775605,0.0060320149775605,0.0060320149775605,0.0060320149775605,0.0060320149775605,0.0060320149775605,0.0060320149775605,0.0104228849756244,0.0173625070324354,0.0158269163713929,0.013600531342392,-0.0344572074099326,0.0313732402212948,0.0366938333370231,-0.0255525181211888,-0.0229841293951592,0.0091304555244932,-0.0089283380337703,-0.0344572074099326,0.0506866201106474,0.0179177739668514,0.0289394891992872,0.0141574167289137,-0.018641564490809,-0.0079423249263905
LT,2035,-0.0102835577062393,-0.0102835577062393,0.0276736389628,-0.0114818298123224,-0.0114818298123224,0.0063285119876244,0.0063285119876244,0.0063285119876244,0.0063285119876244,0.0063285119876244,0.0063285119876244,0.0063285119876244,0.0118754122520903,0.0188250301057799,0.017553263773917,0.0143961037664367,-0.0330621232189431,0.0328631462595775,0.0381914031310005,-0.0468185352283829,-0.021572519440019,0.0105883231670217,-0.0078330097262532,-0.0330621232189431,0.0514315731297887,-0.0035728265904919,0.01496843132618,0.0124712306977614,-0.0170122525631554,-0.0065133700163614
LT,2040,-0.0090100803532246,-0.0090100803532246,0.0270687710346075,-0.0118138719839332,-0.0118138719839332,0.005792146483154,0.005792146483154,0.005792146483154,0.005792146483154,0.005792146483154,0.005792146483154,0.005792146483154,0.0112798609722901,0.0182253804453709,0.0179536406525963,0.0140699108040117,-0.0336341222366788,0.0322522692989465,0.0375773839508833,-0.0463746369968427,-0.0221512941928125,0.0099905822816323,-0.0082821057163336,-0.0336341222366788,0.0511261346494732,-0.0087404172211101,0.0144505644207355,0.0118741485924965,-0.0175909655421716,-0.0070992563809295
LT,2045,-0.0064364400111717,-0.0064364400111717,0.0265696720248775,-0.0120904854907566,-0.0120904854907566,0.0038110543822857,0.0038110543822857,0.0038110543822857,0.0038110543822857,0.0038110543822857,0.0038110543822857,0.0038110543822857,0.0107884494754368,0.0177305872223456,0.0173063394882303,0.0138007568665336,-0.0341060998866949,0.0317482120132032,0.0370707339030499,-0.0460188927446152,-0.0226288627536704,0.0094973640598222,-0.0086526715100806,-0.0341060998866949,0.0508741060066016,-0.0090323638225954,0.0139935528061806,0.0113814739546532,-0.0180684831311897,-0.0075826929969922
LT,2050,-0.002118025365914,-0.002118025365914,0.0261084911755238,-0.0124765048248666,-0.0124765048248666,0.0003624758605762,0.0003624758605762,0.0003624758605762,0.0003624758605762,0.0003624758605762,0.0003624758605762,0.0003624758605762,0.0103343720938295,0.0172733850352031,0.0170466554164671,0.0135520514211748,-0.0345422198734448,0.0312824495840456,0.0366025756922946,-0.0462118597175267,-0.0230701488917458,0.0090416172159762,-0.008995084226135,-0.0345422198734448,0.0506412247920228,-0.008817580911783,0.0134018914859121,0.0109262293969481,-0.0178263924749351,-0.0080294013752057
LU,2025,-0.0059607144041275,-0.0059607144041275,0.0007382117095283,-0.0021119251031426,-0.0021119251031426,0.0173810450472262,0.0173810450472262,0.0173810450472262,0.0173810450472262,0.0173810450472262,0.0173810450472262,0.0173810450472262,0.0307359574321839,-0.0012245058755961,0.0288486748775188,-0.0007719135498684,-0.0047570479589847,-0.0123531817035295,0.0172618157471359,0.0637196445390051,-0.07,-0.0329033023837595,-0.0007719135498684,-0.0047570479589847,-0.0123531817035295,-0.0391674179469591,0.0110513565169314,-0.0279512423064573,-0.0182424956873403,0.0693438778867266
LU,2030,-0.013496784925056,-0.013496784925056,-0.0089092005881529,-4.693274292493638e-05,-4.693274292493638e-05,0.0144624099222401,0.0144624099222401,0.0144624099222401,0.0144624099222401,0.0144624099222401,0.0144624099222401,0.0144624099222401,0.0096719479378011,-0.0191288607046185,0.0112062385812467,-0.0123734648690826,0.0007703248458846,-0.0167667279424539,0.0068484109072816,0.06196339883699,-0.0313746370361398,-0.040448440710351,-0.0043015700115989,0.0007703248458846,-0.0264397544802057,-0.0552477497632058,0.0308883251782782,-0.0303592472187085,0.0017894589609454,0.0667802625941266
LU,2035,-0.0142448126948171,-0.0142448126948171,-0.0112268409414707,-0.0116175273333276,-0.0116175273333276,0.0128500810430982,0.0128500810430982,0.0128500810430982,0.0128500810430982,0.0128500810430982,0.0128500810430982,0.0128500810430982,0.0073107681848039,-0.0214225543215019,0.0092056676144445,-0.0113299044779951,-0.0015817126128695,-0.0190776725296086,0.0044821312601103,0.0589230167231815,-0.07,-0.042703894241296,-0.0049558085454323,-0.0015817126128695,-0.0287245184000364,0.0151326392950074,0.0014361617661085,-0.0340225131124261,-0.0165133734585871,0.0644340611790366
LU,2040,-0.0140931936042836,-0.0140931936042836,-0.0125249472185193,-0.0124078406713785,-0.0124078406713785,0.0119870888858051,0.0119870888858051,0.0119870888858051,0.0119870888858051,0.0119870888858051,0.0119870888858051,0.0119870888858051,0.0059882755667333,-0.0227072480736799,0.0089043773076986,-0.0099223436723587,-0.0028990846480479,-0.0203720285198305,0.0031567822003012,0.0583475315364905,-0.07,-0.043967169788738,-0.0049107141602033,-0.0028990846480479,-0.0300042106446337,0.0482007477309226,0.0002474090516291,-0.035015182960021,-0.01752059167793,0.0630556962287879
LU,2045,-0.0148075718237436,-0.0148075718237436,-0.0142177926031918,-0.0135513720038686,-0.0135513720038686,0.0106928738733309,0.0106928738733309,0.0106928738733309,0.0106928738733309,0.0106928738733309,0.0106928738733309,0.0106928738733309,0.0042636282367358,-0.0243826023397703,0.0069539256927305,-0.0115588110324468,-0.0046170542851097,-0.0220599831988205,0.0014284098176645,0.0571454765695005,-0.07,-0.0456145928217112,-0.0065879326587782,-0.0046170542851097,-0.0316730425025252,0.0357248229936762,-0.0013100815100788,-0.0363097122290924,-0.0188340933103614,0.061258186436502
LU,2050,-0.0150291898787832,-0.0150291898787832,-0.015303627439635,-0.0143553861567095,-0.0143553861567095,0.0099250423666987,0.0099250423666987,0.0099250423666987,0.0099250423666987,0.0099250423666987,0.0099250423666987,0.0099250423666987,0.0031573948096046,-0.0254572179201273,0.0060115620376556,-0.0129986002530944,-0.0057190044671896,-0.0231426810100792,0.0003197870453753,0.0560923531499117,-0.07,-0.0466712925863543,-0.007858802360142,-0.0057190044671896,-0.0327434744414793,0.0558843084241391,-0.0023268452513737,-0.0371400568015382,-0.0190303378581466,0.0601052171405556
MG,2025,0.0346437458779671,0.0346437458779671,0.0343527518408302,0.0494518278076628,0.0494518278076628,0.0281902837305332,0.0281902837305332,0.0281902837305332,0.0281902837305332,0.0281902837305332,0.0281902837305332,0.0281902837305332,0.07,0.0501130235618885,0.0261498991397374,0.0504852268700227,0.0304503800877108,0.0229956306761677,0.0229956306761677,0.0378116805544838,0.067,0.0229956306761677,0.0504852268700227,0.0304503800877108,0.0229956306761677,0.0616854959697488,0.0380011935979547,0.0259956306761677,0.0461833685196578,0.0259956306761677
MG,2030,0.0440408261551134,0.0440408261551134,0.0318786722623591,0.046605211779444,0.046605211779444,0.0351074543137823,0.0351074543137823,0.0351074543137823,0.0351074543137823,0.0351074543137823,0.0351074543137823,0.0351074543137823,0.07,-0.068,0.0218868777391992,0.0382648527171526,0.0474679896454803,0.020256110953153,0.020256110953153,0.0291647361646229,0.067,0.020256110953153,0.0458943573321238,0.0474679896454803,0.021756110953153,0.0258890166411989,0.0313157426884049,0.0274157656318826,0.0606663795497182,0.023256110953153
MG,2035,0.0420910944985015,0.0420910944985016,0.0299078267414494,0.0436213422002891,0.0436213422002891,0.0375213939062022,0.0375213939062022,0.0375213939062022,0.0375213939062022,0.0375213939062022,0.0375213939062022,0.0375213939062022,0.07,-0.068,0.0244600200441503,0.0362722178308022,0.0454577430135116,0.0182979388137248,0.0182979388137248,0.0191874299874314,0.067,0.0182979388137248,0.043889992610948,0.0454577430135116,0.0197979388137248,0.0263657970397054,0.0269265210520506,0.0212979388137248,0.0587374135797901,0.0212979388137248
MG,2040,0.0403820300439678,0.0403820300439678,0.0281807435919712,0.0429199758356379,0.0429199758356379,0.0410136077457536,0.0410136077457536,0.0410136077457536,0.0410136077457536,0.0410136077457536,0.0410136077457536,0.0410136077457536,0.07,-0.068,0.0218427814870897,0.0345260403152299,0.0436961320462727,0.0165819615491936,0.0165819615491936,0.018097941793358,0.067,0.0165819615491936,0.04213353605531,0.0436961320462727,0.0180819615491936,0.021726830754519,0.0254045493506582,0.0195819615491936,0.0570207384799012,0.0195819615491936
MG,2045,0.038874832706718,0.038874832706718,0.0266583296505944,0.0423023783344547,0.0423023783344547,0.0435181748346837,0.0435181748346837,0.0435181748346837,0.0435181748346837,0.0435181748346837,0.0435181748346837,0.0435181748346837,0.07,0.0676279774519003,0.0203833782005864,0.0329867947990959,0.0421432820305584,0.0150693373820266,0.0150693373820266,0.0171401759557925,0.067,0.0150693373820266,0.0405852296240108,0.0421432820305584,0.0165693373820266,0.0203630919698479,0.0239699388195895,0.0180693373820266,0.0554525711578821,0.0180693373820266
MG,2050,0.0374285632505628,0.0374285632505628,0.0252010106589712,0.0416045522969456,0.0416045522969456,0.0447199241063596,0.0447199241063596,0.0447199241063596,0.0447199241063596,0.0447199241063596,0.0447199241063596,0.0447199241063596,0.07,0.07,0.0190478069632944,0.0315133639124837,0.0406568283417567,0.0136213895761837,0.0136213895761837,0.0157968196115989,0.067,0.0136213895761837,0.0391031252463116,0.0406568283417567,0.0151213895761838,0.0194399694822115,0.0221360068727246,0.0166213895761837,0.0547099931683097,0.0166213895761837
MW,2025,0.0350515872737061,0.0350515872737061,0.019729413015185,0.0048834575090686,0.0048834575090686,0.0306175788307578,0.0306175788307578,0.0306175788307578,0.0306175788307578,0.0306175788307578,0.0306175788307578,0.0306175788307578,0.0384898590360076,0.0125389772333435,-0.07,0.067,0.0142992842008904,0.0238554776202278,0.0238554776202281,-0.0561927601584307,0.0133812535384697,0.0238554776202278,0.067,0.0142992842008904,0.0238554776202278,0.002246450961416,-0.0592183092539496,0.0268554776202278,0.0172530909639611,0.0268554776202278
MW,2030,0.0109698841689954,0.0109698841689954,0.0184989487059807,0.0168606978072499,0.0168606978072499,0.032596282547278,0.032596282547278,0.032596282547278,0.032596282547278,0.032596282547278,0.032596282547278,0.032596282547278,0.0200823168708794,-0.068,-0.07,-0.0186467833059027,0.013914911281408,0.0223359261589023,0.0223359261589023,0.0121535066278954,0.0128710415713225,0.0223359261589023,-0.0013766485457284,0.013914911281408,0.0238359261589023,0.0257834634486969,-0.0193121417768134,0.0294955808376319,0.0168547614811339,0.0253359261589023
MW,2035,0.0090580453320911,0.0090580453320911,0.0165753565910578,-0.0051250056651177,-0.0051250056651177,0.0324977044853831,0.0324977044853831,0.0324977044853831,0.0324977044853831,0.0324977044853831,0.0324977044853831,0.0324977044853831,0.018155728437543,-0.068,-0.07,-0.0205095438019589,0.0119905320113862,0.020395611212962,0.0203956112129622,-0.07,0.0109486376890234,0.0203956112129622,-0.0032692519716906,0.0119905320113862,0.0218956112129621,0.0267386429470911,-0.0621521370145004,0.0233956112129622,0.0149304960367898,0.0233956112129622
MW,2040,0.0069468433942033,0.0069468433942033,0.0144514374444839,-0.0067230602166605,-0.0067230602166605,0.0348333093979533,0.0348333093979533,0.0348333093979533,0.0348333093979533,0.0348333093979533,0.0348333093979533,0.0348333093979533,0.0160285009294942,-0.068,-0.07,-0.022566296193675,0.0098657437336843,0.0182532276836816,0.0182532276836816,-0.07,0.008826030520182,0.0182532276836816,-0.0053589552003987,0.0098657437336843,0.0197532276836816,0.0212532276836816,-0.0623800327090537,0.0212532276836816,0.0128058334388168,0.0212532276836816
MW,2045,0.0046680978523828,0.0046680978523828,0.0121591325911389,-0.0084391820693717,-0.0084391820693717,0.0369432080617009,0.0369432080617009,0.0369432080617009,0.0369432080617009,0.0369432080617009,0.0369432080617009,0.0369432080617009,0.0137326254256002,-0.068,-0.07,-0.0247861092676642,0.0075725008439234,0.0159409945792251,0.0159409945792251,-0.0699654899413389,0.0065351416590265,0.0159409945792251,-0.0076143314754071,0.0075725008439234,0.0174409945792251,0.0192362911932097,-0.0626259961241505,0.0189409945792251,0.0105127261927566,0.0189409945792251
MW,2050,0.0028695439334732,0.0028695439334732,0.010348738663912,-0.0097746816624259,-0.0097746816624259,0.0383480442699968,0.0383480442699968,0.0383480442699968,0.0383480442699968,0.0383480442699968,0.0383480442699968,0.0383480442699968,0.0119194115051859,-0.068,-0.07,-0.0265392513520883,0.0057613660835442,0.0141148619143082,0.0141148619143082,-0.069858866109349,0.0047258660401511,0.0141148619143082,-0.0093955603141143,0.0057613660835442,0.0156148619143082,0.0183862016322206,-0.0628202506851709,0.0171148619143082,0.0094989220982005,0.0171148619143082
MY,2025,0.0398242959819634,0.0398242959819634,0.038867098632539,-0.021005634453816,-0.021005634453816,0.0358213635788053,0.0358213635788053,0.0358213635788053,0.0358213635788053,0.0358213635788053,0.0358213635788053,0.0358213635788053,-0.002513636278104,0.0544206055242963,0.0203422119529824,0.0590825133442559,-0.0066096253983656,0.067,0.0121155999373011,-0.0236245014744611,0.0121155999373011,-0.07,0.0590825133442559,-0.0066096253983656,0.067,0.0242691715816038,0.0233014515657616,0.0697338140765002,-0.0036459428432926,0.0151155999373011
MY,2030,0.0033032332379256,0.0033032332379255,0.0342843317705734,-0.0155601011665091,-0.0155601011665091,0.0326201726178356,0.0326201726178356,0.0326201726178356,0.0326201726178356,0.0326201726178356,0.0326201726178356,0.0326201726178356,-0.0007760841893211,0.0619770745490424,-0.0059381476710187,0.0327425911258559,-0.014300525803692,0.0248951737835821,0.0079241725429141,-0.0475180290905044,0.0079241725429141,-0.021870463929125,0.0107323717548383,-0.014300525803692,0.0179096731632481,0.0330248301408601,0.0029377117246193,0.0698375689322375,-0.0113326361048337,0.0109241725429141
MY,2035,0.0022608392921012,0.0022608392921012,0.0330414192035399,-0.0266798934113816,-0.0266798934113816,0.0296553082100552,0.0296553082100552,0.0296553082100552,0.0296553082100552,0.0296553082100552,0.0296553082100552,0.0296553082100552,-0.0019767825811891,0.0607008187867712,-0.0065595231115694,0.0314955146730785,-0.0154905279744248,0.023657545942329,0.006706978481452,-0.047538360226944,0.006706978481452,-0.0639114093188455,0.0095136025680056,-0.0154905279744248,0.0166822622118905,0.0252443909685877,-0.0045967323650266,0.0697558837239334,-0.0125219873101433,0.009706978481452
MY,2040,0.0012338431528692,0.0012338431528692,0.0318016923243094,-0.0287144007685187,-0.0287144007685187,0.0270116157929671,0.0270116157929671,0.0270116157929671,0.0270116157929671,0.0270116157929671,0.0270116157929671,0.0270116157929671,-0.00317440348368,0.0594278341736724,-0.0074011026008747,0.0302516345804878,-0.0166774800710809,0.0224230902436887,0.0054929041891337,-0.0471761037795285,0.0054929041891337,-0.07,0.0082979571874935,-0.0166774800710809,0.0154579972164112,0.0211836954548948,-0.0057465010292549,0.0697381839748574,-0.0137082901098545,0.0084929041891337
MY,2045,0.0003271387567956,0.0003271387567956,0.0306726329272473,-0.0291852280512335,-0.0291852280512335,0.0237578564005584,0.0237578564005584,0.0237578564005584,0.0237578564005584,0.0237578564005584,0.0237578564005584,0.0237578564005584,-0.004265115604816,0.0582684858818729,-0.0085794290478942,0.0291187927175854,-0.0177584757654094,0.0212988314814112,0.0043872074333098,-0.0468630040334278,0.0043872074333098,-0.07,0.0071908295907975,-0.0177584757654094,0.0143430194573605,0.0173745897106621,-0.0067326820604035,0.0697361382466343,-0.0147886944684385,0.0073872074333098
MY,2050,-0.0009439426296719,-0.0009439426296719,0.0291514814863496,-0.0300443271816188,-0.0300443271816188,0.021257208762436,0.021257208762436,0.021257208762436,0.021257208762436,0.021257208762436,0.021257208762436,0.021257208762436,-0.0057346027894479,0.056706527025534,-0.0099123392697,0.0275925452619177,-0.019185561039773,0.0197841478069907,0.0028975318522958,-0.0473402377893228,0.0028975318522955,-0.07,0.0056992262762559,-0.019185561039773,0.0128408398296431,0.0184709357096891,-0.0083763095946201,0.0697334692537379,-0.0154011321014612,0.0058975318522955
MV,2025,0.0175143941593169,0.0175143941593169,0.07,0.039938987044696,0.039938987044696,0.0072174376351086,0.0072174376351086,0.0072174376351086,0.0072174376351086,0.0072174376351086,0.0072174376351086,0.0072174376351086,0.07,0.029979966100156,0.0281342345637258,0.045623874503626,-0.0180606581258311,0.024979966100156,0.0249799661001562,0.0397960159784721,0.024979966100156,0.024979966100156,0.045623874503626,-0.0180606581258311,0.024979966100156,-0.0383724056111483,0.0610719929565478,0.027979966100156,-0.0150606581258311,0.0279799661001562
MV,2030,-0.0086258655065983,-0.0086258655065983,0.07,0.0202914943203969,0.0202914943203969,0.0112524392942772,0.0112524392942772,0.0112524392942772,0.0112524392942772,0.0112524392942772,0.0112524392942772,0.0112524392942772,0.07,0.0057524506900392,0.0023832174760854,0.0105082533870656,-0.0247570407700956,0.0007524506900392,0.0007524506900392,0.0096610759015091,0.0007524506900392,0.0007524506900392,-0.0057076846152864,-0.0247570407700956,0.0022524506900392,0.0067322755597043,0.0464055131626755,0.0079121053687688,-0.0217570407700956,0.0037524506900392
MV,2035,-0.007944268924028,-0.007944268924028,0.07,0.0185089093858575,0.0185089093858575,0.0137259796428306,0.0137259796428306,0.0137259796428306,0.0137259796428306,0.0137259796428306,0.0137259796428306,0.0137259796428306,0.07,0.0060487154565744,0.0072107966869999,0.0108073976490444,-0.0244683053137272,0.0010487154565744,0.0010487154565744,0.001938206630281,0.0010487154565744,0.0010487154565744,-0.0054137693400289,-0.0244683053137272,0.0025487154565744,0.009744509403994,0.0465304545173849,0.0040487154565744,-0.0214683053137272,0.0040487154565744
MV,2040,-0.0069161390971181,-0.0069161390971181,0.07,0.0191413966024889,0.0191413966024889,0.0159569744861334,0.0159569744861334,0.0159569744861334,0.0159569744861334,0.0159569744861334,0.0159569744861334,0.0159569744861334,0.07,0.0066832020552638,0.0069440219931599,0.011448051033246,-0.0238499436375322,0.0016832020552638,0.0016832020552638,0.0031991822994281,0.0016832020552638,0.0016832020552638,-0.0047843144592412,-0.0238499436375322,0.0031832020552638,0.0069793661420745,0.0467980314422834,0.0046832020552638,-0.0208499436375322,0.0046832020552638
MV,2045,-0.0062682634564092,-0.0062682634564092,0.07,0.0194611700841846,0.0194611700841846,0.0161611950456133,0.0161611950456133,0.0161611950456133,0.0161611950456133,0.0161611950456133,0.0161611950456133,0.0161611950456133,0.07,0.0069246139209908,0.0072386547395506,0.0116918092608965,-0.023614667043428,0.0019246139209908,0.0019246139209908,0.0039954524947567,0.0019246139209908,0.0019246139209908,-0.0045448170806112,-0.023614667043428,0.0034246139209908,0.0072492348174698,0.0468998401247657,0.0049246139209908,-0.020614667043428,0.0049246139209908
MV,2050,-0.0066460573265924,-0.0066460573265924,0.07,0.018887809275392,0.018887809275392,0.0149751966291817,0.0149751966291817,0.0149751966291817,0.0149751966291817,0.0149751966291817,0.0149751966291817,0.0149751966291817,0.07,0.006125269022051,0.0065516864091616,0.0108846952639926,-0.0243936972902252,0.001125269022051,0.001125269022051,0.003300699057466,0.001125269022051,0.001125269022051,-0.005337822873184,-0.0243936972902252,0.002625269022051,0.0066053145164585,0.0465627388362067,0.004125269022051,-0.0206271694107867,0.004125269022051
ML,2025,0.0054672530529976,0.0054672530529976,0.07,0.0467883704788474,0.0467883704788474,0.0339175091708936,0.0339175091708936,0.0339175091708936,0.0339175091708936,0.0339175091708936,0.0339175091708936,0.0339175091708936,0.07,0.0332804141459786,0.067,-0.000931701271012,-0.0109469537159738,0.0282804141459788,0.0282804141459785,0.067,0.0218730677694111,0.0282804141459788,-0.000931701271012,-0.0109469537159738,0.0282804141459788,0.07,0.0573225658276387,0.0312804141459788,-0.0055556803847452,0.0312804141459787
ML,2030,-0.0057784357164035,-0.0057784357164035,0.07,0.0130681671722253,0.0130681671722253,0.0394337526057388,0.0394337526057388,0.0394337526057388,0.0394337526057388,0.0394337526057388,0.0394337526057388,0.0394337526057388,0.07,0.0306759681408979,-0.07,-0.0023551854059321,-0.0155110141321354,0.0256759681408979,0.0256759681408979,-0.07,0.0265967005480033,0.0256759681408979,-0.0089822112869502,-0.0155110141321354,0.0271759681408979,0.0291978704329551,-0.0297823287833486,0.0328356228196275,-0.0096808155783972,0.0286759681408979
ML,2035,-0.0071450770101463,-0.0071450770101463,0.07,0.046523641938432,0.046523641938432,0.0417268158383459,0.0417268158383459,0.0417268158383459,0.0417268158383459,0.0417268158383459,0.0417268158383459,0.0417268158383459,0.07,0.0290876285073442,0.067,-0.0039002431960953,-0.017035758505027,0.0240876285073442,0.0240876285073442,0.067,0.0250069392463837,0.0240876285073442,-0.0105147204440069,-0.017035758505027,0.0255876285073442,0.030566565454235,0.0558453541181548,0.0270876285073442,-0.0112099299537707,0.0270876285073442
ML,2040,-0.0090247495307354,-0.0090247495307354,0.07,0.0454446414040721,0.0454446414040721,0.0448969507393741,0.0448969507393741,0.0448969507393741,0.0448969507393741,0.0448969507393741,0.0448969507393741,0.0448969507393741,0.07,0.0269305927827934,0.067,-0.0059985002561555,-0.0191064290427738,0.0219305927827934,0.0219305927827934,0.067,0.0228479728334952,0.0219305927827934,-0.0125959359033078,-0.0191064290427738,0.0234305927827934,0.0249305927827934,0.0555705880056701,0.0249305927827934,-0.0132865351488604,0.0249305927827934
ML,2045,-0.011080256568492,-0.0110802565684921,0.07,0.0442517642767825,0.0442517642767825,0.046922828392498,0.046922828392498,0.046922828392498,0.046922828392498,0.046922828392498,0.046922828392498,0.046922828392498,0.07,0.0245459057538013,0.067,-0.0083182051816077,-0.0213956359930709,0.0195459057538013,0.0195459057538013,0.067,0.0204611513533287,0.0195459057538013,-0.0148968006752005,-0.0213956359930709,0.0210459057538012,0.0227867904129562,0.0552109942978835,0.0225459057538013,-0.0155823030940574,0.0225459057538013
ML,2050,-0.0129269261012513,-0.0129269261012513,0.07,0.0431395468763461,0.0431395468763461,0.0479098023425061,0.0479098023425061,0.0479098023425061,0.0479098023425061,0.0479098023425061,0.0479098023425061,0.0479098023425061,0.07,0.0223224660150698,0.067,-0.010481056763671,-0.0235300518059593,0.0173224660150698,0.0173224660150698,0.067,0.0182357214903149,0.0173224660150698,-0.0170420860334371,-0.0235300518059593,0.0188224660150698,0.0213753916264533,0.054689903404721,0.0203224660150698,-0.0169294924857604,0.0203224660150698
MT,2025,-0.0179718755560091,-0.0179718755560091,0.0510680331888517,0.0091684405575862,0.0091684405575862,0.0229334391902726,0.0229334391902726,0.0229334391902726,0.0229334391902726,0.0229334391902726,0.0229334391902726,0.0229334391902726,0.0051072898354824,0.046012684724545,0.0658838727620605,-0.0396758301851406,-0.0347752704152745,0.0205354739323876,0.0205354739323876,-0.0095044754699129,0.0205354739323876,0.0205354739323876,-0.0396758301851406,-0.0347752704152745,0.0205354739323876,-0.029934595228469,0.0009273084962315,0.0235354739323875,-0.0317752704152745,-0.0478268046201617
MT,2030,-0.0175712752352813,-0.0175712752352813,0.0311697156561792,-0.003576703004599,-0.003576703004599,0.0234650754128986,0.0234650754128986,0.0234650754128986,0.0234650754128986,0.0234650754128986,0.0234650754128986,0.0234650754128986,-0.0013347849286917,0.0284998660344903,0.0602881112216094,-0.0422110356191229,-0.0173030976075928,0.0013813288407807,0.0013813288407807,-0.015734684771266,0.0013813288407807,0.0013813288407807,-0.0286415941463845,-0.0173030976075928,-0.0343093355796096,0.0690966248201181,0.0090744882695999,0.0085409835195105,-0.0143030976075928,-0.049269478966533
MT,2035,-0.0208658364989958,-0.0208658364989958,0.0274177005754852,-0.0088657522027539,-0.0088657522027539,0.0232924129019507,0.0232924129019507,0.0232924129019507,0.0232924129019507,0.0232924129019507,0.0232924129019507,0.0232924129019507,-0.0049682992659906,0.0247575843494565,0.0604043654263825,-0.0456963486839438,-0.0208966250759089,-0.0022803159154246,-0.0022803159154246,-0.0259340777141757,-0.0022803159154246,-0.0022803159154246,-0.032179612551743,-0.0208966250759089,-0.0361401579577123,0.0028078204704644,-0.0031884040950447,0.0007196840845754,-0.0178966250759089,0.0544223600269123
MT,2040,-0.0232883026481498,-0.0232883026481498,0.0248339717769527,-0.0048698170081966,-0.0048698170081966,0.0206457486462279,0.0206457486462279,0.0206457486462279,0.0206457486462279,0.0206457486462279,0.0206457486462279,0.0206457486462279,-0.0074704255717898,0.0221805582038008,0.0603013977444674,-0.04809539344649,-0.0233712154516193,-0.004801813511552,-0.004801813511552,-0.0024052154378925,-0.004801813511552,-0.004801813511552,-0.034615464765162,-0.0233712154516193,-0.037400906755776,0.0383347878648536,0.0020189161169795,-0.001801813511552,-0.0203712154516193,-0.0693099580262696
MT,2045,-0.0240127244469442,-0.0240127244469442,0.0240681441173524,-0.0113346083790951,-0.0113346083790951,0.0173267571607718,0.0173267571607718,0.0173267571607718,0.0173267571607718,0.0173267571607718,0.0173267571607718,0.0173267571607718,-0.0082120659226979,0.021416717237606,0.0603057008053035,-0.0488084909369938,-0.0241046940415459,-0.0055491955912142,-0.0055491955912142,-0.0260279764112539,-0.0055491955912142,-0.0055491955912142,-0.0353384666700428,-0.0241046940415459,-0.0377745977956071,-0.0694161354401468,-0.0061265210990272,-0.0025491955912142,-0.0211046940415459,0.0699999999999999
MT,2050,-0.0244074049691292,-0.0244074049691292,0.0236541986793668,-0.0085393833696498,-0.0085393833696498,0.0145417576999486,0.0145417576999486,0.0145417576999486,0.0145417576999486,0.0145417576999486,0.0145417576999486,0.0145417576999486,-0.0086129376280169,0.021003845647844,0.0603117749612893,-0.0491949349156296,-0.0245011541489265,-0.0059531708177943,-0.0059531708177943,-0.0136382542149938,-0.0059531708177943,-0.0059531708177943,-0.0357297640510787,-0.0245011541489265,-0.0379765854088971,-0.0564363211889355,-0.0025929220464643,-0.0029531708177943,-0.0207002832064773,-0.0696695348118481
MH,2025,-0.0173336950220984,-0.0173336950220984,-0.0137930222765884,-0.0277942001979236,-0.0277942001979236,0.0237215050080043,0.0237215050080043,0.0237215050080043,0.0237215050080043,0.0237215050080043,0.0237215050080043,0.0237215050080043,-0.0326054654621983,-0.0261291284026041,-0.0279748599390344,0.0102571717389129,-0.0311291284026041,-0.0311291284026041,-0.0311291284026041,-0.016313078524288,-0.0311291284026041,-0.0311291284026041,0.0102571717389129,-0.0311291284026041,-0.0311291284026041,-0.0055995362336448,0.0132571717389129,-0.0281291284026041,-0.0281291284026041,-0.0281291284026041
MH,2030,-0.0239556126023328,-0.0239556126023328,0.0256793759477029,-0.0304947255736126,-0.0304947255736126,0.023037111170512,0.023037111170512,0.023037111170512,0.023037111170512,0.023037111170512,0.023037111170512,0.023037111170512,-0.0360308384207681,-0.0266188963617174,-0.0299881295756712,0.0053608061945898,-0.0316188963617174,-0.0316188963617174,-0.0316188963617174,-0.0227102711502475,-0.0316188963617174,-0.0316188963617174,-0.0116290450835637,-0.0316188963617174,-0.0301188963617174,-0.0194335240151377,0.0083608061945898,-0.0244592416829878,-0.0286188963617174,-0.0286188963617174
MH,2035,-0.021675157668766,-0.0216751576687659,0.0280674564414031,-0.0302389212455818,-0.0302389212455818,0.0216765925334854,0.0216765925334854,0.0216765925334854,0.0216765925334854,0.0216765925334854,0.0216765925334854,0.0216765925334854,-0.0337867180015384,-0.0243528193848319,-0.0231907381544064,0.0077131509115632,-0.0293528193848319,-0.0293528193848318,-0.0293528193848319,-0.0284633282111252,-0.0293528193848319,-0.0293528193848318,-0.0093198342366343,-0.0293528193848319,-0.0278528193848318,-0.0146089309373452,0.0107131509115632,-0.0263528193848319,-0.0263528193848319,-0.0263528193848319
MH,2040,-0.002448256037202,-0.002448256037202,0.0482017673917258,-0.011022900197131,-0.011022900197131,0.0215864564331158,0.0215864564331158,0.0215864564331158,0.0215864564331158,0.0215864564331158,0.0215864564331158,0.0215864564331158,-0.0148661588118738,-0.0052471407402716,-0.0049863208023754,0.0275461674781459,-0.0102471407402715,-0.0102471407402716,-0.0102471407402716,-0.0087311604961072,-0.0102471407402715,-0.0102471407402715,0.0101495133689371,-0.0102471407402715,-0.0087471407402716,0.0015002825531095,0.0305461674781459,-0.0072471407402716,-0.0072471407402715,-0.0072471407402715
MH,2045,-0.0027224948224174,-0.0027224948224174,0.0479145859684277,-0.0111560352589818,-0.0111560352589818,0.0211415305692228,0.0211415305692228,0.0211415305692228,0.0211415305692228,0.0211415305692228,0.0211415305692228,0.0211415305692228,-0.0151360281474121,-0.005519650487427,-0.0052056096688672,0.0272632835026308,-0.010519650487427,-0.010519650487427,-0.010519650487427,-0.0084488119136612,-0.010519650487427,-0.010519650487427,0.0098718165076018,-0.010519650487427,-0.009019650487427,0.0012653915474457,0.0302632835026308,-0.007519650487427,-0.007519650487427,-0.007519650487427
MH,2050,-0.0030181661309611,-0.0030181661309611,0.0476049605186603,-0.0114229828431419,-0.0114229828431419,0.0203999778798624,0.0203999778798624,0.0203999778798624,0.0203999778798624,0.0203999778798624,0.0203999778798624,0.0203999778798624,-0.0154269885216412,-0.0058134576287804,-0.0053870402416698,0.0269582913581355,-0.0108134576287804,-0.0108134576287804,-0.0108134576287804,-0.0086380275933654,-0.0108134576287804,-0.0108134576287804,0.0095724168646775,-0.0108134576287804,-0.0093134576287804,0.0011584206997574,0.0299582913581355,-0.0078134576287804,-0.0075321410971354,-0.0078134576287804
MQ,2025,-0.01796952094606,-0.01796952094606,-0.068,-0.0254653626232225,-0.0254653626232225,0.0237215050080043,0.0237215050080043,0.0237215050080043,0.0237215050080043,0.0237215050080043,0.0237215050080043,0.0237215050080043,-0.068,0.07,-0.013071564993499,-0.001074453726193,-0.0366082756549182,-0.0162258334570687,-0.0162258334570687,-0.0014097835787526,-0.0162258334570687,-0.0162258334570687,-0.001074453726193,-0.0366082756549182,-0.0162258334570687,-0.0189019740958636,-0.0257574876776174,-0.0132258334570687,-0.0281519628303208,-0.0132258334570687
MQ,2030,-0.0103939828160842,-0.0103939828160842,-0.068,-0.0228133228189187,-0.0228133228189187,0.023037111170512,0.023037111170512,0.023037111170512,0.023037111170512,0.023037111170512,0.023037111170512,0.023037111170512,-0.068,-0.068,-0.0090898720430022,0.0027354527105706,-0.0312167942908826,-0.0107206388290483,-0.0107206388290483,-0.0018120136175784,-0.0107206388290482,-0.0107206388290483,-0.0024925930592388,-0.0312167942908826,-0.0092206388290483,-0.0257901772562249,-0.0178320982908359,-0.0035609841503187,-0.0227300407990393,-0.0077206388290483
MQ,2035,-0.0098026609606625,-0.0098026609606625,-0.068,-0.024580366441654,-0.024580366441654,0.0216765925334854,0.0216765925334854,0.0216765925334854,0.0216765925334854,0.0216765925334854,0.0216765925334854,0.0216765925334854,-0.068,0.07,-0.0042415710830154,0.0047049988212833,-0.0309063553314952,-0.0104036523134408,-0.0104036523134408,-0.0095141611397343,-0.0104036523134408,-0.0104036523134408,-0.0013493267460787,-0.0309063553314952,-0.0089036523134409,-0.0230828852505961,-0.021239940121089,-0.0074036523134408,-0.0224178490803589,-0.0074036523134408
MQ,2040,-0.0085697468790211,-0.0085697468790211,-0.068,-0.0236637298549833,-0.0236637298549833,0.0215864564331158,0.0215864564331158,0.0215864564331158,0.0215864564331158,0.0215864564331158,0.0215864564331158,0.0215864564331158,-0.068,0.07,-0.0041294799501364,0.0070566526169724,-0.0299139343389691,-0.0093902998880325,-0.0093902998880325,-0.0078743196438681,-0.0093902998880325,-0.0093902998880325,0.0003331763644699,-0.0299139343389691,-0.0078902998880325,-0.0066235676696108,-0.0193269824149138,-0.0063902998880325,-0.0214198248120053,-0.0063902998880325
MQ,2045,-0.0094467955282933,-0.0094467955282933,-0.068,-0.0241856119046998,-0.0241856119046998,0.0211415305692228,0.0211415305692228,0.0211415305692228,0.0211415305692228,0.0211415305692228,0.0211415305692228,0.0211415305692228,-0.068,0.07,-0.0049570545789618,0.006180144882528,-0.0307765364622013,-0.0102710953975216,-0.0102710953975216,-0.0082002568237558,-0.0102710953975216,-0.0102710953975216,-0.0005454752574968,-0.0307765364622013,-0.0087710953975216,-0.0013584279757867,-0.0189402422505319,-0.0072710953975216,-0.0222872972449773,-0.0072710953975216
MQ,2050,-0.0111443800148028,-0.0111443800148028,-0.068,-0.0254128593187916,-0.0254128593187916,0.0203999778798624,0.0203999778798624,0.0203999778798624,0.0203999778798624,0.0203999778798624,0.0203999778798624,0.0203999778798624,-0.068,0.07,-0.0065158717164165,0.0043160869344453,-0.0324132106091537,-0.0119422891035272,-0.0119422891035272,-0.0097668590681122,-0.0119422891035272,-0.0119422891035272,-0.0023131010845409,-0.0324132106091537,-0.0104422891035272,0.0174004721242972,-0.0221885845045712,-0.0089422891035272,-0.0236518956328542,-0.0089422891035272
MR,2025,0.0223864073321208,0.0223864073321208,0.0644410311271874,0.0414539356196797,0.0414539356196797,0.0288414265297876,0.0288414265297876,0.0288414265297876,0.0288414265297876,0.0288414265297876,0.0288414265297876,0.0288414265297876,0.07,0.0319998975334676,0.0185886851832995,0.0271104435989614,0.0130488808639334,0.0269998975334676,0.0269998975334676,0.0418159474117837,0.0269998975334676,0.0269998975334676,0.0271104435989614,0.0130488808639334,0.0269998975334676,-0.034275592693799,0.0671546813129675,0.0299998975334676,0.0160488808639334,0.0299998975334676
MR,2030,0.0150262554701319,0.015026255470132,0.0568500912819769,0.0376260413433748,0.0376260413433748,0.0309341623498817,0.0309341623498817,0.0309341623498817,0.0309341623498817,0.0309341623498817,0.0309341623498817,0.0309341623498817,0.07,0.0288651800540098,0.0494204793968439,0.0201957634141519,0.0098330141070614,0.0238651800540098,0.0238651800540098,0.0327738052654797,0.0238651800540098,0.0238651800540098,0.0156467342730527,0.0098330141070614,0.0253651800540098,-0.00529124037802,0.0666614577597425,0.0310248347327394,0.0128330141070614,0.0268651800540098
MR,2035,0.0133224517121662,0.0133224517121662,0.0550435833481068,0.0343023215390185,0.0343023215390185,0.0325054764102017,0.0325054764102017,0.0325054764102017,0.0325054764102017,0.0325054764102017,0.0325054764102017,0.0325054764102017,0.07,0.0271065983274558,0.0479940523055076,0.0184434658319777,0.0080984634910149,0.0221065983274556,0.0221065983274556,0.0229960895011623,0.0221065983274558,0.0221065983274558,0.0139047960957133,0.0080984634910149,0.0236065983274557,-0.003672847948032,0.0665364665212921,0.0251065983274556,0.0110984634910149,0.0251065983274558
MR,2040,0.0114686350313789,0.0114686350313789,0.0530788932738055,0.0330245183061009,0.0330245183061009,0.0338237747352934,0.0338237747352934,0.0338237747352934,0.0338237747352934,0.0338237747352934,0.0338237747352934,0.0338237747352934,0.07,0.0251940309934131,0.0470636655262323,0.0165377328969748,0.0062120314887932,0.0201940309934131,0.0201940309934131,0.0217100112375774,0.0201940309934131,0.0201940309934131,0.0120103296597237,0.0062120314887932,0.0216940309934131,0.01650477008095,0.0664005307520912,0.0231940309934131,0.0092120314887932,0.0231940309934131
MR,2045,0.0098655625677667,0.0098655625677667,0.0513717223730338,0.0319168228282763,0.0319168228282763,0.0352482680496517,0.0352482680496517,0.0352482680496517,0.0352482680496517,0.0352482680496517,0.0352482680496517,0.0352482680496517,0.07,0.0235321509131132,0.0451458059751682,0.014881791405828,0.0045728610859891,0.0185321509131132,0.0185321509131132,0.020602989486879,0.0185321509131132,0.0185321509131132,0.0103641779260154,0.0045728610859891,0.0200321509131132,-0.0092275380861768,0.0662824125854708,0.0215321509131132,0.0075728610859891,0.0215321509131132
MR,2050,0.0083137385017977,0.0083137385017977,0.0497149162451677,0.0307333320894454,0.0307333320894454,0.0357179121775907,0.0357179121775907,0.0357179121775907,0.0357179121775907,0.0357179121775907,0.0357179121775907,0.0357179121775907,0.07,0.021919299440789,0.043663859119352,0.0132747033230363,0.0029820493126896,0.016919299440789,0.016919299440789,0.0190947294762039,0.0169192994407888,0.0169192994407888,0.0087665907842878,0.0029820493126896,0.0184192994407889,0.0132073731330208,0.0661677791283398,0.0199192994407889,0.0066380742789276,0.019919299440789
MU,2025,-0.0147227602013102,-0.0147227602013102,0.0224876645008873,0.0028338021907997,0.0028338021907997,0.0143892696347167,0.0143892696347167,0.0143892696347167,0.0143892696347167,0.0143892696347167,0.0143892696347167,0.0143892696347167,-0.0133126714817517,-0.0223259114234157,-0.0100709417028359,0.0197513751944141,-0.0592653722924931,-0.0046542835058517,-0.0046542835058517,0.0339564472566541,-0.0046542835058517,-0.0046542835058517,0.0197513751944141,-0.0592653722924931,-0.0046542835058517,-0.0075161875519904,0.0098292077001545,-0.0016542835058517,-0.0465403918940633,-0.0016542835058517
MU,2030,-0.0246354833293599,-0.02463548332936,0.0229981527061489,0.0044808921473457,0.0044808921473457,0.0105403782388064,0.0105403782388064,0.0105403782388064,0.0105403782388064,0.0105403782388064,0.0105403782388064,0.0105403782388064,-0.0047415324130832,-0.034006359306033,-0.0103351346280778,0.0198877007693801,-0.07,-0.0058508541340058,-0.0058508541340058,0.0343668092704778,-0.0058508541340058,-0.0058508541340058,-0.0250561496153099,-0.07,-0.0043508541340058,0.0264733964468044,0.0083815517468258,0.0013088005447237,-0.0621121066813802,-0.0028508541340058
MU,2035,-0.0271892335732178,-0.0271892335732178,0.0222931977672506,0.0034486491947321,0.0034486491947321,0.0079495673664649,0.0079495673664649,0.0079495673664649,0.0079495673664649,0.0079495673664649,0.0079495673664649,0.0079495673664649,-0.0054273343026087,-0.0346719551019436,-0.0106446067065445,0.0191814411795029,-0.07,-0.0065393423681259,-0.0065393423681259,0.032300615817789,-0.0065393423681259,-0.0065393423681259,-0.0254092794102485,-0.07,-0.0050393423681259,0.0087637997443248,0.0086525808881732,-0.0035393423681259,-0.0622095241850787,-0.0035393423681258
MU,2040,-0.0206304358570112,-0.0206304358570112,0.0207031499874024,0.0021524249047104,0.0021524249047104,0.0071878297165228,0.0071878297165228,0.0071878297165228,0.0071878297165228,0.0071878297165228,0.0071878297165228,0.0071878297165228,-0.0069741817841796,-0.0361732271112128,-0.0111607516741596,0.0175884507188134,-0.07,-0.0080922489834408,-0.0080922489834408,0.0317683793699029,-0.0080922489834408,-0.0080922489834408,-0.0262057746405932,-0.07,-0.0065922489834408,0.0156243746628385,0.0074778700353988,-0.0050922489834408,-0.0624292523931203,-0.0050922489834408
MU,2045,-0.020957697700377,-0.020957697700377,0.0189923481582667,0.0007379920301862,0.0007379920301862,0.0070021432873468,0.0070021432873468,0.0070021432873468,0.0070021432873468,0.0070021432873468,0.0070021432873468,0.0070021432873468,-0.0086385025262381,-0.0377885112127591,-0.0130386985039265,0.0158744827308808,-0.07,-0.0097630890120414,-0.0097630890120414,0.0311166486710659,-0.0097630890120414,-0.0097630890120414,-0.0270627586345595,-0.07,-0.0082630890120414,0.0104364317240708,0.0059534210734219,-0.0067630890120414,-0.0626656675656671,-0.0067630890120414
MU,2050,-0.018366075459097,-0.018366075459097,0.0174746937473018,-0.0007050443066208,-0.0007050443066208,0.0077107221551704,0.0077107221551704,0.0077107221551704,0.0077107221551704,0.0077107221551704,0.0077107221551704,0.0077107221551704,-0.0101149235075748,-0.0392214317298662,-0.0143431939413627,0.0143540196165455,-0.07,-0.0112452932605037,-0.0112452932605037,0.0297853328020989,-0.0112452932605037,-0.0112452932605038,-0.0275128631212085,-0.07,-0.0097452932605037,0.0215947436816802,0.0037351317562187,-0.0082452932605037,-0.061620905329384,-0.0082452932605037
MX,2025,-0.0491064497697828,-0.0491064497697828,0.0312614902977945,-0.0304771350634401,-0.0304771350634401,0.0250105523870742,0.0250105523870742,0.0250105523870742,0.0250105523870742,0.0250105523870742,0.0250105523870742,0.0250105523870742,-0.0305474412622818,0.0415031093107545,-0.0615338717787594,-0.07,-0.0073193493093484,-0.07,0.0057614279445371,-0.07,0.0057614279445371,-0.0271225269360159,-0.07,-0.0073193493093484,-0.07,-0.0073501484495138,-0.0597984991753727,-0.0679536297397327,-0.0043193493093484,0.0673199560707784
MX,2030,-0.0034137500952281,-0.0034137500952281,0.0302555117312068,-0.0240233192495659,-0.0240233192495659,0.0239387255283514,0.0239387255283514,0.0239387255283514,0.0239387255283514,0.0239387255283514,0.0239387255283514,0.0239387255283514,-0.022732964282531,0.0292807152903857,-0.0445186700883345,0.067,-0.0093450912260355,-0.0613491861502861,0.0045420909153836,-0.0695063582317673,0.0045420909153833,-0.0083960453993487,0.0303274543869822,-0.0093450912260355,-0.0269035476174513,0.0073153554834515,0.0307621102825745,-0.0586864809777182,-0.0063450912260355,0.07
MX,2035,-0.0272724846864557,-0.0272724846864557,0.0289375298349072,-0.025100815639645,-0.025100815639645,0.0225157899523058,0.0225157899523058,0.0225157899523058,0.0225157899523058,0.0225157899523058,0.0225157899523058,0.0225157899523058,-0.0239830274064031,0.0279639828540179,-0.0451434765760027,-0.07,-0.0106187232814849,-0.0625561611785068,0.0032506587563178,-0.07,0.0032506587563178,-0.0096708939084948,-0.0388093616407424,-0.0106187232814849,-0.0281527512110945,0.0100276996783849,-0.0527132242945689,-0.0658052326848029,-0.0076187232814849,0.07
MX,2040,-0.0282602745048523,-0.0282602745048523,0.0276647952763149,-0.0260221470792672,-0.0260221470792672,0.0210936429099513,0.0210936429099513,0.0210936429099513,0.0210936429099513,0.0210936429099513,0.0210936429099513,0.0210936429099513,-0.0251901748965476,0.0266924548604317,-0.0455909636274771,-0.07,-0.0118486305635594,-0.0637216998206438,0.0020035624619486,-0.07,0.0020035624619486,-0.0109019758824699,-0.0394243152817797,-0.0118486305635594,-0.0293590686793474,0.0057723266169816,-0.0529509104192084,-0.0660054936413223,-0.0088486305635594,0.07
MX,2045,-0.0064432266154125,-0.0064432266154125,0.026354290256096,-0.0269274092024203,-0.0269274092024203,0.0205048568469845,0.0205048568469845,0.0205048568469845,0.0205048568469845,0.0205048568469845,0.0205048568469845,0.0205048568469845,-0.0264331464457201,0.0253831922119918,-0.0470175327147786,0.067,-0.0131150373383901,-0.0649218277117801,0.0007194565630138,-0.069826354716887,0.0007194565630138,-0.0121695922100879,0.0284424813308049,-0.0131150373383901,-0.0306011855743831,0.0048110005387777,0.0304495374954052,-0.0662116976664276,-0.0101150373383901,0.07
MX,2050,-0.0074611196878886,-0.0074611196878886,0.0250396384781019,-0.0278280605150783,-0.0278280605150783,0.0203238366598934,0.0203238366598934,0.0203238366598934,0.0203238366598934,0.0203238366598934,0.0203238366598934,0.0203238366598934,-0.0276800510602807,0.0240697867369443,-0.0480796077960231,0.067,-0.0143854513333833,-0.0661257531005123,-0.0005687125604326,-0.0696222588544114,-0.0005687125604326,-0.0134412195851887,0.0278072743333082,-0.0143854513333833,-0.0318472328304725,0.0045781100253398,0.0299388713838145,-0.0664185541714023,-0.0105415017384482,0.07
FM,2025,-0.0155785951687015,-0.0155785951687015,0.0222818165917806,0.0215037419769902,0.0215037419769902,0.0237215050080043,0.0237215050080043,0.0237215050080043,0.0237215050080043,0.0237215050080043,0.0237215050080043,0.0237215050080043,0.07,0.0053996393432149,0.0035539078067846,0.0155510190740906,-0.0626864439234102,0.0003996393432149,0.0003996393432149,0.015215689221531,0.0003996393432149,0.0003996393432149,0.0155510190740906,-0.0626864439234102,0.0003996393432149,-0.0050505259580507,0.0061567140306519,0.0033996393432149,-0.0251936867871838,0.0033996393432149
FM,2030,-0.0070114613642604,-0.0070114613642604,-0.0038820529701991,0.0169645566587879,0.0169645566587879,0.023037111170512,0.023037111170512,0.023037111170512,0.023037111170512,0.023037111170512,0.023037111170512,0.023037111170512,0.0521869120752938,0.0072542297827959,0.0038849965688421,0.015710321322415,-0.0460338666987073,0.0022542297827959,0.0022542297827959,0.0111628549942659,0.0022542297827959,0.0022542297827959,-0.0136617726881461,-0.0460338666987073,0.0037542297827959,0.0059066597211777,0.011888997254134,0.0094138844615256,-0.0156063708586027,0.0052542297827959
FM,2035,-0.0059692381454628,-0.0059692381454628,-0.0040150710464333,0.0148237619256129,0.0148237619256129,0.0216765925334854,0.0216765925334854,0.0216765925334854,0.0216765925334854,0.0216765925334854,0.0216765925334854,0.0216765925334854,0.0520463916841793,0.0071197216148552,0.0082818028452807,0.0172283727495795,-0.0461619136718591,0.0021197216148552,0.0021197216148552,0.0030092127885619,0.0021197216148552,0.0021197216148552,-0.0129667704611398,-0.0461619136718591,0.0036197216148552,0.0088372034014597,0.0083537323328252,0.0051197216148552,-0.0157380877712656,0.0051197216148552
FM,2040,-0.0067423254531098,-0.0067423254531098,-0.0057760928989043,0.0131797361613348,0.0131797361613348,0.0215864564331158,0.0215864564331158,0.0215864564331158,0.0215864564331158,0.0215864564331158,0.0215864564331158,0.0215864564331158,0.0501860469364869,0.0053389724882293,0.0055997924261254,0.0167859249932343,-0.0478571232572542,0.0003389724882293,0.0003389724882293,0.0018549527323936,0.0003389724882293,0.0003389724882293,-0.0140355991320099,-0.0478571232572542,0.0018389724882293,0.0033389724882293,0.0070616541787862,0.0033389724882293,-0.0174818835628319,0.0033389724882293
FM,2045,-0.0045485695854382,-0.0045485695854381,-0.0042222519709098,0.0149072559053187,0.0149072559053187,0.0211415305692228,0.0211415305692228,0.0211415305692228,0.0211415305692228,0.0211415305692228,0.0211415305692228,0.0211415305692228,0.0518275256070031,0.006910219813502,0.0072242606320618,0.0183614600935517,-0.0463613519063085,0.001910219813502,0.001910219813502,0.0039810583872678,0.001910219813502,0.001910219813502,-0.0124999459063783,-0.0463613519063085,0.003410219813502,0.005055599003959,0.0087104565739094,0.004910219813502,-0.0159432420819222,0.004910219813502
FM,2050,-0.005740369420366,-0.005740369420366,-0.0059083894245554,0.0132093251721907,0.0132093251721907,0.0203999778798624,0.0203999778798624,0.0203999778798624,0.0203999778798624,0.0203999778798624,0.0203999778798624,0.0203999778798624,0.0500462887919259,0.0052051939538073,0.005631611340918,0.0164635699917799,-0.0479844756453483,0.0002051939538073,0.0002051939538073,0.0023806239892223,0.0002051939538073,0.0002051939538073,-0.0142604528267841,-0.0479844756453483,0.0017051939538073,0.0038747526804751,0.0066110015245286,0.0032051939538073,-0.0171879123798804,0.0032051939538073
MN,2025,0.02385369200999,0.02385369200999,0.0686907027242196,0.0204916259809263,0.0204916259809263,0.0600189313879226,0.0600189313879226,0.0600189313879226,0.0600189313879226,0.0600189313879226,0.0600189313879226,0.0600189313879226,0.0205376135113473,0.0565703284156755,0.018691881974917,0.0306889932422229,0.0253344692763998,0.0155376135113473,0.0155376135113473,0.0303536633896634,0.0155376135113473,0.0155376135113473,0.0306889932422229,0.0253344692763998,0.0155376135113473,-0.0058099350018348,0.0564243452351103,0.0185376135113473,0.0283344692763998,0.0509986972402767
MN,2030,0.0135170850820801,0.0135170850820801,0.0582887763363992,0.0111148709396697,0.0111148709396697,0.0490253745038844,0.0490253745038844,0.0490253745038844,0.0490253745038844,0.0490253745038844,0.0490253745038844,0.0490253745038844,0.0126377146368021,0.0464898009397589,0.0092684814228484,0.0210938061764212,0.010693222997116,0.0076377146368024,0.0076377146368024,0.0165463398482722,0.0076377146368021,0.0076377146368021,0.0175906472123306,0.010693222997116,0.0091377146368022,0.0107717998849814,0.0346473877470255,0.0147973693155319,0.013693222997116,0.0436081464167122
MN,2035,0.0128898035282217,0.0128898035282217,0.0573456627305299,0.0082077336415382,0.0082077336415382,0.0416505193999121,0.0416505193999121,0.0416505193999121,0.0416505193999121,0.0416505193999121,0.0416505193999121,0.0416505193999121,0.0117353608481114,0.045557222118014,0.0128974420785368,0.0218440119828356,0.0097881410799322,0.0067353608481114,0.0067353608481114,0.0076248520218182,0.0067353608481116,0.0067353608481116,0.0175130331459293,0.0097881410799322,0.0082353608481114,0.012434689408006,0.0182033636821814,0.0097353608481115,0.0127881410799322,0.0426763547853598
MN,2040,0.0137073984366966,0.0137073984366966,0.0579641546611076,0.0089561176368576,0.0089561176368576,0.0359953583864869,0.0359953583864869,0.0359953583864869,0.0359953583864869,0.0359953583864869,0.0359953583864869,0.0359953583864869,0.0123271225758165,0.0461688053591922,0.0125879425137126,0.0237740750808215,0.0103816919085981,0.0073271225758165,0.0073271225758165,0.0088431028199809,0.0073271225758165,0.0073271225758165,0.0187749555369119,0.0103816919085981,0.0088271225758165,0.0195897991677065,0.0188000881359446,0.0103271225758165,0.0133816919085981,0.0432874217887247
MN,2045,0.0136740424879749,0.0136740424879749,0.0579270477191811,0.0090593289782638,0.0090593289782638,0.0300970170587735,0.0300970170587735,0.0300970170587735,0.0300970170587735,0.0300970170587735,0.0300970170587735,0.0300970170587735,0.0122916193348223,0.0461321129098788,0.0126056601533821,0.023742859614872,0.0103460813289918,0.0072916193348223,0.0072916193348223,0.0093624579085882,0.0072916193348223,0.0072916193348223,0.0187415355889549,0.0103460813289918,0.0087916193348223,-0.017952026702213,0.0187642871520399,0.0102916193348223,0.0133460813289918,0.0432507603115316
MN,2050,0.0123280699551455,0.0123280699551455,0.0565552292569211,0.0077729461166116,0.0077729461166116,0.0246804494495931,0.0246804494495931,0.0246804494495931,0.0246804494495931,0.0246804494495931,0.0246804494495931,0.0246804494495931,0.0109790886077578,0.0447756179582414,0.0114055059948685,0.0222374646457304,0.009029582366276,0.0059790886077578,0.0059790886077578,0.0081545186431728,0.0059790886077578,0.0059790886077578,0.0173303326038567,0.009029582366276,0.0074790886077578,0.0195165205248307,0.0174407490716155,0.0089790886077578,0.0128486619751855,0.0418954103781688
ME,2025,-0.0014619733688953,-0.0014619733688953,0.0156057014111825,0.0296015864388475,0.0296015864388475,0.013276477028876,0.013276477028876,0.013276477028876,0.013276477028876,0.013276477028876,0.013276477028876,0.013276477028876,0.0565384127262709,0.0151675703582401,-0.07,0.0303392339268072,-0.0313277763942376,-0.0033973776392556,-0.0696379538888911,0.0153716422172505,0.0498936684511245,-0.0033973776392556,0.0303392339268072,-0.0313277763942376,-0.0033973776392556,0.019143415212207,0.0140992030064047,-0.0003973776392556,-0.0199152164622169,-0.0003973776392556
ME,2030,-0.0305576534185964,-0.0305576534185964,0.0033957844438936,-0.022674922249854,-0.022674922249854,0.0138811080527163,0.0138811080527163,0.0138811080527163,0.0138811080527163,0.0138811080527163,0.0138811080527163,0.0138811080527163,-0.068,0.0213473615868557,-0.0535862030048508,-0.07,-0.0332597761274715,-0.0106393418017521,-0.0642632734863692,-0.0372985644648295,0.0252382172671653,-0.0106393418017521,-0.0501608433688737,-0.0332597761274715,0.0296803290991239,0.0051407616816522,0.0495980117514518,-0.0034796871230225,-0.0226440557949859,-0.0076393418017521
ME,2035,-0.0226806133649206,-0.0226806133649206,0.0051174793284161,0.0353780412861845,0.0353780412861845,0.0130150041384793,0.0130150041384793,0.0130150041384793,0.0130150041384793,0.0130150041384793,0.0130150041384793,0.0130150041384793,0.07,0.023099920530341,-0.0648408538856344,-0.07,-0.0315925064937328,-0.0089331809656845,-0.0607152597511665,0.0534392838949958,0.0270060622154267,-0.0089331809656845,-0.0493272617733094,-0.0315925064937328,0.0305334095171577,0.0101216795366512,0.0442595577126005,-0.0059331809656845,-0.0209636924904509,-0.0059331809656845
ME,2040,-0.0080164653717018,-0.0080164653717018,0.0042393846926944,0.0349458285391551,0.0349458285391551,0.011708769009979,0.011708769009979,0.011708769009979,0.011708769009979,0.011708769009979,0.011708769009979,0.011708769009979,0.07,0.0222060846823664,-0.07,-0.07,-0.032442843295479,-0.0098033529638112,-0.0615401034935854,0.053482236883941,0.0261044302364906,-0.0098033529638112,-0.049752403030382,-0.032442843295479,0.0300983235180943,0.0051920157629767,0.0451414667403918,-0.0068033529638112,-0.0218207072943168,-0.0068033529638112
ME,2045,0.0162133436759644,0.0162133436759644,0.0039976015455931,0.0348692334955094,0.0348692334955094,0.0099980567022996,0.0099980567022996,0.0099980567022996,0.0099980567022996,0.0099980567022996,0.0099980567022996,0.0099980567022996,0.07,0.0219599671962513,-0.07,-0.07,-0.0326769833296601,-0.010042954614553,-0.0617672240200021,0.0536637225090034,0.0258561660875872,-0.010042954614553,-0.0498694655734336,-0.0326769833296601,0.0299785226927234,-0.0080917545099596,0.0443492875532618,-0.007042954614553,-0.022056686114778,-0.007042954614553
ME,2050,0.0160064675431097,0.0160064675431097,0.003364102353266,0.0345265332302533,0.0345265332302533,0.0088088661899252,0.0088088661899252,0.0088088661899252,0.0088088661899252,0.0088088661899252,0.0088088661899252,0.0088088661899252,0.07,0.021315111545471,-0.07,-0.07,-0.0332904567016612,-0.0106707380396799,-0.0623623054877176,0.0535711850231901,0.025205685937503,-0.0106707380396799,-0.0501761826766068,-0.0332904567016612,0.02966463098016,-0.0064050786322087,0.044384610664818,-0.0076707380396799,-0.0218825644821002,-0.0076707380396799
MS,2025,0.0019949816440487,0.0019949816440487,0.0058345050741896,-0.0163525450645832,-0.0163525450645832,0.0237215050080043,0.0237215050080043,0.0237215050080043,0.0237215050080043,0.0237215050080043,0.0237215050080043,0.0237215050080043,0.0112963524651317,-0.0255075275339269,-0.0273532590703572,0.067,-0.0305075275339269,-0.0305075275339269,-0.0305075275339269,-0.0156914776556108,-0.0305075275339269,-0.0305075275339269,0.067,-0.0305075275339269,-0.0305075275339269,0.0231175444972061,0.07,-0.0275075275339269,-0.0275075275339269,-0.0275075275339269
MS,2030,0.0101666666666666,0.0101666666666666,0.0254893654039261,0.0096756604126374,0.0096756604126374,0.023037111170512,0.023037111170512,0.023037111170512,0.023037111170512,0.023037111170512,0.023037111170512,0.023037111170512,0.0387940164390798,0.002,-0.0013692332139538,0.067,-0.003,-0.003,-0.003,0.0059086252114699,-0.003,-0.003,0.0335,-0.003,-0.0015,0.0008506048437711,0.07,0.0041596546787296,0.0,0.0
MS,2035,0.0101666666666666,0.0101666666666666,0.0254893654039261,0.0076708769031966,0.0076708769031966,0.0216765925334854,0.0216765925334854,0.0216765925334854,0.0216765925334854,0.0216765925334854,0.0216765925334854,0.0216765925334854,0.0387940164390798,0.002,0.0031620812304254,0.067,-0.003,-0.003,-0.003,-0.0021105088262933,-0.003,-0.003,0.0335,-0.003,-0.0015,0.0040796548769231,0.07,0.0,0.0,0.0
MS,2040,0.0101666666666666,0.0101666666666666,0.0254893654039261,0.007827499170811,0.007827499170811,0.0215864564331158,0.0215864564331158,0.0215864564331158,0.0215864564331158,0.0215864564331158,0.0215864564331158,0.0215864564331158,0.0387940164390798,0.002,0.002260819937896,0.067,-0.003,-0.003,-0.003,-0.0014840197558356,-0.003,-0.003,0.0335,-0.003,-0.0015,0.0,0.07,0.0,0.0,0.0
MS,2045,0.0101666666666666,0.0101666666666666,0.0254893654039261,0.0079662137532114,0.0079662137532114,0.0211415305692228,0.0211415305692228,0.0211415305692228,0.0211415305692228,0.0211415305692228,0.0211415305692228,0.0211415305692228,0.0387940164390798,0.002,0.0023140408185598,0.067,-0.003,-0.003,-0.003,-0.0009291614262341,-0.003,-0.003,0.0335,-0.003,-0.0015,3.77056760909676e-07,0.07,0.0,0.0,0.0
MS,2050,0.0101666666666666,0.0101666666666666,0.0254893654039261,0.0079923616186237,0.0079923616186237,0.0203999778798624,0.0203999778798624,0.0203999778798624,0.0203999778798624,0.0203999778798624,0.0203999778798624,0.0203999778798624,0.0387940164390798,0.002,0.0024264173871106,0.067,-0.003,-0.003,-0.003,-0.0008245699645849,-0.003,-0.003,0.0335,-0.003,-0.0015,8.75081171054708e-05,0.07,0.0,0.000281316531645,0.0
MA,2025,0.0209232961667723,0.0209232961667723,0.0263295355360935,0.0346267326958179,0.0346267326958179,0.0398959670928313,0.0398959670928313,0.0398959670928313,0.0398959670928313,0.0398959670928313,0.0398959670928313,0.0398959670928313,0.0218211828920655,0.0047483524933442,0.0228047409996065,0.025816625996588,0.0290615537738498,0.0078917087298789,0.0078917087298789,0.0436424677448747,0.0651515714164524,0.0078917087298789,0.025816625996588,0.0290615537738498,0.0078917087298789,0.01815556289657,0.0275678708263548,-0.0167366755553657,0.0527888082779866,0.0322799989307318
MA,2030,0.0160520120545567,0.0160520120545567,0.0269959485851494,0.0281730722555317,0.0281730722555317,0.038357160765936,0.038357160765936,0.038357160765936,0.038357160765936,0.038357160765936,0.038357160765936,0.038357160765936,0.0183053271287121,0.0102035670773275,0.0202808340245526,0.0241834651197986,0.0159014452647725,0.0050044368020462,0.0050044368020462,0.0411876223040443,0.0481949027873242,0.0050044368020462,0.0215155657752488,0.0159014452647725,0.0065044368020462,-0.058944317382496,0.0267860278690318,-0.0129780801572815,0.0378119249329588,0.0250304011935948
MA,2035,0.0142905147558587,0.0142905147558587,0.0251823820657672,0.0242911907811445,0.0242911907811445,0.036155100616418,0.036155100616418,0.036155100616418,0.036155100616418,0.036155100616418,0.036155100616418,0.036155100616418,0.0165071372750891,0.0084197119933175,0.0194280813326832,0.0223660281395102,0.0140986619950111,0.0032209340472341,0.0032209340472341,0.0311017103967389,0.0463349814055159,0.0032209340472341,0.01970550322675,0.0140986619950111,0.0047209340472341,0.0420848185025446,0.0200159559013746,-0.0230290473708113,0.0359978545121323,0.0232167737158282
MA,2040,0.0129648172379793,0.0129648172379793,0.023809320954679,0.023160734681701,0.023160734681701,0.0343717721189258,0.0343717721189258,0.0343717721189258,0.0343717721189258,0.0343717721189258,0.0343717721189258,0.0343717721189258,0.0151457179215801,0.0070691455721281,0.0183149139622472,0.0209900366813434,0.0127337649410708,0.0018706343764033,0.0018706343764033,0.0306997616537612,0.0449268247750592,0.0018706343764033,0.0183350949911441,0.0127337649410708,0.0033706343764033,0.0413448542851617,0.018854728516245,-0.024340094985812,0.0346075956588383,0.0218436664528141
MA,2045,0.0118035182466533,0.0118035182466533,0.0226033303533788,0.0221806364167077,0.0221806364167077,0.0313614984989023,0.0313614984989023,0.0313614984989023,0.0313614984989023,0.0313614984989023,0.0313614984989023,0.0313614984989023,0.0139499525390336,0.0058829125652846,0.016944779621522,0.0197814722899861,0.0115349450156489,0.0006846356624278,0.0006846356624278,0.0303979484793347,0.0436900089860347,0.0006846356624278,0.0171314344703276,0.0115349450156489,0.0021846356624278,0.0609825502498132,0.0177404535295428,-0.0254916177321627,0.0333864998919368,0.0206376353152348
MA,2050,0.0106353486350603,0.0106353486350603,0.0213918644057928,0.0210095636292252,0.0210095636292252,0.0280010833579777,0.0280010833579777,0.0280010833579777,0.0280010833579777,0.0280010833579777,0.0280010833579777,0.0280010833579777,0.0127487582339573,0.0046912939140744,0.0158970501209847,0.0185674208670184,0.0103306822996957,-0.0005067476321957,-0.0005067476321957,0.0293486660145743,0.0424475779005649,-0.0005067476321957,0.0159223091820786,0.0103306822996957,0.0009932523678041,0.07,0.0161463802460381,-0.0266483685340103,0.0329756708666998,0.0194261286473298
MZ,2025,0.0528334333230223,0.0528334333230223,0.0053147193525211,0.0232497680041873,0.0232497680041873,0.0409486923960722,0.0409486923960722,0.0409486923960722,0.0409486923960722,0.0409486923960722,0.0409486923960722,0.0409486923960722,-0.068,-0.068,0.0501538044719445,0.067,0.0245002999690669,0.067,0.0269990720167495,0.067,0.0269990720167495,0.067,0.067,0.0245002999690669,0.067,0.0452035715774933,0.07,-0.0618267486272874,0.0277083874474699,0.0299990720167495
MZ,2030,0.0149118830231845,0.0149118830231845,0.0177979171841204,-0.0115344556679597,-0.0115344556679597,0.0387563866482767,0.0387563866482767,0.0387563866482767,0.0387563866482767,0.0387563866482767,0.0387563866482767,0.0387563866482767,-0.068,-0.068,0.0125618554501266,0.067,0.0237720926534089,-0.07,0.0248621773281608,0.067,0.0248621773281608,-0.07,0.0448966567030957,0.0237720926534089,-0.0210689113359195,0.0226810362046294,0.07,-0.00360186387628,0.0269837455881319,0.0278621773281608
MZ,2035,0.0365870251352147,0.0365870251352147,0.0160335350140063,0.0222692100591664,0.0222692100591664,0.0372841908896202,0.0372841908896202,0.0372841908896202,0.0372841908896202,0.0372841908896202,0.0372841908896202,0.0372841908896202,-0.068,-0.068,0.0497431861302757,0.067,0.0221452935821539,0.067,0.0230768402366657,0.067,0.0230768402366657,0.067,0.0440083903189274,0.0221452935821539,0.0465384201183328,0.0277005248722932,0.07,0.0270589581848098,0.025364911667604,0.0260768402366657
MZ,2040,0.0350590510479544,0.0350590510479544,0.0137064214243896,0.0216805220926306,0.0216805220926306,0.0397365400581861,0.0397365400581861,0.0397365400581861,0.0397365400581861,0.0397365400581861,0.0397365400581861,0.0397365400581861,-0.068,-0.068,0.0487704396171148,0.067,0.0199996437958327,0.067,0.0207220883705227,0.067,0.0207220883705227,0.067,0.0428368205712778,0.0199996437958327,0.0453610441852613,0.0185667888089766,0.07,0.0253685204895305,0.0232297674343396,0.0237220883705226
MZ,2045,0.0335157058075685,0.0335157058075685,0.0113558789792973,0.0210859073482403,0.0210859073482403,0.0425458765627277,0.0425458765627277,0.0425458765627277,0.0425458765627277,0.0425458765627277,0.0425458765627277,0.0425458765627277,-0.068,-0.068,0.0476880861934109,0.067,0.0178323920907361,0.067,0.0183436293929614,0.067,0.0183436293929611,0.067,0.0416534557232861,0.0178323920907361,0.0441718146964807,0.02173283390569,0.07,0.023661063848279,0.0210731270498417,0.0213436293929612
MZ,2050,0.0320575866698711,0.0320575866698711,0.0091349832142038,0.0205240892153935,0.0205240892153935,0.0444060143124169,0.0444060143124169,0.0444060143124169,0.0444060143124169,0.0444060143124169,0.0444060143124169,0.0444060143124169,-0.068,0.0210963568615742,0.0466340656990908,0.067,0.0157846774690363,0.067,0.0160963568615742,0.067,0.0160963568615742,0.067,0.0405353606278528,0.0157846774690363,0.0430481784307871,0.0191642955384885,0.07,0.0220477838024095,0.0198044725434909,0.0190963568615742
MM,2025,0.0117496449687869,0.0117496449687869,0.07,0.0130588461583277,0.0130588461583277,0.0161060408154445,0.0161060408154445,0.0161060408154445,0.0161060408154445,0.0161060408154445,0.0161060408154445,0.0161060408154445,0.0564548986597481,0.0093235549793548,-0.0525445920303605,-0.0304328819370794,0.0613582618640855,0.0043235549793548,0.0043235549793548,-0.0632824926507651,0.0308223690465404,0.0282406095777875,-0.0304328819370794,0.0613582618640855,0.0043235549793548,-0.0247887351736474,-0.0524276059128763,-0.07,0.0384285193792633,0.0073235549793548
MM,2030,0.0273729934324345,0.0273729934324345,0.07,0.0014094704495707,0.0014094704495707,0.008804505465974,0.008804505465974,0.008804505465974,0.008804505465974,0.008804505465974,0.008804505465974,0.008804505465974,0.0521744141489182,0.0075775222853982,-0.07,0.0105118198581168,0.036056527210905,0.0025775222853982,0.0025775222853982,0.0114911616282259,0.0119723060211388,-0.07,0.0247524115667515,0.036056527210905,-0.0157675868272068,-0.0694693426659046,-0.0087964001447771,-0.0617267278628725,0.018154583117708,0.0055775222853982
MM,2035,0.02633598710727,0.02633598710727,0.07,0.000110256938205,0.000110256938205,0.0027271449710351,0.0027271449710351,0.0027271449710351,0.0027271449710351,0.0027271449710351,0.0027271449710351,0.0027271449710351,0.0505252052955462,0.0059983490260222,-0.052223597761832,0.0118203145030065,0.0344247780454877,0.0009983490260222,0.0009983490260222,0.0095374433976616,0.0103783790596122,-0.07,0.0245908341859341,0.0344247780454877,-0.0173155950446586,-0.0029036990726151,-0.0191498917523567,-0.07,0.0167727214688769,0.0039983490260222
MM,2040,0.0254042950874857,0.0254042950874858,0.07,-0.0006463824444055,-0.0006463824444055,0.0019593441073244,0.0019593441073244,0.0019593441073244,0.0019593441073244,0.0019593441073244,0.0019593441073244,0.0019593441073244,0.0491026719362981,0.0046362252192635,-0.0432192339150332,0.0128214672297691,0.0330173046275605,-0.0003637747807364,-0.0003637747807364,0.0093082689129342,0.0090035293731455,-0.07,0.0243877168641182,0.0330173046275605,-0.0186508372883643,-0.0072326109991327,0.0197858444357912,-0.07,0.0155807897803531,0.0026362252192635
MM,2045,0.024289472177577,0.024289472177577,0.07,0.0111112777113032,0.0111112777113032,0.0021148150638685,0.0021148150638685,0.0021148150638685,0.0021148150638685,0.0021148150638685,0.0021148150638685,0.0021148150638685,0.0478546996775324,0.0034412495705111,-0.0515275431139789,0.0119878811400929,0.031782544283204,-0.0015587504294888,-0.0015587504294888,0.0091950132258379,0.0077973894555617,-0.020401991513719,0.0233535813913605,0.031782544283204,-0.0198222300490639,-0.0075387251534351,-0.0059800259707015,-0.07,0.0145351217319017,0.0014412495705111
MM,2050,0.0231883750215999,0.0231883750215999,0.07,0.0148125450283083,0.0148125450283083,0.0021065870758891,0.0021065870758891,0.0021065870758891,0.0021065870758891,0.0021065870758891,0.0021065870758891,0.0021065870758891,0.0466882991455801,0.002324381609237,-0.0513814910553084,0.0109206760775681,0.0306284920898362,-0.0026756183907629,-0.0026756183907629,0.0085674123982396,0.0066700869601764,-0.0026756183907629,0.0222429880405792,0.0306284920898362,-0.0209170565803491,-0.0085544620291736,-0.0212501545324539,-0.07,0.0142748957580893,0.000324381609237
NA,2025,0.0375314353663466,0.0375314353663466,0.0240463993743005,0.0265779828408894,0.0265779828408894,0.0172904242507268,0.0172904242507268,0.0172904242507268,0.0172904242507268,0.0172904242507268,0.0172904242507268,0.0172904242507268,0.0240514175743211,0.0239846658189279,0.0064550878621298,0.040458925539578,0.0468278347507595,0.0253075458087023,0.0253075458087025,0.0316454221718315,0.0253075458087025,0.0253075458087023,0.040458925539578,0.0468278347507595,0.0253075458087023,0.0063989128000271,0.0128689383052931,0.0283075458087024,0.0569855630398828,0.07
NA,2030,0.0287498398209485,0.0287498398209485,0.0223602288335906,0.0145106989644983,0.0145106989644983,0.0184315747782348,0.0184315747782348,0.0184315747782348,0.0184315747782348,0.0184315747782348,0.0184315747782348,0.0184315747782348,-0.0128351335536387,0.0164167484880393,0.0430293619911849,0.0292042066246325,0.0269303272175774,0.0157481150850135,0.0157481150850135,0.0393816992416052,0.0157481150850135,0.0157481150850135,0.0317329249173718,0.0269303272175774,0.0172481150850135,0.0131164902753917,0.0393525892476761,0.0229077697637431,0.0378259593067911,0.07
NA,2035,0.0269786748557004,0.0269786748557004,0.0203039343639168,0.0069907582717536,0.0069907582717536,0.0166795008133984,0.0166795008133984,0.0166795008133984,0.0166795008133984,0.0166795008133984,0.0166795008133984,0.0166795008133984,-0.0148205001029663,0.0143724316958757,0.0422558732584373,0.0288037205836545,0.0248547464803432,0.0136950694489302,0.0136950694489302,0.0153933942921203,0.0136950694489302,0.0136950694489302,0.0304905271572964,0.0248547464803432,0.0151950694489302,0.0073673655694659,0.0210120906892195,0.0166950694489302,0.0357344667923818,0.07
NA,2040,0.0256663449598686,0.0256663449598686,0.018756783954444,0.0056519187949988,0.0056519187949988,0.0160440903418366,0.0160440903418366,0.0160440903418366,0.0160440903418366,0.0160440903418366,0.0160440903418366,0.0160440903418366,-0.0163142845365906,0.0128342932586362,0.0420319680905501,0.0285973159580875,0.0232930851352076,0.0121503634530825,0.0121503634530825,0.0146212328104209,0.0121503634530825,0.0121503634530825,0.0296032104310063,0.0232930851352076,0.0136503634530826,0.0141181602754829,0.0197882445406158,0.0151503634530826,0.0341608334690421,0.07
NA,2045,0.0243206783432743,0.0243206783432743,0.0173988407128855,0.0044478318788554,0.0044478318788554,0.0154912217930893,0.0154912217930893,0.0154912217930893,0.0154912217930893,0.0154912217930893,0.0154912217930893,0.0154912217930893,-0.017625388139424,0.0114842598794366,0.0415953740943245,0.0272458059681493,0.0219224055579372,0.0107945656880997,0.0107945656880995,0.0138275842786465,0.0107945656880995,0.0107945656880995,0.0282392334881837,0.0219224055579372,0.0122945656880996,0.0110516378944308,0.0186311144120743,0.0137945656880995,0.0327796460143276,0.07
NA,2050,0.0230916295365282,0.0230916295365282,0.0161907656369846,0.003277326772341,0.003277326772341,0.0148175720378402,0.0148175720378402,0.0148175720378402,0.0148175720378402,0.0148175720378402,0.0148175720378402,0.0148175720378402,-0.0187917929905495,0.0102832217011594,0.0412786900596402,0.0258467753431842,0.0207029997803831,0.0095883993052116,0.0095883993052116,0.0127243014694905,0.0095883993052116,0.0095883993052116,0.0269274512145756,0.0207029997803831,0.0110883993052116,0.0053576946865763,0.0174745105389921,0.0125883993052116,0.0322721477875279,0.07
NR,2025,0.0137190550511084,0.0137190550511084,0.0693727658891067,0.0271558515403674,0.0271558515403674,0.0237215050080043,0.0237215050080043,0.0237215050080043,0.0237215050080043,0.0237215050080043,0.0237215050080043,0.0237215050080043,0.07,0.0129357854277178,0.0110900538912876,0.0252855942978894,0.0079357854277178,0.0079357854277178,0.0079357854277178,0.022751835306034,0.0079357854277178,0.0079357854277178,0.0252855942978894,0.0079357854277178,0.0079357854277178,0.0565540567724746,-0.0183419025361314,0.0109357854277178,0.0109357854277178,0.0109357854277178
NR,2030,0.0022608637605954,0.0022608637605954,0.0576253860736646,0.0174771563028674,0.0174771563028674,0.023037111170512,0.023037111170512,0.023037111170512,0.023037111170512,0.023037111170512,0.023037111170512,0.023037111170512,0.07,0.002,-0.0013692332139538,0.0195651825635728,-0.003,-0.003,-0.003,0.0059086252114699,-0.003,-0.003,0.0097825912817864,-0.003,-0.0015,-0.0656848581310024,-0.0232226740817013,0.0041596546787296,0.0,0.0
NR,2035,0.0184589189324393,0.0184589189324393,0.07,0.0275753963496234,0.0275753963496234,0.0216765925334854,0.0216765925334854,0.0216765925334854,0.0216765925334854,0.0216765925334854,0.0216765925334854,0.0216765925334854,0.07,0.0181373647415956,0.019299445972021,0.0360666898866576,0.0131373647415956,0.0131373647415956,0.0131373647415956,0.0140268559153022,0.0131373647415956,0.0131373647415956,0.0261020273141266,0.0131373647415956,0.0146373647415956,0.0201400405151471,-0.0074600621020373,0.0161373647415956,0.0161373647415956,0.0161373647415956
NR,2040,0.0172489998444788,0.0172489998444788,0.07,0.0268279792700863,0.0268279792700863,0.0215864564331158,0.0215864564331158,0.0215864564331158,0.0215864564331158,0.0215864564331158,0.0215864564331158,0.0215864564331158,0.07,0.0169319789453936,0.0171927988832898,0.0348341043399048,0.0119319789453936,0.0119319789453936,0.0119319789453936,0.013447959189558,0.0119319789453936,0.0119319789453936,0.0248830416426492,0.0119319789453936,0.0134319789453937,0.0149319789453938,-0.0086374556167513,0.0149319789453936,0.0149319789453937,0.0149319789453937
NR,2045,0.0162073320212296,0.0162073320212296,0.07,0.0261883701544398,0.0261883701544398,0.0211415305692228,0.0211415305692228,0.0211415305692228,0.0211415305692228,0.0211415305692228,0.0211415305692228,0.0211415305692228,0.07,0.0158942140146645,0.0162082548332243,0.0337729220540555,0.0108942140146645,0.0108942140146645,0.0108942140146645,0.0129650525884302,0.0108942140146645,0.0108942140146645,0.02383356803436,0.0108942140146645,0.0123942140146645,0.0139254109598634,-0.0096511208707209,0.0138942140146645,0.0138942140146645,0.0138942140146645
NR,2050,0.0153010907507869,0.0153010907507869,0.07,0.025537383677031,0.025537383677031,0.0203999778798624,0.0203999778798624,0.0203999778798624,0.0203999778798624,0.0203999778798624,0.0203999778798624,0.0203999778798624,0.07,0.0149913682242364,0.015417785611347,0.0328497033835398,0.0099913682242364,0.0099913682242364,0.0099913682242364,0.0121667982596514,0.0099913682242364,0.0099913682242364,0.0229205358038881,0.0099913682242364,0.0114913682242364,0.0132025899336509,-0.0105330001676117,0.0129913682242364,0.0132726847558814,0.0129913682242364
NP,2025,0.0262219277102634,0.0262219277102634,0.07,0.0404236056049563,0.0404236056049563,0.0108481172761443,0.0108481172761443,0.0108481172761443,0.0108481172761443,0.0108481172761443,0.0108481172761443,0.0108481172761443,0.07,0.07,0.0646966811979656,0.067,0.0059816464225986,0.0056841367081917,0.0056841367081917,0.067,0.0190102857116337,0.0056841367081917,0.067,0.0059816464225986,0.0056841367081917,-0.0642995306065598,0.0641341203158354,0.0086841367081917,0.009580925454723,0.0375860888771026
NP,2030,0.015479969870972,0.015479969870972,0.07,0.0384181319462847,0.0384181319462847,0.0134277817761536,0.0134277817761536,0.0134277817761536,0.0134277817761536,0.0134277817761536,0.0134277817761536,0.0134277817761536,0.07,0.07,0.0412537719575672,0.0646808290035573,0.0043194625277124,0.0019791943365871,0.0019791943365871,0.067,0.014693333448552,0.0019791943365871,0.0360001457656348,0.0043194625277124,0.0034791943365871,0.0081376407561288,0.0156322128651344,0.0091388490153167,0.007811439152497,0.0278399696700581
NP,2035,0.0187636096503993,0.0187636096503993,0.07,0.0401640945698422,0.0401640945698422,0.0135697255266504,0.0135697255266504,0.0135697255266504,0.0135697255266504,0.0135697255266504,0.0135697255266504,0.0135697255266504,0.07,0.07,0.0451559586903867,0.067,0.0077975186290254,0.005449169998314,0.005449169998314,0.067,0.0182072082810548,0.005449169998314,0.0388987593145127,0.0077975186290254,0.006949169998314,0.0143114829850218,0.0605924420511586,0.008449169998314,0.0112651868029874,0.0313888786415117
NP,2040,0.0175539471621525,0.0175539471621525,0.07,0.0394492559073202,0.0394492559073202,0.016468553115045,0.016468553115045,0.016468553115045,0.016468553115045,0.016468553115045,0.016468553115045,0.016468553115045,0.07,0.07,0.0447284397161851,0.0668579709193165,0.0063735196624422,0.0040284793560606,0.0040284793560606,0.067,0.0167685442732207,0.0040284793560604,0.0381157452908794,0.0063735196624422,0.0055284793560606,0.0095925309709832,0.0603923774839404,0.0070284793560606,0.0098407661182771,0.0299358708231676
NP,2045,0.0163380099951107,0.0163380099951107,0.07,0.0388446073923292,0.0388446073923292,0.0186168334653691,0.0186168334653691,0.0186168334653691,0.0186168334653691,0.0186168334653691,0.0186168334653691,0.0186168334653691,0.07,0.07,0.0433098824463333,0.0655813003384423,0.0051690256896962,0.00282678373978,0.00282678373978,0.067,0.0155516458295367,0.00282678373978,0.0368751630140692,0.0051690256896962,0.00432678373978,0.0086633047831197,0.0601969829702054,0.00582678373978,0.008635915433936,0.0287068396225704
NP,2050,0.0151850283302503,0.0151850283302503,0.07,0.038271262672309,0.038271262672309,0.0199454809059727,0.0199454809059727,0.0199454809059727,0.0199454809059727,0.0199454809059727,0.0199454809059727,0.0199454809059727,0.07,0.07,0.0423276334450744,0.0643707254034154,0.0040268906435526,0.0016873021739055,0.0016873021739055,0.067,0.0143977485153304,0.0016873021739055,0.035698808023484,0.0040268906435526,0.0031873021739055,0.0083264790794087,0.0598674872452606,0.0046873021739055,0.0083372389930565,0.0275414376871789
NC,2025,-0.0069938944382438,-0.0069938944382438,0.0114755306191007,0.0135493186577638,0.0135493186577638,0.0199427648174534,0.0199427648174534,0.0199427648174534,0.0199427648174534,0.0199427648174534,0.0199427648174534,0.0199427648174534,0.0026297072842498,0.0041915958547287,0.0116205356862856,-0.0224855996584474,0.002312320488987,-0.0008084041452712,-0.0008084041452712,0.053184375637348,-0.0008084041452712,-0.0008084041452712,-0.0224855996584474,0.002312320488987,-0.0008084041452712,0.0352721082789988,0.0176454037310646,0.0021915958547287,0.0032416578211509,0.0006822969939692
NC,2030,0.0027688685339681,0.0027688685339681,0.0184240267182957,0.0174396636406086,0.0174396636406086,0.0186087319833176,0.0186087319833176,0.0186087319833176,0.0186087319833176,0.0186087319833176,0.0186087319833176,0.0186087319833176,0.0065922267221512,0.0100331609972015,0.009352194606874,-0.0169337500178027,0.005989038120166,0.0050331609972017,0.0050331609972017,0.0531001058458802,0.0050331609972015,0.0050331609972017,-0.0048048048802378,0.005989038120166,0.0065331609972017,0.0083998537310957,-0.0034781982250616,0.0121928156759313,0.0074029200032898,0.0271363661013825
NC,2035,0.0018278140924746,0.0018278140924746,0.0174713395889523,0.0108136343395717,0.0108136343395717,0.0165879777087378,0.0165879777087378,0.0165879777087378,0.0165879777087378,0.0165879777087378,0.0165879777087378,0.0165879777087378,0.0056506294561688,0.0090883385675961,0.0087792439317591,-0.0178579830153943,0.0050433197536205,0.0040883385675961,0.0040883385675961,0.0294272307669257,0.0040883385675961,0.0040883385675961,-0.0057390003137467,0.0050433197536205,0.0055883385675961,0.0225971695342699,0.0015173501063966,0.0070883385675961,0.0064586882941587,0.0261736383712789
NC,2040,0.000973928667015,0.000973928667015,0.0166068765289297,0.0101519610814124,0.0101519610814124,0.0157671094810802,0.0157671094810802,0.0157671094810802,0.0157671094810802,0.0157671094810802,0.0157671094810802,0.0157671094810802,0.0047962292771501,0.0082310118928485,0.0089480220123081,-0.0186966269528037,0.0041851801106223,0.0032310118928485,0.0032310118928485,0.0293495912628026,0.0032310118928485,0.0032310118928485,-0.0065866841106999,0.0041851801106223,0.0047310118928485,0.0052003117054959,0.0046915651650309,0.0062310118928485,0.0056018976359198,0.0253000645253642
NC,2045,-0.0010042788618343,-0.0010042788618343,0.0146044839667927,0.008301627662261,0.008301627662261,0.0147586871896345,0.0147586871896345,0.0147586871896345,0.0147586871896345,0.0147586871896345,0.0147586871896345,0.0147586871896345,0.0028171457943799,0.0062451496435222,0.0067390303709212,-0.0206392135828281,0.0021974347483521,0.0012451496435222,0.0012451496435222,0.0278990655676198,0.0012451496435222,0.0012451496435222,-0.0085502101519616,0.0021974347483521,0.0027451496435222,0.0188719410753705,-0.0016006053224149,0.0042451496435222,0.0036172769844359,0.0232765682622719
NC,2050,-0.001679384932573,-0.001679384932573,0.01392096422802,0.0076469991713652,0.0076469991713652,0.0132646825562583,0.0132646825562583,0.0132646825562583,0.0132646825562583,0.0132646825562583,0.0132646825562583,0.0132646825562583,0.0021415826452093,0.0055672725521043,0.006229292026123,-0.0213023184759471,0.0015189148534739,0.0005672725521043,0.0005672725521043,0.0273118689360431,0.0005672725521043,0.0005672725521043,-0.009220462744872,0.0015189148534739,0.0020672725521043,-0.0033186162953904,0.0020118575046622,0.0035672725521043,0.003721651531215,0.022585844743163
NZ,2025,0.0097400256714312,0.0097400256714312,0.0108957805980156,0.0128398760369457,0.0128398760369457,0.017086311938318,0.017086311938318,0.017086311938318,0.017086311938318,0.017086311938318,0.017086311938318,0.017086311938318,0.0010361385606089,-0.0067286317710547,0.00390315131063,0.0347817635565712,-0.0101239527910027,0.0045622662487253,0.0122110729980761,0.057560968500454,0.0122110729980761,-0.0194486759113561,0.0347817635565712,-0.0101239527910027,0.0045622662487253,-0.015077778022223,0.0231991761298253,-0.0068684658208447,0.0018888090170847,0.0
NZ,2030,-0.006923895170288,-0.006923895170288,0.0013236531677976,0.0116465384170147,0.0116465384170147,0.0159081797880402,0.0159081797880402,0.0159081797880402,0.0159081797880402,0.0159081797880402,0.0159081797880402,0.0159081797880402,-0.0065674964315141,0.0017595962527838,-0.002664798428618,0.0287993892882364,-0.0216448166252512,0.0036054119358456,0.0030777539709948,0.0609908936290976,0.0030777539709948,-0.0109149975005192,0.0047863892198661,-0.0216448166252512,0.0217437558065244,0.0056016411391313,0.0283811234053992,0.005567546999591,-0.0041190874513409,-0.0090687327053208
NZ,2035,-0.0083509629131834,-0.0083509629131834,-0.0005143633671832,0.0067936801747,0.0067936801747,0.0170369750491088,0.0170369750491088,0.0170369750491088,0.0170369750491088,0.0170369750491088,0.0170369750491088,0.0170369750491088,-0.0083909990866347,-7.922209509914242e-05,-0.0041975109817657,0.0275517557804216,-0.0234369522363012,0.0017540023494974,0.0012273148851057,0.0470781051714878,0.0012273148851057,-0.0127397002711584,0.0032606235825237,-0.0234369522363012,0.0198617439712932,0.0067119711479581,0.0131737394592523,-0.0015575326165804,-0.0059475972478577,-0.0108913134563554
NZ,2040,-0.0085738615914265,-0.0085738615914265,-0.0012048826293219,0.0063060315842666,0.0063060315842666,0.0191775759357133,0.0191775759357133,0.0191775759357133,0.0191775759357133,0.0191775759357133,0.0191775759357133,0.0191775759357133,-0.0090760656700729,-0.0007700425880717,-0.0038787659586187,0.0273330465560262,-0.0241102346231799,0.0010584514895618,0.000532128629758,0.0471932811000015,0.000532128629758,-0.01342521772262,0.0028124183312686,-0.0241102346231799,0.0191546962385514,0.061586363764359,0.0124958410033632,-0.0022487142542356,-0.0066345449501628,-0.0115760336922404
NZ,2045,-0.0085516174807054,-0.0085516174807054,-0.001685359086877,0.0059854921219122,0.0059854921219122,0.0211292374126641,0.0211292374126641,0.0211292374126641,0.0211292374126641,0.0211292374126641,0.0211292374126641,0.0211292374126641,-0.0095527480499101,-0.0012507286477799,-0.0044795626426596,0.0268691959440328,-0.0245787173345526,0.0005744739504035,4.8404789417924414e-05,0.0473485255731588,4.8404789417924414e-05,-0.0139022138250174,0.0023447142952327,-0.0245787173345526,0.0186627189562696,0.0021979907307578,0.0120246065148045,-0.0027296516052942,-0.0071125362483448,-0.0120524750768521
NZ,2050,-0.009004501678959,-0.009004501678959,-0.0027671622276056,0.0049529805058586,0.0049529805058586,0.0214234032655813,0.0214234032655813,0.0214234032655813,0.0214234032655813,0.0214234032655813,0.0214234032655813,0.0214234032655813,-0.0106260087425604,-0.002333003712291,-0.0053432228914569,0.0256831296636346,-0.0256335162962308,-0.0005152119513106,-0.0010407099039179,0.0464548215407132,-0.0010407099039179,-0.0149761808708004,0.0012208202425736,-0.0256335162962308,0.0175550214598145,-0.0550117480798976,0.0109625046558781,-0.0038124924577182,-0.0079813156423587,-0.0131251931635373
NI,2025,0.0164393269020714,0.0164393269020714,0.0231606806584356,0.0123106872354183,0.0123106872354183,0.036111599494174,0.036111599494174,0.036111599494174,0.036111599494174,0.036111599494174,0.036111599494174,0.036111599494174,0.0180647321439724,0.0125618404932752,0.0160295114141179,0.0345736177871908,0.0046677092637475,0.0100766536552759,0.067,0.0307817757499654,-0.0096804126075405,0.0100766536552759,0.0345736177871908,0.0046677092637475,0.0100766536552759,-0.0134218975297835,0.0266966193254629,0.0130766536552759,0.0077549572637496,0.0130766536552759
NI,2030,0.0124671243459758,0.0124671243459759,0.0234042781894368,0.0172898409219948,0.0172898409219948,0.0409686218831781,0.0409686218831781,0.0409686218831781,0.0409686218831781,0.0409686218831781,0.0409686218831781,0.0409686218831781,0.0192857733334224,0.0350141197566755,0.0351277803611635,0.0435365311214747,0.0031549911298564,0.0092773981661898,0.0513752550715086,0.0496002197517671,-0.0090040275634001,0.0092773981661898,0.02485691899146,0.0031549911298564,0.0107773981661898,0.0101237401547848,0.0463668214181665,0.0164370528449195,0.0057362347831808,0.0122773981661898
NI,2035,0.0107468271808745,0.0107468271808745,0.0216698369578347,0.0123773650016062,0.0123773650016062,0.0413838975591747,0.0413838975591747,0.0413838975591747,0.0413838975591747,0.0413838975591747,0.0413838975591747,0.0413838975591747,0.0175583257132505,0.0332599639141828,0.0341244732871569,0.0417594129433792,0.0014464446323897,0.0075584552415423,0.0495848259975096,0.0350846059468194,-0.0106919268951872,0.0075584552415423,0.0231140677065658,0.0014464446323897,0.0090584552415423,0.0113835232158062,0.0380462987682526,0.0105584552415423,0.0040283993736636,0.0105584552415423
NI,2040,0.0092039470481123,0.0092039470481123,0.0201140735743996,0.0110634082786021,0.0110634082786021,0.0411341246710617,0.0411341246710617,0.0411341246710617,0.0411341246710617,0.0411341246710617,0.0411341246710617,0.0411341246710617,0.0160088354766843,0.0316865168703368,0.033638833264134,0.0401653690869819,-8.609162840876464e-05,0.0060165935677912,0.0479788425008008,0.0344341470802085,-0.0122059430102753,0.0060165935677912,0.0215507606527394,-8.609162840876464e-05,0.0075165935677912,0.0063908071467899,0.0366111130299868,0.0090165935677912,0.0024965009462915,0.0090165935677912
NI,2045,0.0077219242845489,0.007721924284549,0.0186195720830599,0.0097815490807442,0.0097815490807442,0.0394274278916979,0.0394274278916979,0.0394274278916979,0.0394274278916979,0.0394274278916979,0.0394274278916979,0.0394274278916979,0.0145203601121006,0.030175028054872,0.0322781796487832,0.0386340945075617,-0.0015582806204384,0.0045354463731753,0.0464360984328698,0.0337307309691839,-0.0136603411314829,0.0045354463731753,0.0200490125410137,-0.0015582806204384,0.0060354463731753,0.0051362035505198,0.0351671489285767,0.0075354463731753,0.0010249246714769,0.0075354463731753
NI,2050,0.0063440062090516,0.0063440062090516,0.0172298953322413,0.0084391977357366,0.0084391977357366,0.0375284923735657,0.0375284923735657,0.0375284923735657,0.0375284923735657,0.0375284923735657,0.0375284923735657,0.0375284923735657,0.0131362868138704,0.0287695554754563,0.0311470158079443,0.0372102239430484,-0.0029272098767087,0.0031581872450813,0.0450015628528851,0.0324750442574379,-0.015012727373443,0.0031581872450813,0.0186525974497311,-0.0029272098767087,0.0046581872450813,0.0044223176246208,0.0335700046621249,0.0061581872450813,0.0004663147168561,0.0061581872450813
NE,2025,0.0360083364052374,0.0360083364052374,0.0475881878155965,0.0130413616867871,0.0130413616867871,0.0215240565515038,0.0215240565515038,0.0215240565515038,0.0215240565515038,0.0215240565515038,0.0215240565515038,0.0215240565515038,0.07,0.0674436077884357,0.034938471332017,0.067,0.0092408063472649,0.0317842028684473,0.0317842028684473,-0.0631326462682303,0.0135138901469317,0.0317842028684473,0.067,0.0092408063472649,0.0317842028684473,0.07,0.0485111491033977,0.0347842028684473,0.0129537163328831,0.0347842028684473
NE,2030,0.0210174561383435,0.0210174561383435,0.0448376524621101,0.0094457259817056,0.0094457259817056,0.0262834899741495,0.0262834899741495,0.0262834899741495,0.0262834899741495,0.0262834899741495,0.0262834899741495,0.0262834899741495,0.07,0.0384191969506584,0.0298981663610263,0.067,0.0050246743004658,0.0282673995749801,0.0282673995749801,-0.07,0.0095155043518423,0.0282673995749801,0.0373858781722398,0.0050246743004658,0.0297673995749801,0.0319832845430648,0.022459918299806,0.0354270542537098,0.0087701981492593,0.0312673995749801
NE,2035,0.018722817692966,0.018722817692966,0.0419428953256819,0.0273318462596462,0.0273318462596462,0.029041321189464,0.029041321189464,0.029041321189464,0.029041321189464,0.029041321189464,0.029041321189464,0.029041321189464,0.07,0.0355422564608125,0.0315668409137244,0.067,0.0022265526439093,0.025404759683299,0.025404759683299,0.0072177085144011,0.0067049168408847,0.025404759683299,0.0359871683746595,0.0022265526439093,0.026904759683299,0.032238208242581,0.0326855368310031,0.028404759683299,0.0059700070330159,0.028404759683299
NE,2040,0.0164363827627174,0.0164363827627174,0.0390518942187734,0.0254838981782123,0.0254838981782123,0.0337576717978476,0.0337576717978476,0.0337576717978476,0.0337576717978476,0.0337576717978476,0.0337576717978476,0.0337576717978476,0.07,0.0326690488828818,0.027806654085997,0.067,-0.0005679383704048,0.0225458341481009,0.0225458341481009,0.0054917824177794,0.0038979761469689,0.0225458341481009,0.0345902734427281,-0.0005679383704048,0.0240458341481009,0.0255458341481009,0.0314210269898256,0.0255458341481009,0.0031734492441976,0.0255458341481009
NE,2045,0.0144541615650447,0.0144541615650447,0.036529631072756,0.0239068043038512,0.0239068043038512,0.0379416340700631,0.0379416340700631,0.0379416340700631,0.0379416340700631,0.0379416340700631,0.0379416340700631,0.0379416340700631,0.07,0.0301623097580319,0.0253655962555921,0.067,-0.0030060009780036,0.0200515554370323,0.0200515554370323,0.0041266100017196,0.0014490517766528,0.0200515554370323,0.0333715479994037,-0.0030060009780036,0.0215515554370323,0.0231505053650024,0.0303178013416042,0.0230515554370323,0.0007335834725839,0.0230515554370323
NE,2050,0.012851403921538,0.012851403921538,0.0344682963034019,0.0224485260450834,0.0224485260450834,0.0415277332169763,0.0415277332169763,0.0415277332169763,0.0415277332169763,0.0415277332169763,0.0415277332169763,0.0415277332169763,0.07,0.0281136620886111,0.0234395085030411,0.067,-0.0049985223494719,0.0180130911159305,0.0180130911159305,0.0023333595003132,-0.0005523464359099,0.0180130911159305,0.0323755372799875,-0.0049985223494719,0.0195130911159305,0.0214962789262318,0.0294161835263841,0.0210130911159305,-0.0004218471065175,0.0210130911159305
NG,2025,0.0049128436344345,0.0049128436344345,0.0259094357576141,0.021664803360548,0.021664803360548,0.0450246064883237,0.0450246064883237,0.0450246064883237,0.0450246064883237,0.0450246064883237,0.0450246064883237,0.0450246064883237,0.0282752928925731,0.0247762517590148,0.0175511898900336,0.067,0.0177385309033037,-0.07,0.0197762517590148,0.0345923016373309,0.0040153671532731,0.0197762517590148,0.067,0.0177385309033037,-0.07,0.07,0.055932019465328,-0.023723197757243,0.0144397924477542,0.0227762517590148
NG,2030,-0.0127937898672895,-0.0127937898672895,0.0245113598564128,0.020934889104094,0.020934889104094,0.045836202318076,0.045836202318076,0.045836202318076,0.045836202318076,0.045836202318076,0.045836202318076,0.045836202318076,0.0264087300347857,0.0222434142853378,0.0100990874921974,-0.07,0.0135036806523192,-0.07,0.0172434142853378,0.0261520394968077,0.0139353725994447,0.0172434142853378,-0.0268394369444919,0.0135036806523192,-0.024878292857331,0.0630015809294958,-0.0288313343502603,-0.0013102937771764,-0.0086788086800741,0.0202434142853378
NG,2035,0.0090482798152866,0.0090482798152866,0.0230122483686989,0.0174340049447947,0.0174340049447947,0.0451534865912284,0.0451534865912284,0.0451534865912284,0.0451534865912284,0.0451534865912284,0.0451534865912284,0.0451534865912284,0.0249068367985823,0.0207476278494449,0.0089896953612758,0.067,0.0120133770676397,-0.07,0.0157476278494449,0.0166371190231515,0.0124444361080001,0.0157476278494449,0.0409155450854518,0.0120133770676397,-0.0256261860752775,0.0226094444255014,0.053172930130305,-0.0110809586455302,-0.0030575072469906,0.0187476278494449
NG,2040,0.0218982087529416,0.0218982087529416,0.0212709269463604,0.0158528030859688,0.0158528030859688,0.0464673499198129,0.0464673499198129,0.0464673499198129,0.0464673499198129,0.0464673499198129,0.0464673499198129,0.0464673499198129,0.0231622841834497,0.0190101687042043,0.0082941809664929,0.067,0.0102822866323664,0.0140101687042043,0.0140101687042045,0.0155261489483687,0.0107126105078524,0.0140101687042045,0.0400501553116301,0.0102822866323664,0.0155101687042043,0.0170101687042043,0.0531379632771672,-0.0127617384062029,-0.0047577780539707,0.0170101687042043
NG,2045,0.020287211770909,0.020287211770909,0.0193249400174171,0.014049439088578,0.014049439088578,0.0475678790425009,0.0475678790425009,0.0475678790425009,0.0475678790425009,0.0475678790425009,0.0475678790425009,0.0475678790425009,0.021212686284779,0.0170684980035302,0.0061514862148158,0.067,0.0083477331854003,0.0120684980035302,0.0120684980035302,0.0141393365772961,0.0087772354887069,0.0120684980035302,0.0390830523019879,0.0083477331854003,0.0135684980035302,0.0151560903152915,0.0526087901909008,-0.0146465687315121,-0.0066578895001412,0.0150684980035302
NG,2050,0.0187400664837345,0.0187400664837345,0.0174559298319461,0.0122103305164325,0.0122103305164325,0.0482258386402176,0.0482258386402176,0.0482258386402176,0.0482258386402176,0.0482258386402176,0.0482258386402176,0.0482258386402176,0.0193402079674824,0.0152036333107536,0.0044707235578865,0.067,0.0064897042115463,0.0102036333107539,0.0102036333107539,0.0123790633461687,0.0069184174413249,0.0102036333107539,0.0381542046573624,0.0064897042115463,0.0117036333107539,0.0136412307061484,0.0504891330089095,-0.0164568414643303,-0.0079031859675244,0.0132036333107538
NU,2025,-0.0101759010338593,-0.0101759010338593,0.0128082144932806,0.00508996646993,0.00508996646993,0.0237215050080043,0.0237215050080043,0.0237215050080043,0.0237215050080043,0.0237215050080043,0.0237215050080043,0.0237215050080043,0.0116304986114745,0.002,0.0460872501737219,0.010167949072335,-0.037695652173913,-0.003,-0.003,0.0147293672682457,-0.003,-0.003,0.010167949072335,-0.037695652173913,-0.003,0.0184894749157513,0.031093241807254,0.0,-0.034695652173913,0.0
NU,2030,-0.0145017235587849,-0.0145017235587849,0.0117895052716607,0.007576859789433,0.007576859789433,0.023037111170512,0.023037111170512,0.023037111170512,0.023037111170512,0.023037111170512,0.023037111170512,0.023037111170512,0.009244791632764,0.002,0.0444836507550715,-0.0004650115381031,-0.0360380593794623,-0.003,-0.003,0.027062647524968,-0.003,-0.003,-0.0341242315169479,-0.0360380593794623,-0.0015,0.0006723849331296,0.0315014063739494,0.0041596546787296,-0.0330380593794623,0.0
NU,2035,-0.01245281163502,-0.01245281163502,0.0117895052716607,0.0058216488582547,0.0058216488582547,0.0216765925334854,0.0216765925334854,0.0216765925334854,0.0216765925334854,0.0216765925334854,0.0216765925334854,0.0216765925334854,0.009244791632764,0.002,0.0446003155685298,-0.0004650115381031,-0.035453461465434,-0.003,-0.003,0.0200418038002548,-0.003,-0.003,-0.0337333666325685,-0.035453461465434,-0.0015,-0.0109460496095582,0.0285444071073838,0.0,-0.032453461465434,0.0
NU,2040,-0.0221439830163784,-0.0221439830163784,0.0117895052716607,0.0060729844097414,0.0060729844097414,0.0215864564331158,0.0215864564331158,0.0215864564331158,0.0215864564331158,0.0215864564331158,0.0215864564331158,0.0215864564331158,0.009244791632764,0.002,0.0449199018660209,-0.0004650115381031,-0.0358861754952111,-0.003,-0.003,0.0210471460062017,-0.003,-0.003,-0.0340226812455009,-0.0358861754952111,-0.0015,0.0,0.0285444071073838,0.0,-0.0328861754952111,0.0
NU,2045,-0.0193646991227956,-0.0193646991227956,0.0117895052716607,0.0063103990919889,0.0063103990919889,0.0211415305692228,0.0211415305692228,0.0211415305692228,0.0211415305692228,0.0211415305692228,0.0211415305692228,0.0211415305692228,0.009244791632764,0.002,0.0448532954301978,-0.0004650115381031,-0.0362136819376598,-0.003,-0.003,0.0219968047351918,-0.003,-0.003,-0.0342416535762079,-0.0362136819376598,-0.0015,0.0001307783669539,0.0285444071073838,0.0,-0.0332136819376598,0.0
NU,2050,-0.01488528497518,-0.01488528497518,0.0117895052716607,0.0063555146027305,0.0063555146027305,0.0203999778798624,0.0203999778798624,0.0203999778798624,0.0203999778798624,0.0203999778798624,0.0203999778798624,0.0203999778798624,0.009244791632764,0.002,0.0449063777991077,-0.0004650115381031,-0.0368948506563451,-0.003,-0.003,0.022177266778158,-0.003,-0.003,-0.0346970861497474,-0.0368948506563451,-0.0015,0.0006109498082782,0.0285444071073838,0.0,-0.0332637231331763,0.0
MK,2025,0.00595412069334,0.00595412069334,0.0072904035170173,0.0042188772452052,0.0042188772452052,0.0243844602153675,0.0243844602153675,0.0243844602153675,0.0243844602153675,0.0243844602153675,0.0243844602153675,0.0243844602153675,0.0587155078361401,0.0200907729116326,-0.0170531590096925,-0.0256492911964306,-0.0234883467235493,0.067,0.0007643379114282,-0.0073890443790297,0.0355490455237107,-0.07,-0.0256492911964306,-0.0234883467235493,0.067,-0.0188310100617924,-0.0195572131191811,0.0352917932005287,-0.0180919896639029,0.0236538258447396
MK,2030,-0.0254466059004138,-0.0254466059004138,0.0126220240545293,0.0087617083205259,0.0087617083205259,0.0243412379119614,0.0243412379119614,0.0243412379119614,0.0243412379119614,0.0243412379119614,0.0243412379119614,0.0243412379119614,0.0495974124334419,0.0226324352833569,-0.010064952482233,-0.0363192214921546,-0.013806402896002,-0.07,0.0093507648641629,-0.0115505791513383,0.067,-0.07,-0.0235628121940783,-0.013806402896002,-0.047406711126099,0.0277226089431192,-0.0023503047967328,0.0409772738123495,-0.0081456659722563,0.030238680660779
MK,2035,0.0042513674338064,0.0042513674338064,0.0116285339259298,0.0080573014683881,0.0080573014683881,0.0241691648357444,0.0241691648357444,0.0241691648357444,0.0241691648357444,0.0241691648357444,0.0241691648357444,0.0241691648357444,0.0485675737170607,0.0216291044383447,0.0109920910285363,0.0087489450878438,-0.0147788278487591,0.067,0.0083555753000786,-0.0133383678435079,0.067,-0.07,-0.0015149413804576,-0.0147788278487591,0.0206139611848762,-0.038939143399488,-0.0097956586810174,0.0360072918016908,-0.00912070655757,0.029225906413854
MK,2040,-0.0033626028578972,-0.0033626028578972,0.0109068378559131,0.0078561923771445,0.0078561923771445,0.0223081003607477,0.0223081003607477,0.0223081003607477,0.0223081003607477,0.0223081003607477,0.0223081003607477,0.0223081003607477,0.0478194731240422,0.0209002598258749,-0.0064803924018318,-0.0341179933831126,-0.0154852216483437,0.067,0.0076326447176343,-0.0133947036154642,0.067,-0.07,-0.0233016075157281,-0.0154852216483437,0.0202657655667607,0.0330638205592224,-0.0113010309375105,0.0356232683925834,-0.0098290004180434,0.0284902018781174
MK,2045,0.0058539617521042,0.0058539617521042,0.0103665718922905,0.0269783790364556,0.0269783790364556,0.0193517810702879,0.0193517810702879,0.0193517810702879,0.0193517810702879,0.0193517810702879,0.0193517810702879,0.0193517810702879,0.0472594405777038,0.0203546424209219,0.0303647857371955,0.023288565020071,-0.0160140322414521,0.067,0.0070914545906776,-0.0132715501290463,0.067,0.0069256256971649,0.0051372663893095,-0.0160140322414521,0.0200051042593686,-0.04322030981883,-0.0090061816291447,0.0353357861881006,-0.0103592334080162,0.0279394490938713
MK,2050,-0.0041280861641795,-0.0041280861641795,0.0099044563551551,0.0075452535777438,0.0075452535777438,0.0167195030138533,0.0167195030138533,0.0167195030138533,0.0167195030138533,0.0167195030138533,0.0167195030138533,0.0167195030138533,0.0467804177289774,0.0198879495379027,-0.0075082856408561,-0.0348019606965291,-0.016466349447664,0.067,0.0066285485720677,-0.0135994034180019,0.067,-0.07,-0.0241341550720966,-0.016466349447664,0.0197821480707754,0.0326373855590143,-0.0126078318996509,0.0350898887925833,-0.0099919993570862,0.0274683636732498
MP,2025,-0.0127616805621321,-0.0127616805621321,-0.02836054252034,-0.0132544431342939,-0.0132544431342939,0.0237215050080043,0.0237215050080043,0.0237215050080043,0.0237215050080043,0.0237215050080043,0.0237215050080043,0.0237215050080043,-0.0132084556038729,-0.0132084556038729,-0.0150541871403032,-0.0018681304786504,-0.0182084556038729,-0.0182084556038729,-0.0182084556038729,-0.0033924057255568,-0.0182084556038729,-0.0182084556038729,-0.0018681304786504,-0.0182084556038729,-0.0182084556038729,-0.0618161595493095,0.0004843138818012,-0.0152084556038729,-0.0152084556038729,-0.0152084556038729
MP,2030,-0.0082535977272142,-0.0082535977272142,-0.0141169579714154,-0.0087836985080621,-0.0087836985080621,0.023037111170512,0.023037111170512,0.023037111170512,0.023037111170512,0.023037111170512,0.023037111170512,0.023037111170512,-0.0072608548109296,-0.0072608548109296,-0.0106300880248834,0.0027826876913624,-0.0122608548109296,-0.0122608548109296,-0.0122608548109296,-0.0033522295994597,-0.0122608548109296,-0.0122608548109296,-0.0032390835597835,-0.0122608548109296,-0.0107608548109296,-0.0178463258452175,0.0087526198612754,-0.0051012001322,-0.0092608548109296,-0.0092608548109296
MP,2035,0.0010306934684981,0.0010306934684981,-0.0049201900356701,-0.0015276272065733,-0.0015276272065733,0.0216765925334854,0.0216765925334854,0.0216765925334854,0.0216765925334854,0.0216765925334854,0.0216765925334854,0.0216765925334854,0.002,0.002,0.0031620812304254,0.0121841608109886,-0.003,-0.003,-0.003,-0.0021105088262933,-0.003,-0.003,0.0060920804054943,-0.003,-0.0015,-0.0067437226143194,0.0146588032322529,0.0,0.0,0.0
MP,2040,0.0010306934684981,0.0010306934684981,-0.0049201900356701,-0.0013710049389589,-0.0013710049389589,0.0215864564331158,0.0215864564331158,0.0215864564331158,0.0215864564331158,0.0215864564331158,0.0215864564331158,0.0215864564331158,0.002,0.002,0.002260819937896,0.0121841608109886,-0.003,-0.003,-0.003,-0.0014840197558356,-0.003,-0.003,0.0060920804054943,-0.003,-0.0015,-0.00917825872481,0.0154995530880246,0.0,0.0,0.0
MP,2045,0.0057598217917906,0.0057598217917906,-0.0002356433308265,0.0034849002033942,0.0034849002033942,0.0211415305692228,0.0211415305692228,0.0211415305692228,0.0211415305692228,0.0211415305692228,0.0211415305692228,0.0211415305692228,0.0067171905599527,0.0067171905599527,0.0070312313785125,0.0169729779509798,0.0017171905599527,0.0017171905599527,0.0017171905599527,0.0037880291337186,0.0017171905599527,0.0017171905599527,0.0108450842554663,0.0017171905599527,0.0032171905599527,-0.0267929791120656,0.020098205346046,0.0047171905599527,0.0047171905599527,0.0047171905599527
MP,2050,0.0010306934684981,0.0010306934684981,-0.0049201900356701,-0.0012061424911462,-0.0012061424911462,0.0203999778798624,0.0203999778798624,0.0203999778798624,0.0203999778798624,0.0203999778798624,0.0203999778798624,0.0203999778798624,0.002,0.002,0.0024264173871106,0.0121841608109886,-0.003,-0.003,-0.003,-0.0008245699645849,-0.003,-0.003,0.0060920804054943,-0.003,-0.0015,-0.0091269532594841,0.0146639617052707,0.0,0.000281316531645,0.0
NO,2025,-0.0096533058217396,-0.0096533058217396,0.0135783094803461,0.0016291767414454,0.0016291767414454,0.0086862397496476,0.0086862397496476,0.0086862397496476,0.0086862397496476,0.0086862397496476,0.0086862397496476,0.0086862397496476,0.0126400237890464,0.0309899265096793,0.0358003705872486,0.0212462570749412,0.0197938254598399,-0.07,0.0046097323198236,0.0249149254319617,0.0389617577447737,-0.07,0.0212462570749412,0.0197938254598399,-0.07,0.07,0.0101286675669479,-0.0064581383235614,0.0276056199292185,0.0482442867718737
NO,2030,-0.0187077855270033,-0.0187077855270033,0.0062739890165455,-0.012876002761311,-0.012876002761311,0.0098969755326772,0.0098969755326772,0.0098969755326772,0.0098969755326772,0.0098969755326772,0.0098969755326772,0.0098969755326772,0.0009671787830247,0.017997991016486,0.0359434099854494,-0.0617751679065231,0.0025863379859961,-0.07,0.0011411483179669,0.0279413974910412,-0.0104125873193101,-0.07,-0.0280622958139826,0.0025863379859961,-0.07,0.07,0.0140583334532277,-0.0059955166608538,0.0078733984854037,0.0364670246929592
NO,2035,-0.0144779889125391,-0.0144779889125391,0.0047063118736234,-0.0190949581851569,-0.0190949581851569,0.0099846229732063,0.0099846229732063,0.0099846229732063,0.0099846229732063,0.0099846229732063,0.0099846229732063,0.0099846229732063,-0.0005922144003445,0.0164120126428639,0.0347487301673548,-0.0301267965547894,0.0010166122592161,-0.07,-0.0004263214599041,0.0061744033129134,-0.0119620216531968,-0.07,-0.0130230231396672,0.0010166122592161,-0.035,0.0061339134047995,-0.0036696975899756,-0.0144342279623008,0.0063001026447816,0.034849094046767
NO,2040,-0.0147951601121087,-0.0147951601121087,0.0040235656458318,-0.0194068548863599,-0.0194068548863599,0.0095792755405363,0.0095792755405363,0.0095792755405363,0.0095792755405363,0.0095792755405363,0.0095792755405363,0.0095792755405363,-0.0012713528431009,0.015721295962559,0.035060305087118,-0.0292951390772586,0.0003329738433183,-0.07,-0.0011089773771958,0.0062807561696219,-0.0126368228719605,-0.07,-0.0129490354447503,0.0003329738433183,-0.035,0.0018910226228041,-0.0043062607332676,-0.015013201689179,0.0056149093923097,0.0341444616863965
NO,2045,-0.0153587629793584,-0.0153587629793584,0.0032581097889809,-0.0198270972278537,-0.0198270972278537,0.010063620984638,0.010063620984638,0.010063620984638,0.010063620984638,0.010063620984638,0.010063620984638,0.010063620984638,-0.002032763858585,0.0149469040921355,0.0341066955360921,-0.0296107848874994,-0.0004334822835941,-0.07,-0.0018743319831012,0.0061177461881835,-0.0133933712410135,-0.07,-0.0134901108944834,-0.0004334822835941,-0.035,0.0013340036770719,-0.0050221473684849,-0.0156623137782127,0.0048467100719325,0.0333544683547352
NO,2050,-0.0157898416773499,-0.0157898416773499,0.0027096387847345,-0.020197815528608,-0.020197815528608,0.0123499173392873,0.0123499173392873,0.0123499173392873,0.0123499173392873,0.0123499173392873,0.0123499173392873,0.0123499173392873,-0.0025783366183583,0.0143920301787017,0.0337267654135153,-0.0300004009218316,-0.0009826700099353,-0.07,-0.0024227304381508,0.0057225342795322,-0.013935459775606,-0.07,-0.0139595303162685,-0.0009826700099353,-0.035,0.0014995407875698,-0.0055537705369991,-0.0161274211467884,0.0049078073994431,0.032788415548311
OM,2025,0.0230686170519789,0.0230686170519789,0.0329553997119655,0.0429875484773497,0.0429875484773497,0.0279361335295071,0.0279361335295071,0.0279361335295071,0.0279361335295071,0.0279361335295071,0.0279361335295071,0.0279361335295071,0.0479783781946332,0.0405273540561179,0.0242321513817946,0.017922214071126,0.030205754166586,0.0210778829182248,0.0210778829182248,0.0358939327965409,0.0210778829182248,0.067,0.017922214071126,0.030205754166586,0.0210778829182248,0.0693293790170548,0.0046605804448185,0.0413897199743605,0.033205754166586,0.0240778829182248
OM,2030,0.0258108667274801,0.0258108667274801,0.0475905362857771,0.0437985812237338,0.0437985812237338,0.0261007331709597,0.0261007331709597,0.0261007331709597,0.0261007331709597,0.0261007331709597,0.0261007331709597,0.0261007331709597,0.0576637696509465,0.0533638220581236,0.0224417318023056,0.0300386638743227,0.0245444128456086,0.0208109650162594,0.0208109650162594,0.0297195902277293,0.0208109650162594,0.067,0.0433544952579246,0.0245444128456086,0.0223109650162594,0.024848666369625,0.047621189929717,-0.06150106593617,0.0275444128456086,0.0238109650162594
OM,2035,0.0151659832090975,0.0151659832090975,0.0365471629124325,0.0317274927883702,0.0317274927883702,0.0241775367046643,0.0241775367046643,0.0241775367046643,0.0241775367046643,0.0241775367046643,0.0241775367046643,0.0241775367046643,0.0465140042691933,0.0422594720900579,0.0161597054999694,0.0191278615302324,0.0136916399723403,0.0099976242695439,0.0099976242695439,0.0108871154432506,0.0099976242695439,0.0595112271714931,0.0323188958415989,0.0136916399723403,0.0114976242695439,0.0171050559917851,0.0449225611118427,0.0152222838295741,0.0166916399723403,0.0129976242695439
OM,2040,0.0148096583216603,0.0148096583216603,0.0359471126601054,0.031284814204658,0.031284814204658,0.0214822133961105,0.0214822133961105,0.0214822133961105,0.0214822133961105,0.0214822133961105,0.0214822133961105,0.0214822133961105,0.0459081731246215,0.0416561086271918,0.014670892956187,0.0185350146275403,0.0131019461459257,0.009410073018291,0.009410073018291,0.0109260532624553,0.009410073018291,0.0588949574132643,0.0317192679932525,0.0131019461459257,0.010910073018291,0.0127386509763026,0.0443877669348242,0.0150059465059462,0.0161019461459257,0.012410073018291
OM,2045,0.0150124388994137,0.0150124388994137,0.0358848134089788,0.0313613073412838,0.0313613073412838,0.017209145269653,0.017209145269653,0.017209145269653,0.017209145269653,0.017209145269653,0.017209145269653,0.017209145269653,0.0458452736816672,0.0415934653873166,0.0146631122743823,0.0184734632525894,0.0130407221340415,0.0093490714558225,0.0093490714558225,0.0114199100295883,0.0093490714558225,0.0588309741980573,0.0316570125975391,0.0130407221340415,0.0108490714558225,0.012775438199747,0.044332242790628,0.0149834856317103,0.0160407221340415,0.0123490714558225
OM,2050,0.0151112709743588,0.0151112709743588,0.0356831203877539,0.0311860140792937,0.0311860140792937,0.0146225705041347,0.0146225705041347,0.0146225705041347,0.0146225705041347,0.0146225705041347,0.0146225705041347,0.0146225705041347,0.0456416375471484,0.041390658706959,0.0145779970719852,0.0182741914708274,0.012842510185982,0.0091515796848745,0.0091515796848745,0.0113270097202895,0.0091515796848745,0.0586238293648625,0.0314554615576475,0.012842510185982,0.0106515796848745,0.0129574654824266,0.0441524840906222,0.0149107688413465,0.0160186216331699,0.0121515796848745
PK,2025,0.003540903279424,0.003540903279424,0.0461540884880387,0.001034517108628,0.001034517108628,0.0183680891366462,0.0183680891366462,0.0183680891366462,0.0183680891366462,0.0183680891366462,0.0183680891366462,0.0183680891366462,0.0596682789635194,0.0301371534209813,-0.0282959317328149,0.0026183381093866,-0.0102372573000875,0.0182416290289729,0.0133264250519334,0.0126517996549343,0.0018179898160582,-0.07,0.0026183381093866,-0.0102372573000875,0.0182416290289729,-0.0462180827858433,-0.0064336830710662,-0.0014617750190493,-0.0068398357471168,0.0163264250519334
PK,2030,0.0089377931882793,0.0089377931882793,0.0496844140031276,0.0008476385445311,0.0008476385445311,0.022839447531932,0.022839447531932,0.022839447531932,0.022839447531932,0.022839447531932,0.022839447531932,0.022839447531932,0.0585562701838455,0.0275809513194573,-0.0693267085306498,0.0620801537069589,-0.0095967367793299,0.0150312582426724,0.0133423222800676,0.0133260773345358,0.001508206659743,-0.07,0.0277111678274377,-0.0095967367793299,0.01568679026137,-0.0047675909589778,0.0407268217541809,0.0032057623409281,-0.0062296214926469,0.0163423222800676
PK,2035,0.0093656680826382,0.0093656680826382,0.0500129923972147,-0.0003735423902853,-0.0003735423902853,0.0257276887759165,0.0257276887759165,0.0257276887759165,0.0257276887759165,0.0257276887759165,0.0257276887759165,0.0257276887759165,0.0588876310000223,0.0279025975494546,-0.07,0.062414187812842,-0.0092851822266925,0.0153505367119261,0.0136610710594081,0.0077949554558497,0.0018232439829865,-0.07,0.0280339525784383,-0.0092851822266925,0.0160058038856671,-0.0014770461728885,0.0473758584271746,5.864810433394715e-05,-0.0059179518040489,0.0166610710594081
PK,2040,0.0086264110577607,0.0086264110577607,0.0491205327565686,-0.000725420640375,-0.000725420640375,0.0284393754341727,0.0284393754341727,0.0284393754341727,0.0284393754341727,0.0284393754341727,0.0284393754341727,0.0284393754341727,0.0579876139561419,0.0270289665256133,-0.07,0.0615069097828057,-0.0101314030041145,0.0144833368197122,0.0127953098706453,0.0081431399133959,0.0009675635689617,-0.07,0.0271572291904493,-0.0101314030041145,0.0151393233451788,0.0157953098706453,0.0477654514743354,-0.0007929749081543,-0.0067644853050091,0.0157953098706453
PK,2045,0.0073889926620101,0.0073889926620101,0.0477001520681894,-0.0014560589803663,-0.0014560589803663,0.029462218115585,0.029462218115585,0.029462218115585,0.029462218115585,0.029462218115585,0.029462218115585,0.029462218115585,0.0565552053965634,0.0256385522384925,-0.07,0.0600629451101607,-0.011478192926721,0.0131031579031916,0.0114174207009162,0.0080148403776594,-0.0003942816956884,-0.07,0.0257618932977823,-0.011478192926721,0.0137602893020539,0.01457427107674,0.0472965888891011,-0.0021483626765491,-0.008111772938049,0.0144174207009162
PK,2050,0.0061393763837578,0.0061393763837578,0.0462550241396624,-0.0024017070143638,-0.0024017070143638,0.0293662592232544,0.0293662592232544,0.0293662592232544,0.0293662592232544,0.0293662592232544,0.0293662592232544,0.0293662592232544,0.0550978400356825,0.0242239128147236,-0.07,0.0585938222944831,-0.0128484479202881,0.0116989321805059,0.0100155246191954,0.0070751862468281,-0.0017798543399659,-0.07,0.0243422465195161,-0.0128484479202881,0.0123572283998507,0.0137311296368036,0.0455447595893002,-0.0035273653158531,-0.0086415393545189,0.0130155246191954
PW,2025,-0.0202828734230414,-0.0202828734230414,0.0430168262177921,0.0014612528670336,0.0014612528670336,0.0237215050080043,0.0237215050080043,0.0237215050080043,0.0237215050080043,0.0237215050080043,0.0237215050080043,0.0237215050080043,2.896158981846413e-05,0.002,0.0001542684635697,0.0121513797308756,-0.07,-0.003,-0.003,0.0118160498783161,-0.003,-0.003,0.0121513797308756,-0.07,-0.003,-0.0365249574365886,0.0027570746874369,0.0,-0.07,0.0
PW,2030,-0.0136008400668767,-0.0136008400668767,0.0291828261717868,-0.0108331903779542,-0.0108331903779542,0.023037111170512,0.023037111170512,0.023037111170512,0.023037111170512,0.023037111170512,0.023037111170512,0.023037111170512,-0.0091416186401563,-0.0093665893610435,-0.0127358225749973,-0.0009104978214244,-0.0322281851356617,-0.0143665893610435,-0.0143665893610435,-0.0054579641495735,-0.0143665893610435,-0.0143665893610435,-0.0061385435912339,-0.0322281851356617,-0.0128665893610435,-0.0165119898819583,-0.0047318218897054,-0.0072069346823138,-0.0292281851356617,-0.0113665893610435
PW,2035,-0.0019930507172271,-0.0019930507172271,0.0409926287317314,-0.0014707378888378,-0.0014707378888378,0.0216765925334854,0.0216765925334854,0.0216765925334854,0.0216765925334854,0.0216765925334854,0.0216765925334854,0.0216765925334854,0.002227557270942,0.002,0.0031620812304254,0.0121086511347242,-0.0210669554380873,-0.003,-0.003,-0.0021105088262933,-0.003,-0.003,0.0060543255673621,-0.0210669554380873,-0.0015,0.0095914740628383,0.0032340107179699,0.0,-0.0180669554380873,0.0
PW,2040,-0.001770000488847,-0.001770000488847,0.0409926287317314,-0.0013141156212234,-0.0013141156212234,0.0215864564331158,0.0215864564331158,0.0215864564331158,0.0215864564331158,0.0215864564331158,0.0215864564331158,0.0215864564331158,0.002227557270942,0.002,0.002260819937896,0.0134469525050049,-0.0210669554380873,-0.003,-0.003,-0.0014840197558356,-0.003,-0.003,0.0067234762525024,-0.0210669554380873,-0.0015,0.0059574468085106,0.0037226816905569,0.0,-0.0180669554380873,0.0
PW,2045,-0.0137847098887679,-0.0137847098887679,0.0284709870774524,-0.0132278003106209,-0.0132278003106209,0.0211415305692228,0.0211415305692228,0.0211415305692228,0.0211415305692228,0.0211415305692228,0.0211415305692228,0.0211415305692228,-0.0098268988421584,-0.0100517136580303,-0.0097376728394705,0.0013995266220193,-0.0329009313225054,-0.0150517136580303,-0.0150517136580303,-0.0129808750842645,-0.0150517136580303,-0.0150517136580303,-0.0053260935180055,-0.0329009313225054,-0.0135517136580303,-0.0050288388278776,-0.0082514768976229,-0.0120517136580303,-0.0299009313225054,-0.0120517136580303
PW,2050,-0.0018014299000191,-0.0018014299000191,0.0409926287317314,-0.0011492531734107,-0.0011492531734107,0.0203999778798624,0.0203999778798624,0.0203999778798624,0.0203999778798624,0.0203999778798624,0.0203999778798624,0.0203999778798624,0.002227557270942,0.002,0.0024264173871106,0.0132583760379726,-0.0210669554380873,-0.003,-0.003,-0.0008245699645849,-0.003,-0.003,0.0066291880189863,-0.0210669554380873,-0.0015,0.0061956835604772,0.0034058075707212,0.0,-0.0180669554380873,0.0
PA,2025,0.0241325267814509,0.0241325267814509,0.0306831759982395,0.0289392063632116,0.0289392063632116,0.0415404238049004,0.0415404238049004,0.0415404238049004,0.0415404238049004,0.0415404238049004,0.0415404238049004,0.0415404238049004,0.0247669682098781,0.07,-0.0601001591699581,0.067,-0.0068142707709568,0.0122118511153096,0.0122118511153096,0.0665661550123493,0.0122118511153096,0.0122118511153096,0.067,-0.0068142707709568,0.0122118511153096,0.060978823097769,0.0140499792512162,0.0152118511153096,-0.0056850952526646,0.0152118511153096
PA,2030,0.0074133416409021,0.0074133416409021,0.0333368034127672,0.0285548314268093,0.0285548314268093,0.0339981440547521,0.0339981440547521,0.0339981440547521,0.0339981440547521,0.0339981440547521,0.0339981440547521,0.0339981440547521,0.0312713127274744,-0.068,0.0234306540080299,0.0664254250669634,-0.0110128183236142,0.0084007954781343,0.0084007954781343,0.066146422023494,0.0084007954781345,0.0084007954781343,0.0292035440401844,-0.0110128183236142,0.0099007954781344,-0.0247966655198889,0.0148615077972941,0.0155604501568639,-0.0098842457347232,0.0114007954781343
PA,2035,0.0059170990546364,0.0059170990546364,0.0317327969545195,0.0214337230798814,0.0214337230798814,0.0287940605358354,0.0287940605358354,0.0287940605358354,0.0287940605358354,0.0287940605358354,0.0287940605358354,0.0287940605358354,0.0296705186634591,0.07,0.0561562719806386,0.0647621805451493,-0.0125556255235923,0.0068277948807976,0.0068277948807976,0.0424087838944714,0.0068277948807976,0.0068277948807976,0.0276005224707919,-0.0125556255235923,0.0083277948807976,-0.0182448152362873,0.0503235393016064,0.0098277948807976,-0.0114241423611199,0.0098277948807977
PA,2040,0.0046214658059769,0.0046214658059769,0.030327885966793,0.0202402134617882,0.0202402134617882,0.0256179952882289,0.0256179952882289,0.0256179952882289,0.0256179952882289,0.0256179952882289,0.0256179952882289,0.0256179952882289,0.0282684213351978,0.07,-0.0279962760526403,0.0633053843508711,-0.0139069335411181,0.0054500411868921,0.0054500411868921,0.0417923501381705,0.0054500411868924,0.0054500411868924,0.0261964741237155,-0.0139069335411181,0.0069500411868921,0.0411119122319504,0.012488371192563,0.0084500411868924,-0.0127729010766873,0.0084500411868924
PA,2045,0.0033356337933412,0.0033356337933411,0.0289266717543665,0.0189974587729207,0.0189974587729207,0.0232650723359517,0.0232650723359517,0.0232650723359517,0.0232650723359517,0.0232650723359517,0.0232650723359517,0.0232650723359517,0.0268700133785884,0.07,-0.0293835939103668,0.0618524214586565,-0.015254685830099,0.0040759128086614,0.0040759128086614,0.0409679960957716,0.0040759128086614,0.0040759128086614,0.0247961202820525,-0.015254685830099,0.0055759128086614,0.0375638329294128,0.0114198946823843,0.0070759128086614,-0.0141181107717481,0.0070759128086614
PA,2050,0.002151824134494,0.002151824134494,0.0276230496011926,0.0177300001771915,0.0177300001771915,0.0209687817385355,0.0209687817385355,0.0209687817385355,0.0209687817385355,0.0209687817385355,0.0209687817385355,0.0209687817385355,0.0255690020305419,0.07,-0.0588635468184574,0.0605006548285201,-0.0165085695870045,0.0027974900098627,0.0027974900098627,0.0397560186584986,0.0027974900098627,0.0027974900098627,0.0234932985763599,-0.0165085695870045,0.0042974900098627,0.0172299420198988,-3.679494764426212e-05,0.0057974900098627,-0.014669412023526,0.0057974900098627
PG,2025,0.0277978844496574,0.0277978844496574,0.0059021073906095,0.0438749317047357,0.0438749317047357,-0.0042836839891128,-0.0042836839891128,-0.0042836839891128,-0.0042836839891128,-0.0042836839891128,-0.0042836839891128,-0.0042836839891128,0.07,0.040415947637816,0.0038049645714847,0.067,-0.002856210060499,0.0192498634094714,0.0192498634094714,0.067,0.0192498634094716,0.0192498634094714,0.067,-0.002856210060499,0.0192498634094714,0.0178901745285717,0.030176726591652,0.0222498634094715,0.0001437899395009,0.0222498634094715
PG,2030,0.0089623841244768,0.0089623841244767,-0.0013353337436646,0.0363983700663067,0.0363983700663067,0.000933482053308,0.000933482053308,0.000933482053308,0.000933482053308,0.000933482053308,0.000933482053308,0.000933482053308,0.07,0.0427613506382205,-0.0040824094684108,0.067,-0.009321434009391,0.0135384921395952,0.0135384921395952,0.0485164959860366,0.0135384921395952,0.0135384921395952,0.0303364752104878,-0.009321434009391,0.0150384921395952,-0.0086774881874623,0.031967500689843,0.0206981468183248,-0.006321434009391,0.0165384921395952
PG,2035,0.0074517963599022,0.0074517963599022,-0.0031806100325981,0.0346338292383178,0.0346338292383178,0.0019372397582644,0.0019372397582644,0.0019372397582644,0.0019372397582644,0.0019372397582644,0.0019372397582644,0.0019372397582644,0.07,0.0408344314769493,-0.0055559369828909,0.067,-0.0111611816785156,0.0116564204259673,0.0116564204259673,0.0452224761013364,0.0116564204259673,0.0116564204259673,0.0294166065744029,-0.0111611816785156,0.0131564204259673,0.0176063952831503,0.025548268192414,0.0146564204259673,-0.0081611816785156,0.0146564204259673
PG,2040,0.0062295121219614,0.0062295121219614,-0.0046845692355158,0.0337409694975468,0.0337409694975468,0.0044319990029957,0.0044319990029957,0.0044319990029957,0.0044319990029957,0.0044319990029957,0.0044319990029957,0.0044319990029957,0.07,0.0392639307214517,-0.0060335177612636,0.067,-0.0126606348794373,0.010122471774897,0.010122471774897,0.0447189344403934,0.010122471774897,0.010122471774897,0.0286668842108674,-0.0126606348794373,0.011622471774897,0.013122471774897,0.0240996924331906,0.013122471774897,-0.0096606348794373,0.013122471774897
PG,2045,0.0050648920744987,0.0050648920744987,-0.0061238812287764,0.0328988197215633,0.0328988197215633,0.0068508999822285,0.0068508999822285,0.0068508999822285,0.0068508999822285,0.0068508999822285,0.0068508999822285,0.0068508999822285,0.07,0.0377609374431584,-0.0076907040046557,0.067,-0.0140956345597696,0.0086544594204073,0.0086544594204073,0.0442863600454387,0.0086544594204073,0.0086544594204073,0.0279493884255038,-0.0140956345597696,0.0101544594204073,0.0121071230153869,0.0227133832438508,0.0116544594204073,-0.0110956345597696,0.0116544594204073
PG,2050,0.0040794853300864,0.0040794853300864,-0.0073534531399607,0.0319999820630394,0.0319999820630394,0.0086615814178563,0.0086615814178563,0.0086615814178563,0.0086615814178563,0.0086615814178563,0.0086615814178563,0.0086615814178563,0.07,0.036476964040351,-0.0087520121297727,0.067,-0.0153215225588669,0.0074003694351895,0.0074003694351895,0.0431991893817787,0.0074003694351895,0.0074003694351895,0.0273364478898818,-0.0153215225588669,0.0089003694351895,0.012303393286834,0.0215290904376974,0.0104003694351895,-0.0114786722004648,0.0104003694351895
PY,2025,-0.0066687935903404,-0.0066687935903404,0.0440841492924424,0.0118510506611779,0.0118510506611779,0.0384137112928328,0.0384137112928328,0.0384137112928328,0.0384137112928328,0.0384137112928328,0.0384137112928328,0.0384137112928328,0.0379713278198914,0.0154186658140937,0.0135729342776635,0.0255700455449694,-0.0559950921300846,0.0104186658140937,0.0104186658140937,-0.0044180514916679,0.0034322605023945,0.0104186658140937,0.0255700455449694,-0.0559950921300846,0.0104186658140937,0.0112781890989877,-0.0068098745989594,0.0134186658140937,-0.0154056525537434,0.0134186658140937
PY,2030,-0.0191374174557194,-0.0191374174557194,0.0483312843850745,0.0029927011029888,0.0029927011029888,0.0398483405899796,0.0398483405899796,0.0398483405899796,0.0398483405899796,0.0398483405899796,0.0398483405899796,0.0398483405899796,0.050153092762728,0.0131649840630601,0.0097957508491064,0.0216210756026793,-0.0397560694254669,0.0081649840630601,0.0081649840630601,-0.07,0.0236527275861669,0.0081649840630603,-0.0075674969113937,-0.0397560694254669,0.0096649840630602,0.0092013390689898,-0.0020601042978204,0.0153246387417898,-0.0003045671479758,0.0111649840630601
PY,2035,-0.0201588525629242,-0.0201588525629242,0.0466951773435841,0.0017863483353998,0.0017863483353998,0.0385469845670085,0.0385469845670085,0.0385469845670085,0.0385469845670085,0.0385469845670085,0.0385469845670085,0.0385469845670085,0.0485141370311916,0.0115838651810933,0.0127459464115187,0.0216925163158175,-0.0412622560424634,0.0065838651810933,0.0065838651810933,-0.07,0.0220473911293145,0.0065838651810933,-0.0082848698633229,-0.0412622560424634,0.0080838651810933,-0.0066694601510536,-0.0093890234232406,0.0095838651810933,-0.0018677515442027,0.0095838651810933
PY,2040,-0.0208671022811327,-0.0208671022811327,0.0453883003134778,0.0196529749198445,0.0196529749198445,0.0377589329165368,0.0377589329165368,0.0377589329165368,0.0377589329165368,0.0377589329165368,0.0377589329165368,0.0377589329165368,0.0472049845463058,0.0103209111711723,0.0105817311090684,0.0217678636761773,-0.0424653562326649,0.0053209111711723,0.0053209111711723,0.0053209111711723,0.0207650927907275,0.0053209111711723,-0.0088487462782437,-0.0424653562326649,0.0068209111711723,-0.0126432941958777,-0.009137757312619,0.0083209111711723,-0.0031163799832007,0.0083209111711723
PY,2045,-0.0215502278840355,-0.0215502278840355,0.0442718592139821,0.0185600584476115,0.0185600584476115,0.0359272338759801,0.0359272338759801,0.0359272338759801,0.0359272338759801,0.0359272338759801,0.0359272338759801,0.0359272338759801,0.0460865995674875,0.0092419927029718,0.0095560335215316,0.0206932329830215,-0.0434931426794451,0.0042419927029718,0.0042419927029718,0.0042419927029718,0.0196696488170148,0.0042419927029718,-0.0098999548482117,-0.0434931426794451,0.0057419927029718,-0.0152338931143397,-0.0091283431046227,0.0072419927029718,-0.0041830603786648,0.0072419927029718
PY,2050,-0.0221296055775389,-0.0221296055775389,0.0432135960173238,0.0175240940065783,0.0175240940065783,0.0337740617606969,0.0337740617606969,0.0337740617606969,0.0337740617606969,0.0337740617606969,0.0337740617606969,0.0337740617606969,0.0450264937873319,0.0082192968280108,0.0086457142151214,0.0194776728659834,-0.0444673710298193,0.0032192968280108,0.0032192968280108,0.0032192968280108,0.0186312885829599,0.0032192968280108,-0.0109948490819179,-0.0444673710298193,0.0047192968280108,-0.0069155950854179,-0.0112566983197017,0.0062192968280108,-0.0047801303497793,0.0062192968280108
PE,2025,0.0393266945050913,0.0393266945050913,0.02857762399439,0.0215747276632455,0.0215747276632455,0.0404369943653599,0.0404369943653599,0.0404369943653599,0.0404369943653599,0.0404369943653599,0.0404369943653599,0.0404369943653599,0.0099675924248974,0.0481411999975704,0.0063568697448011,0.0021404249769564,0.0488396585383174,0.067,-0.0108287233963418,-0.0339652583887837,0.0432965766168685,0.067,0.0021404249769564,0.0488396585383174,0.067,0.0182308256533206,0.0126907022143276,0.0587165690838401,0.0466646470448196,0.0530471433371939
PE,2030,0.0104612376977909,0.010461237697791,0.0270146882240402,0.0140079276707939,0.0140079276707939,0.0327116199090777,0.0327116199090777,0.0327116199090777,0.0327116199090777,0.0327116199090777,0.0327116199090777,0.0327116199090777,0.0128226445011463,0.0443153519905696,0.0024679603548262,0.0043756953702219,0.0299545230753666,-0.07,-0.0149911361674626,-0.0214753999788778,0.0385038424629938,0.0261806236979135,0.0190924908449336,0.0299545230753666,-0.0303126873900208,0.0244186198385307,0.004243477553342,0.0503850995454639,0.029585435275725,0.07
PE,2035,0.0319631681220361,0.0319631681220361,0.0253565723585746,0.0089074088393433,0.0089074088393433,0.0271204789689933,0.0271204789689933,0.0271204789689933,0.0271204789689933,0.0271204789689933,0.0271204789689933,0.0271204789689933,0.011187486407048,0.0426292496919302,0.0012386543426794,0.0027461132362608,0.0282835633294303,0.067,-0.0165893895302312,-0.0368926727565471,0.0368190529034185,0.0245157688034537,0.0174415285507474,0.0282835633294303,0.037370904757729,0.010940691366025,-0.001387357408193,0.0427780681864699,0.0279199255374786,0.07
PE,2040,0.0309117625169312,0.0309117625169312,0.0240405044632636,0.007837075180609,0.007837075180609,0.0242732512720638,0.0242732512720638,0.0242732512720638,0.0242732512720638,0.0242732512720638,0.0242732512720638,0.0242732512720638,0.0098896403902399,0.0412909686045426,0.0009669911975247,0.0014526929307524,0.0269573010809439,0.067,-0.0178579437869762,-0.0372175054758465,0.0354818137539157,0.023194352054127,0.0161311385369968,0.0269573010809439,0.0367229113417052,0.0064458226834105,-0.0025416389761127,0.0417657900640339,0.0265979890302135,0.07
PE,2045,0.0299264961769539,0.0299264961769539,0.0228098365445856,0.0068194716097362,0.0068194716097362,0.0217972546861155,0.0217972546861155,0.0217972546861155,0.0217972546861155,0.0217972546861155,0.0217972546861155,0.0217972546861155,0.0086760119277871,0.0400395289134072,-0.0002886730177293,0.0002432029940803,0.025717100323231,0.067,-0.0190441812390413,-0.0375881562478113,0.0342313483890536,0.0219586823699154,0.0149057800607171,0.025717100323231,0.0361169663813758,0.0055869422252257,-0.003647399195161,0.0408191989234852,0.0253618333152868,0.07
PE,2050,0.0289535041604002,0.0289535041604004,0.0215994753793249,0.0056633186244195,0.0056633186244195,0.0198287398686667,0.0198287398686667,0.0198287398686667,0.0198287398686667,0.0198287398686667,0.0198287398686667,0.0198287398686667,0.0074824090575786,0.0388087387223026,-0.0008272143255635,-0.0009463296384873,0.0244973636164554,0.067,-0.0202108450668428,-0.0385740529783896,0.0330015164472586,0.0207434019712305,0.0137006407288938,0.0244973636164554,0.0355210198736813,0.0055450436331501,-0.0048552095119286,0.0398882271003712,0.0248931290419254,0.07
PH,2025,0.0168684835755896,0.0168684835755896,0.0592768441973496,0.0208622067710745,0.0208622067710745,0.0257807886324554,0.0257807886324554,0.0257807886324554,0.0257807886324554,0.0257807886324554,0.0257807886324554,0.0257807886324554,0.0102086015943736,0.07,0.0273249196522078,0.0432704565531719,-0.0009407884420009,0.0082757826155978,0.0082757826155978,0.0647470400894915,0.000217402784835,0.0082757826155978,0.0432704565531719,-0.0009407884420009,0.0082757826155978,-0.0198176956877246,0.0552362928206336,-0.07,0.0010674757528682,0.0112757826155978
PH,2030,0.0047358250349256,0.0047358250349256,0.0532428172665275,0.0201549552128909,0.0201549552128909,0.0261704580454837,0.0261704580454837,0.0261704580454837,0.0261704580454837,0.0261704580454837,0.0261704580454837,0.0261704580454837,0.0134601592782432,0.07,0.0107995929739457,0.0433364666571046,-0.0046485032801083,0.0048572580264368,0.0048572580264368,0.0643400267565169,-0.0020376232096334,0.0048572580264368,0.0186491704282961,-0.0046485032801083,0.0063572580264368,0.008725335451321,0.0521169710571618,-0.0616806906425407,-0.0023481928126518,0.0078572580264368
PH,2035,0.0040361799284106,0.0040361799284106,0.0524774065487634,0.019593879639606,0.019593879639606,0.0255608976659462,0.0255608976659462,0.0255608976659462,0.0255608976659462,0.0255608976659462,0.0255608976659462,0.0255608976659462,0.0127237143448872,0.07,0.0175776836463012,0.0425746282570579,-0.0053754037859992,0.0041234363683012,0.0041234363683012,0.0642947925445818,-0.0027664246993462,0.0041234363683012,0.0179063990191231,-0.0053754037859992,0.0056234363683012,-0.0176930163318484,0.0523882473305757,-0.07,-0.0030745838740465,0.0071234363683013
PH,2040,0.003062651558614,0.003062651558614,0.0514238455567985,0.0188215788031555,0.0188215788031555,0.0277062714589539,0.0277062714589539,0.0277062714589539,0.0277062714589539,0.0277062714589539,0.0277062714589539,0.0277062714589539,0.0117100237386456,0.07,0.0175863528939051,0.0415259844350658,-0.0063759568227836,0.0031133566083402,0.0031133566083402,0.0642325292392857,-0.0037695943736494,0.0031133566083402,0.0168840002409386,-0.0063759568227836,0.0046133566083402,-0.0065369627462584,0.0518843365912361,0.07,-0.0040744356783604,0.0061133566083402
PH,2045,0.0016505218583655,0.0016505218583655,0.0499100039556668,0.0177118745300055,0.0177118745300055,0.0287327129846397,0.0287327129846397,0.0287327129846397,0.0287327129846397,0.0287327129846397,0.0287327129846397,0.0287327129846397,0.0102534711307673,0.07,0.016001694886521,0.0400192082212454,-0.0078136323088493,0.0016619923562922,0.0016619923562922,0.0641430642889885,-0.005211029656026,0.0016619923562922,0.0154149350276608,-0.0078136323088493,0.0031619923562922,0.0077517850802295,0.0510560855191234,-0.07,-0.0055111035769259,0.0046619923562922
PH,2050,3.368653763390333e-05,3.368653763390333e-05,0.0481801645138655,0.0164438355099421,0.0164438355099421,0.028971192843777,0.028971192843777,0.028971192843777,0.028971192843777,0.028971192843777,0.028971192843777,0.028971192843777,0.0085890947863185,0.07,0.0145841427236897,0.0382974422698499,-0.0094564381073212,3.54465229446526e-06,3.54465229446526e-06,0.0640408343069566,-0.0068581317058011,3.54465229446526e-06,0.0137362607551304,-0.0094564381073212,0.0015035446522944,0.0021558419669196,0.0498665278860344,-0.07,-0.0064274590488706,0.0030035446522944
PL,2025,0.0328880164198486,0.0328880164198486,0.0141332109854301,-0.0003039413709455,-0.0003039413709455,0.0110023778722194,0.0110023778722194,0.0110023778722194,0.0110023778722194,0.0110023778722194,0.0110023778722194,0.0110023778722194,0.0202031642975972,0.0291734134278747,0.0395166471801722,-0.0018658390105119,0.067,0.0335298882700577,-0.010553453518053,0.0112115658719861,-0.0061403078093887,-0.0264901878439767,-0.0018658390105119,0.067,0.0335298882700577,0.0051456326948029,0.027401944838579,0.0208329086527033,0.0570119115445123,-0.0073909923578683
PL,2030,0.0345291493123183,0.0345291493123182,0.0039175139817007,-0.0074780253921212,-0.0074780253921212,0.0083733190735943,0.0083733190735943,0.0083733190735943,0.0083733190735943,0.0083733190735943,0.0083733190735943,0.0083733190735943,0.0145726858810071,0.0142607085403534,0.0195104405006779,-0.0108656143681374,0.0497030620719344,0.01065153848603,-0.0193977262931418,0.0084350577888579,-0.0179540612822333,-0.0349657839561168,0.0209187238518984,0.0497030620719344,0.0128463369007659,-0.0155325153833746,0.0338496675513807,0.0071865732528495,0.034659311996785,-0.0223093807395292
PL,2035,0.0352306441987318,0.0352306441987318,0.0045118026408552,-0.0118826348113725,-0.0118826348113725,0.0073771518316776,0.0073771518316776,0.0073771518316776,0.0073771518316776,0.0073771518316776,0.0073771518316776,0.0073771518316776,0.0151732946690472,0.0148611322786333,0.0204025443493178,-0.0098256014658242,0.0503274742441105,0.0112527871968773,-0.0188143013422599,-0.0109424606763239,-0.0173697800195975,-0.0343915932186157,0.0217509363891431,0.0503274742441105,0.0134479977321844,-0.0445699820672596,0.0106877054519994,0.0048418080694511,0.0352730214954488,-0.0217392835256887
PL,2040,0.0345061632807998,0.0345061632807997,0.0037420546510389,-0.0124334317905628,-0.0124334317905628,0.005707243221479,0.005707243221479,0.005707243221479,0.005707243221479,0.005707243221479,0.005707243221479,0.005707243221479,0.0143953605790418,0.0140834378729608,0.0205194382468579,-0.0102175576661304,0.0495187089968768,0.0104740242515896,-0.019569978194295,-0.0108672122141205,-0.0181265660030976,-0.0351353095240748,0.0211505756653731,0.0495187089968768,0.0126687009907751,-0.0483837755174731,0.0099702530557776,0.0040702710563135,0.0344781188069139,-0.0224776977249062
PL,2045,0.0338031745305401,0.0338031745305401,0.0030537500593379,-0.0129512131584765,-0.0129512131584765,0.0033621924813147,0.0033621924813147,0.0033621924813147,0.0033621924813147,0.0033621924813147,0.0033621924813147,0.0033621924813147,0.0136997360197375,0.0133880276381224,0.0196225013368266,-0.0108954261117677,0.0487955153794278,0.0097776585342642,-0.0202457004488243,-0.0109009718955587,-0.0188032800371318,-0.0358003367209532,0.02045004463383,0.0487955153794278,0.0119718579557739,-0.0063416162358994,0.0093006446073955,0.0033803667293963,0.0337673210163219,-0.0231379838063546
PL,2050,0.0331310026198961,0.0331310026198961,0.0024053109613553,-0.0135613376341908,-0.0135613376341908,0.0017747911854775,0.0017747911854775,0.0017747911854775,0.0017747911854775,0.0017747911854775,0.0017747911854775,0.0017747911854775,0.0130444009148893,0.0127328944444118,0.0191413517901925,-0.0115880943947195,0.0481142079718942,0.0091216251980742,-0.0208822859583452,-0.0114221049544245,-0.0194407998838855,-0.0364268466133427,0.0197630567885872,0.0481142079718942,0.0113153749473793,-0.006266460493108,0.0086022347642609,0.0027304205502857,0.0337789322516616,-0.0237600271810862
PT,2025,-0.0134866182341635,-0.0134866182341635,0.024879568963773,-0.0032507882272492,-0.0032507882272492,0.0029917226723206,0.0029917226723206,0.0029917226723206,0.0029917226723206,0.0029917226723206,0.0029917226723206,0.0029917226723206,-0.0166490029751499,0.0486175254930658,0.0154384956972687,-0.0258903150518542,-0.005722670112005,-0.0088468695386313,-0.0233648697832581,-0.0130797507656196,0.0344117652386458,-0.0176861644068734,-0.0258903150518542,-0.005722670112005,-0.0088468695386313,0.07,-0.0118417378849012,0.0031173548615624,0.0112680285570958,-0.0210123679456973
PT,2030,0.0154765468846664,0.0154765468846664,0.0161388907378148,0.008637924258955,0.008637924258955,0.0047156075885079,0.0047156075885079,0.0047156075885079,0.0047156075885079,0.0047156075885079,0.0047156075885079,0.0047156075885079,-0.0052516812456674,0.0279507474199998,0.0190554186907155,-0.038716476665496,0.031803225521282,-0.001788582339235,-0.0343472108967176,0.0136680320205873,0.0356684419454184,-0.0095330956845183,-0.0020197712941553,0.031803225521282,-0.0114980735071039,-0.0693956050326,0.0039883269343827,0.0116973645169387,0.0366883380223868,0.0148144897500737
PT,2035,0.0153556756105617,0.0153556756105617,0.0158448273660682,0.0096463256127736,0.0096463256127736,0.005670953785388,0.005670953785388,0.005670953785388,0.005670953785388,0.005670953785388,0.005670953785388,0.005670953785388,-0.0055395421299851,0.0276532590396727,0.0191178983922251,-0.0385437767171991,0.0315031702444652,-0.0020788972142463,-0.0346280849543215,0.0185787436170763,0.0353672658965015,-0.0098211649324979,-0.0020834306484538,0.0315031702444652,-0.0117851380376126,0.07,-0.0063910325373237,0.0058266546326712,0.0363877361315476,-0.0213613095221189
PT,2040,0.0151276118187749,0.0151276118187749,0.0154815225687054,0.0058968181974618,0.0058968181974618,0.0063608380629029,0.0063608380629029,0.0063608380629029,0.0063608380629029,0.0063608380629029,0.0063608380629029,0.0063608380629029,-0.0058951839755658,0.0272857227664859,0.0198578863615349,-0.0385224735632879,0.0311324626623068,-0.0024375708777183,-0.0349750948249359,0.0046643473289306,0.0349951736404267,-0.0101770642039442,-0.0022581102412738,0.0311324626623068,-0.012139796016493,-0.07,-0.0089157140967873,0.0054662230961288,0.0360163532272796,0.0554635498323177
PT,2045,0.0147873570290506,0.0147873570290507,0.015084812813233,0.0093201405819954,0.0093201405819954,0.0075327746528668,0.0075327746528668,0.0075327746528668,0.0075327746528668,0.0075327746528668,0.0075327746528668,0.0075327746528668,-0.0062835261902031,0.0268843924616795,0.019095991942821,-0.0388970728496113,0.0307276694546819,-0.0028292236782411,-0.0353540113763201,0.0195409075906722,0.0345888684416174,-0.0105656875141046,-0.0026477817869727,0.0307276694546819,-0.0125270639003729,0.07,-0.0069512226451143,0.0050726507905485,0.0356108226033835,-0.0216923145515173
PT,2050,0.0142834454814388,0.0142834454814388,0.0145475119286739,0.005223164701318,0.005223164701318,0.0091474370230066,0.0091474370230066,0.0091474370230066,0.0091474370230066,0.0091474370230066,0.0091474370230066,0.0091474370230066,-0.0068094941366871,0.026340833537811,0.018720691070144,-0.0394586759800005,0.0301794203997497,-0.0033596754588137,-0.0358672132712175,0.0047556175598067,0.0340385715565284,-0.0110920361743759,-0.0032026744244009,0.0301794203997497,-0.0130515767808846,-0.0691893599185292,-0.0100342068020253,0.004539599245914,0.0357218032406487,0.0545771472302545
PR,2025,-0.0090972762665548,-0.0090972762665548,0.0132889158860272,-0.0109336271637624,-0.0109336271637624,0.0178315887660314,0.0178315887660314,0.0178315887660314,0.0178315887660314,0.0178315887660314,0.0178315887660314,0.0178315887660314,-0.0161073500028257,-0.0052328686910068,-0.0109934677132769,0.0010036435540289,-0.0141477361768467,-0.0141477361768467,-0.0141477361768467,0.0006683137014694,-0.0141477361768467,-0.0141477361768467,0.0010036435540289,-0.0141477361768467,-0.0141477361768467,0.0262420456272243,-0.0083906614894097,-0.0111477361768467,-0.0111477361768467,-0.0111477361768467
PR,2030,-0.0046232380720702,-0.0046232380720702,0.0167696595642017,-0.0068382063324596,-0.0068382063324596,0.0154052802882458,0.0154052802882458,0.0154052802882458,0.0154052802882458,0.0154052802882458,0.0154052802882458,0.0154052802882458,-0.011163690555288,-0.0023566261638777,-0.0067351532092939,0.0050901715442789,-0.00836591999534,-0.00836591999534,-0.00836591999534,0.0005427052161298,-0.00836591999534,-0.00836591999534,-0.0001378742255305,-0.00836591999534,-0.00686591999534,-0.0046078908651895,0.0012688474759979,-0.0012062653166104,-0.00536591999534,-0.00536591999534
PR,2035,-0.0076272351286211,-0.0076272351286211,0.0134238465726725,-0.0121159859596719,-0.0121159859596719,0.0137128793894087,0.0137128793894087,0.0137128793894087,0.0137128793894087,0.0137128793894087,0.0137128793894087,0.0137128793894087,-0.0144174040591689,-0.0056393775781655,-0.0054832624206497,0.003463307483649,-0.0116453436510752,-0.0116453436510751,-0.0116453436510751,-0.0107558524773685,-0.0116453436510751,-0.0116453436510751,-0.002591018083713,-0.0116453436510752,-0.0101453436510751,-0.0047497154286964,-0.0054113329331052,-0.0086453436510751,-0.0086453436510751,-0.0086453436510752
PR,2040,-0.0088960699621701,-0.0088960699621701,0.0119017594786978,-0.0134483247194978,-0.0134483247194978,0.0117875515337242,0.0117875515337242,0.0117875515337242,0.0117875515337242,0.0117875515337242,0.0117875515337242,0.0117875515337242,-0.0158975929831427,-0.0071327765138101,-0.0078764087751081,0.0033097237920007,-0.0131372287130042,-0.0131372287130042,-0.0131372287130042,-0.0116212484688399,-0.0131372287130042,-0.0131372287130042,-0.0034137524605017,-0.0131372287130042,-0.0116372287130042,-0.010126419307311,-0.0064145470224473,-0.0101372287130042,-0.0101372287130042,-0.0101372287130042
PR,2045,-0.0106764860531501,-0.0106764860531501,0.0100845711771249,-0.0150872499129505,-0.0150872499129505,0.0094926307505163,0.0094926307505163,0.0094926307505163,0.0094926307505163,0.0094926307505163,0.0094926307505163,0.0094926307505163,-0.0176647599260926,-0.0089157146164831,-0.0096043186145986,0.0015328808468912,-0.0149183594331584,-0.0149183594331584,-0.0149183594331584,-0.0128475208593925,-0.0149183594331584,-0.0149183594331584,-0.0051927392931335,-0.0149183594331584,-0.0134183594331584,-0.0118329431362271,-0.008118122672751,-0.0119183594331584,-0.0119183594331584,-0.0119183594331584
PR,2050,-0.0125566414147172,-0.0125566414147172,0.0081991483296619,-0.0169054913411801,-0.0169054913411801,0.0076903475680809,0.0076903475680809,0.0076903475680809,0.0076903475680809,0.0076903475680809,0.0076903475680809,0.0076903475680809,-0.0194982831369976,-0.0107656011865664,-0.0113399533672687,-0.0005079947164067,-0.0167663707543793,-0.0167663707543793,-0.0167663707543793,-0.0145909407189643,-0.0167663707543793,-0.0167663707543793,-0.007137182735393,-0.0167663707543793,-0.0152663707543793,-0.0133702481464584,-0.0103605631836581,-0.0137663707543793,-0.0134850542227343,-0.0137663707543793
QA,2025,0.0027646604122076,0.0027646604122076,0.052602180393579,0.0370462803765202,0.0370462803765202,0.0358161687244942,0.0358161687244942,0.0358161687244942,0.0358161687244942,0.0358161687244942,0.0358161687244942,0.0358161687244942,0.0526015792816967,0.0319224974486893,0.030076765912259,0.0092737798056735,-0.0279022960177398,0.0269224974486893,0.0269224974486893,0.0417385473270054,0.0269224974486893,0.0269224974486893,0.0092737798056735,-0.0279022960177398,0.0269224974486893,-0.0159955639589858,0.0122737798056735,0.0300740801021708,-0.0249022960177398,0.0299224974486893
QA,2030,0.0039216316934979,0.0039216316934979,0.0352387331165755,0.0197918837325433,0.0197918837325433,0.023387535004266,0.023387535004266,0.023387535004266,0.023387535004266,0.023387535004266,0.023387535004266,0.023387535004266,0.0352390946709568,0.0166732716825821,0.0133040384686283,-0.0101233870258423,-0.0190790309987513,0.0116732716825821,0.0116732716825821,0.020581896894052,0.0116732716825821,0.0116732716825821,-0.0348927719239633,-0.0190790309987513,0.0131732716825821,0.0168501932768691,-0.0071233870258423,0.07,-0.0160790309987513,0.0146732716825821
QA,2035,-0.0002222192871454,-0.0002222192871455,0.0308219242535825,0.0134298126205452,0.0134298126205452,0.0146230406829968,0.0146230406829968,0.0146230406829968,0.0146230406829968,0.0146230406829968,0.0146230406829968,0.0146230406829968,0.030822284262419,0.0123358250153517,0.0134979062457772,-0.0143676590256106,-0.0232850201057036,0.0073358250153517,0.0073358250153517,0.0082253161890584,0.0073358250153517,0.0073358250153517,-0.0390247495929788,-0.0232850201057036,0.0088358250153517,0.0152940092844258,-0.0113676590256106,0.07,-0.0202850201057036,0.0103358250153517
QA,2040,0.0006327454295537,0.0006327454295537,0.0315913471727034,0.0143454890040619,0.0143454890040619,0.01085916380455,0.01085916380455,0.01085916380455,0.01085916380455,0.01085916380455,0.01085916380455,0.01085916380455,0.0315917074507789,0.0130914227737681,0.0133522427116642,-0.0136282926067995,-0.0225523226952323,0.0080914227737681,0.0080914227737681,0.0096074030179325,0.0080914227737681,0.0080914227737681,-0.0383049452232507,-0.0225523226952323,0.0095914227737681,0.012682353385007,-0.0106282926067995,0.07,-0.0195523226952323,0.0110914227737681
QA,2045,0.0011562430638978,0.0011562430638978,0.032054243459884,0.0149408618472038,0.0149408618472038,0.0098310698728092,0.0098310698728092,0.0098310698728092,0.0098310698728092,0.0098310698728092,0.0098310698728092,0.0098310698728092,0.0320546038999378,0.0135460016383706,0.0138600424569304,-0.0131834787578374,-0.0221115210210093,0.0085460016383706,0.0085460016383706,0.0106168402121364,0.0085460016383706,0.0085460016383706,-0.0378719001943552,-0.0221115210210093,0.0100460016383706,0.013282167380501,-0.0101834787578374,0.07,-0.0191115210210093,0.0115460016383706
QA,2050,0.0012605796635027,0.0012605796635028,0.0321100280788633,0.0150220425737228,0.0150220425737228,0.0095433314049908,0.0095433314049908,0.0095433314049908,0.0095433314049908,0.0095433314049908,0.0095433314049908,0.0095433314049908,0.0321103885384375,0.0136007839070129,0.0140272012941235,-0.0131298732920598,-0.0220583990709678,0.0086007839070129,0.0086007839070129,0.0107762139424279,0.0086007839070129,0.0086007839070129,-0.037819713014188,-0.0220583990709678,0.0101007839070129,0.0138512244011332,-0.0101298732920598,0.07,-0.0187407076520376,0.0116007839070129
MD,2025,-0.018566569244925,-0.018566569244925,0.0145183241892581,-0.0190643703361505,-0.0190643703361505,0.0237215050080043,0.0237215050080043,0.0237215050080043,0.0237215050080043,0.0237215050080043,0.0237215050080043,0.0237215050080043,0.0294110800389404,0.07,0.0666183871830352,-0.0369880068071215,-0.0172157811949885,-0.001495919732665,-0.0524201750458592,-0.0619106871148409,0.005661403697606,-0.0494192779663076,-0.0369880068071215,-0.0172157811949885,-0.001495919732665,-0.007065807976304,0.0405785664581344,-0.0072940928835666,-0.0138409575427487,-0.0250774534229381
MD,2030,-0.0029337793159934,-0.0029337793159934,0.0161269026483059,-0.0103806219657189,-0.0103806219657189,0.023037111170512,0.023037111170512,0.023037111170512,0.023037111170512,0.023037111170512,0.023037111170512,0.023037111170512,0.0335221363182789,0.0648576611031959,0.0666070519174469,-0.026513513082101,0.0013543100637116,-0.0049266039611122,-0.0552356728471806,-0.0561230335975852,0.0244181635018127,-0.0433397540853822,-0.0110646245604617,0.0013543100637116,-0.00777897723199,-0.0693031379635538,0.0422014864027038,-0.0072230390821202,0.0046425673062287,-0.0250146686018084
MD,2035,-0.0025702764417931,-0.0025702764417931,0.0164879799072392,-0.0135811723384244,-0.0135811723384244,0.0216765925334854,0.0216765925334854,0.0216765925334854,0.0216765925334854,0.0216765925334854,0.0216765925334854,0.0216765925334854,0.0338894071051383,0.0652360888225527,0.0666112420820032,-0.0261658375957678,0.0017117744755504,-0.0045712425116575,-0.07,-0.07,0.0247839730797726,-0.0429980695386086,-0.0107119826084728,0.0017117744755504,-0.0074251654337736,0.07,0.0423475749261534,-0.0080834852968452,0.0049894167114513,-0.0246675275980127
MD,2040,-0.0024273705458922,-0.0024273705458922,0.016625579408759,-0.0134787793515862,-0.0134787793515862,0.0215864564331158,0.0215864564331158,0.0215864564331158,0.0215864564331158,0.0215864564331158,0.0215864564331158,0.0215864564331158,0.0340293668393623,0.0653803002461648,0.0666070053270624,-0.0260333452484198,0.0018479971915015,-0.0044358211936582,-0.07,-0.07,0.0249233759757822,-0.0428678602214893,-0.0105775976379212,0.0018479971915015,-0.0072903346576395,-0.0494730498663478,0.0424009382615279,-0.007948947263201,0.0051255132311028,-0.024535238931536
MD,2045,-0.0013401948232855,-0.0013401948232855,0.0177227334343457,-0.0126415135589792,-0.0126415135589792,0.0211415305692228,0.0211415305692228,0.0211415305692228,0.0211415305692228,0.0211415305692228,0.0211415305692228,0.0211415305692228,0.0351453402558923,0.0665301746439941,0.0666091235944155,-0.02497691327994,0.0029341733733287,-0.0033560349840276,-0.07,-0.0699166718492648,0.0260349094250015,-0.041829632067546,-0.0095060747778045,0.0029341733733287,-0.0062152571524546,-0.0507840705776995,0.0427607437449128,-0.0068762039496213,0.0062106831827003,-0.0234804310189975
MD,2050,-0.0008354355904012,-0.0008354355904012,0.0182288578244449,-0.012229681370623,-0.012229681370623,0.0203999778798624,0.0203999778798624,0.0203999778798624,0.0203999778798624,0.0203999778798624,0.0203999778798624,0.0203999778798624,0.0356601461551879,0.067060619289613,0.0666106267855635,-0.0244895742434341,0.0034352336116791,-0.0028579224820072,-0.07,-0.0697758482049869,0.0265476671380858,-0.0413506905707792,-0.0090117742134294,0.0034352336116791,-0.005719316806859,0.07,0.0429108833257375,-0.0063813403820122,0.0075539166855895,-0.0229938411702115
RO,2025,0.0106147190304013,0.0106147190304013,0.0215755469492271,-0.0106932625142462,-0.0106932625142462,0.0146723283720375,0.0146723283720375,0.0146723283720375,0.0146723283720375,0.0146723283720375,0.0146723283720375,0.0146723283720375,0.0071606994738624,-0.0633072457124829,0.0361523118008737,0.0101437482774516,0.0020537012338849,0.0196467075798675,0.0307597804954012,-0.0409927984582879,-0.0119016979545379,0.0029607468819784,0.0101437482774516,0.0020537012338849,0.0196467075798675,-0.015095435612519,0.0442439699390917,0.0190107907906006,0.002647356386261,-0.0273251161717266
RO,2030,0.0025721069558884,0.0025721069558885,0.0182415736037362,0.0007772523730495,0.0007772523730495,0.0130927444089881,0.0130927444089881,0.0130927444089881,0.0130927444089881,0.0130927444089881,0.0130927444089881,0.0130927444089881,0.0105482480506058,-0.0407732663909402,0.0329529782455975,0.0222791494359174,-0.0052405058691162,0.0052747200607713,0.067,0.0084117653230256,-0.0121177024056138,-0.0037333014758196,0.0100193217834005,-0.0052405058691162,-0.0002812311610536,-0.0260401670601746,0.0488038249272473,0.0117842239134111,-0.0036584059832048,-0.0358897928644213
RO,2035,0.0022154744148658,0.0022154744148658,0.0178801452077717,-0.0021999787530553,-0.0021999787530553,0.0096780543349466,0.0096780543349466,0.0096780543349466,0.0096780543349466,0.0096780543349466,0.0096780543349466,0.0096780543349466,0.0101895558016231,-0.0411137060382533,0.0326029145757522,0.0219145068076079,-0.0055953610756822,0.0049161250925781,0.067,-0.0024306663679779,-0.0124701117231534,-0.0040886927227132,0.0096595728659628,-0.0055953610756822,-0.0006373166657508,-0.0385025477364354,0.0443359177446627,0.0092337589699605,-0.0040119637138462,-0.036200451655948
RO,2040,0.0017722961383918,0.0017722961383918,0.0174311307754055,-0.0024025050831551,-0.0024025050831551,0.0081789518906736,0.0081789518906736,0.0081789518906736,0.0081789518906736,0.0081789518906736,0.0081789518906736,0.0081789518906736,0.0097439405750128,-0.041536645455023,0.0330412402583093,0.0214614992282503,-0.0060362094177809,0.0044706307211054,0.067,-0.0019158324456795,-0.0129079214565401,-0.0045302070054138,0.0092126449052347,-0.0060362094177809,-0.0010796934478481,-0.0066300176168017,0.0439618189081984,0.0087876822102698,-0.0044512001587553,-0.0366263380835417
RO,2045,0.0014830110377999,0.0014830110377999,0.0171378830009827,-0.0024748149394574,-0.0024748149394574,0.0065078541578358,0.0065078541578358,0.0065078541578358,0.0065078541578358,0.0065078541578358,0.0065078541578358,0.0065078541578358,0.009452912794984,-0.0418128638429929,0.0325469650268995,0.0211656435611099,-0.0063241239832376,0.0041796818706109,-0.07,-0.0013397645307234,-0.01319385153068,-0.0048185564914104,0.0089207597889361,-0.0063241239832376,-0.0013686062253793,0.0243921232218199,0.0437189223220436,0.0084963530066363,-0.0047380620069065,-0.0369044811409725
RO,2050,0.0011957766959126,0.0011957766959126,0.0168467190455325,-0.0027200424313459,-0.0027200424313459,0.0060272191407768,0.0060272191407768,0.0060272191407768,0.0060272191407768,0.0060272191407768,0.0060272191407768,0.0060272191407768,0.0091639530586455,-0.0420871194228271,0.0324237988563418,0.0208718902446306,-0.0066099926275098,0.0038908005029335,-0.07,-0.0014615160329199,-0.0134777497854325,-0.0051048569656768,0.0086309488085604,-0.0066099926275098,-0.0016554659884298,-0.0060981998216981,0.0434707898560164,0.0082070939886095,-0.0042314311550159,-0.0371806477135641
RU,2025,0.0267370062544458,0.0267370062544458,0.0219592401227088,0.0173522486351014,0.0173522486351014,0.0244385505634816,0.0244385505634816,0.0244385505634816,0.0244385505634816,0.0244385505634816,0.0244385505634816,0.0244385505634816,0.0095333509483068,0.0345638610982734,-0.0166779990997942,0.0648929513070405,-0.0254487695818144,0.0407668370381114,-0.07,-0.0216152606388367,0.0144909042309356,0.067,0.0648929513070405,-0.0254487695818144,0.0407668370381114,-0.0126916942683453,0.0479758188956968,0.0393105266692795,-0.0011294431153964,0.0027667316033331
RU,2030,0.0107304149335614,0.0107304149335614,0.0206608545281352,0.0186434211636615,0.0186434211636615,0.0219290217688521,0.0219290217688521,0.0219290217688521,0.0219290217688521,0.0219290217688521,0.0219290217688521,0.0219290217688521,-0.0002623560308192,0.0308547770737275,-0.013474470282391,0.0648745311410541,-0.0361481593825848,0.0519544059765649,-0.07,-0.0093509763628865,0.017187017048352,0.067,0.0158631858792346,-0.0361481593825848,0.0413822701450954,0.0204947886069634,0.0559908100591309,0.0466236378288326,-0.0073340381948238,-0.0087254540903837
RU,2035,0.0137533480061701,0.0137533480061701,0.0211135838799729,0.0139792240569853,0.0139792240569853,0.0177309441294977,0.0177309441294977,0.0177309441294977,0.0177309441294977,0.0177309441294977,0.0177309441294977,0.0177309441294977,0.0001810742971943,0.031312036969687,-0.0109707278405831,0.0655260113052645,-0.0357184558112931,0.0524232654819764,-0.07,-0.0289046027507033,0.0176404246814502,0.067,0.0164037777469856,-0.0357184558112931,0.0418457643611605,0.0196602654113436,0.0481971073004161,0.0453888245234544,-0.006933380838944,-0.0082848961945267
RU,2040,0.0167208235223447,0.0167208235223447,0.0215440140842511,0.0144769043432237,0.0144769043432237,0.0135707675849379,0.0135707675849379,0.0135707675849379,0.0135707675849379,0.0135707675849379,0.0135707675849379,0.0135707675849379,0.0006026635003139,0.0317467745665032,-0.0097490166893852,0.0660647785407032,-0.0353099172546051,0.0528690313504202,-0.07,-0.0277665458857193,0.0180714997583003,0.067,0.016877430643049,-0.0353099172546051,0.0422864292071503,-8.503309721649727e-05,0.0483409416566178,0.0458303522711039,-0.0065524578286802,-0.0078660379421508
RU,2045,0.0197218073175132,0.0197218073175132,0.0222675098266951,0.015139837480265,0.015139837480265,0.0089538919846157,0.0089538919846157,0.0089538919846157,0.0089538919846157,0.0089538919846157,0.0089538919846157,0.0089538919846157,0.0013112986994374,0.0324775104610821,-0.0093202178439008,0.0661930059354878,-0.0346232184508261,0.0536183042981376,-0.07,-0.026548028223872,0.0187960794454947,0.067,0.0172848937423308,-0.0346232184508261,0.0430271280167359,0.0233705188110664,0.0485578582476365,0.0465725015032454,-0.0059121770737847,-0.0071619931068449
RU,2050,0.0220785900912156,0.0220785900912156,0.0225269276368171,0.0153539800619874,0.0153539800619874,0.0058426703420324,0.0058426703420324,0.0058426703420324,0.0058426703420324,0.0058426703420324,0.0058426703420324,0.0058426703420324,0.0015653880889771,0.0327395243119292,-0.0089885787222212,0.0661716751024678,-0.0343769946108792,0.0538869648249072,-0.07,-0.0262053537576366,0.0190558859166095,0.067,0.0173973402457943,-0.0343769946108792,0.0432927141865918,0.0061840669770914,0.0485952510477775,0.0468386077389718,-0.0049106218605429,-0.0069095496456217
RW,2025,0.0311903997201251,0.0311903997201251,-0.0436904190062116,0.0362554272286834,0.0362554272286834,0.0271300475407236,0.0271300475407236,0.0271300475407236,0.0271300475407236,0.0271300475407236,0.0271300475407236,0.0271300475407236,0.07,0.0250685530121392,0.023222821475709,0.067,0.0065026461482361,0.0200685530121392,0.0200685530121392,0.0348846028904554,0.0200685530121392,0.0200685530121392,0.067,0.0065026461482361,0.0200685530121392,0.07,0.0672167563697224,0.0230685530121392,0.0090316672324031,0.0230685530121392
RW,2030,-0.0049393184485179,-0.0049393184485179,-0.0657459390113322,0.0333553258478804,0.0333553258478804,0.0257149503365983,0.0257149503365983,0.0257149503365983,0.0257149503365983,0.0257149503365983,0.0257149503365983,0.0257149503365983,0.07,0.0231708927266838,0.0198016595127299,-0.07,0.0030470638908529,0.0181708927266838,0.0181708927266838,0.0270795179381537,0.018170892726684,0.018170892726684,-0.032040439489774,0.0030470638908529,0.0196708927266838,-0.0243110766181784,-0.0457935241941282,0.0253305474054134,0.0064466119315835,0.0211708927266838
RW,2035,0.0160311008222019,0.0160311008222018,-0.0373662817213588,0.0296382574037445,0.0296382574037445,0.0235475983441797,0.0235475983441797,0.0235475983441797,0.0235475983441797,0.0235475983441797,0.0235475983441797,0.0235475983441797,0.07,0.0208878461470904,0.0220499273775159,0.067,0.0007978298747979,0.0158878461470904,0.0158878461470904,0.0167773373207971,0.0158878461470904,0.0158878461470904,0.0353350865240641,0.0007978298747979,0.0173878461470904,0.0224913494864652,0.07,0.0188878461470904,0.0041964846401773,0.0188878461470904
RW,2040,0.0157722614529015,0.0157722614529015,-0.0658895665425646,0.0295421337501693,0.0295421337501693,0.0233794386168364,0.0233794386168364,0.0233794386168364,0.0233794386168364,0.0233794386168364,0.0233794386168364,0.0233794386168364,0.07,0.0205508515855044,0.0208116715234004,0.067,0.000465826297683,0.0155508515855044,0.0155508515855044,0.0170668318296687,0.0155508515855044,0.0155508515855044,0.0351691058465919,0.000465826297683,0.0170508515855044,0.0185508515855044,0.07,0.0185508515855044,0.0038643492090135,0.0185508515855044
RW,2045,0.0148382221702655,0.0148382221702655,-0.0669496234797272,0.0288120763577154,0.0288120763577154,0.0231094115654437,0.0231094115654437,0.0231094115654437,0.0231094115654437,0.0231094115654437,0.0231094115654437,0.0231094115654437,0.07,0.0193924889523653,0.0197065297709251,0.067,-0.000675380658264,0.0143924889523653,0.0143924889523653,0.0164633275261311,0.0143924889523653,0.0143924889523653,0.034598574934455,-0.000675380658264,0.0158924889523653,0.0175835013455242,0.07,0.0173924889523653,0.0027226890267515,0.0173924889523653
RW,2050,0.0124868088313385,0.0124868088313386,-0.068,0.0266776247338691,0.0266776247338691,0.0228003596848087,0.0228003596848087,0.0228003596848087,0.0228003596848087,0.0228003596848087,0.0228003596848087,0.0228003596848087,0.07,0.0165116896333539,0.0169381070204645,0.067,-0.0035135145271324,0.0115116896333539,0.0115116896333539,0.0136871196687689,0.0115116896333539,0.0115116896333539,0.0331796884682149,-0.0035135145271324,0.0130116896333539,0.0153644238262847,0.07,0.0145116896333539,0.0005573966253615,0.0145116896333539
BL,2025,0.0026016291988648,0.0026016291988648,0.0263379347521459,0.0163427037076024,0.0163427037076024,0.0237215050080043,0.0237215050080043,0.0237215050080043,0.0237215050080043,0.0237215050080043,0.0237215050080043,0.0237215050080043,0.0235996925308947,0.0139850241403995,0.0489895055086441,0.0018198634561948,-0.003,0.0089850241403995,0.0089850241403995,0.0238010740187157,0.0089850241403995,0.0089850241403995,0.0018198634561948,-0.003,0.0089850241403995,0.036991828150108,0.021951694710111,0.0119850241403995,0.0,0.0119850241403995
BL,2030,0.0099565990902767,0.0099565990902767,0.0284470910575596,0.0190638759630276,0.0190638759630276,0.023037111170512,0.023037111170512,0.023037111170512,0.023037111170512,0.023037111170512,0.023037111170512,0.023037111170512,0.0236831471138778,0.0195545771755876,0.0356083755476667,-0.0018174674245862,-0.0056612467361034,0.0145545771755876,0.0145545771755876,0.0234632023870575,0.0145545771755876,0.0145545771755876,0.0078685548755007,-0.0056612467361034,0.0160545771755876,0.0394166492604126,0.0260593056745549,0.0217142318543172,-0.0026612467361034,0.0175545771755876
BL,2035,-0.0074927774117402,-0.0074927774117402,0.0107391026304013,-0.000513290965821,-0.000513290965821,0.0216765925334854,0.0216765925334854,0.0216765925334854,0.0216765925334854,0.0216765925334854,0.0216765925334854,0.0216765925334854,0.0060573449630092,0.002,0.0180665038743268,-0.0190895985015541,-0.0228670659688876,-0.003,-0.003,-0.0021105088262933,-0.003,-0.003,-0.009544799250777,-0.0228670659688876,-0.0015,0.0011080969317112,-0.0027311787359109,0.0,-0.0198670659688876,0.0
BL,2040,0.0085478796949469,0.0085478796949469,0.027017493458658,0.0157970647572767,0.0157970647572767,0.0215864564331158,0.0215864564331158,0.0215864564331158,0.0215864564331158,0.0215864564331158,0.0215864564331158,0.0215864564331158,0.0222601845601555,0.0181373647415956,0.035567538185047,-0.0032118774795238,-0.0070503033171772,0.0131373647415956,0.0131373647415956,0.01465334498576,0.0131373647415956,0.0131373647415956,0.0064627436310358,-0.0070503033171772,0.0146373647415956,0.0235835680180265,0.0133621119782487,0.0161373647415956,-0.0040503033171772,0.0161373647415956
BL,2045,-0.0074927774117402,-0.0074927774117402,0.0107391026304013,-0.0002179541158062,-0.0002179541158062,0.0211415305692228,0.0211415305692228,0.0211415305692228,0.0211415305692228,0.0211415305692228,0.0211415305692228,0.0211415305692228,0.0060573449630092,0.002,0.0188816612063681,-0.0190895985015541,-0.0228670659688876,-0.003,-0.003,-0.0009291614262341,-0.003,-0.003,-0.009544799250777,-0.0228670659688876,-0.0015,7.087818489496701e-05,-0.0027311787359109,0.0,-0.0198670659688876,0.0
BL,2050,-0.0074927774117402,-0.0074927774117402,0.0107391026304013,-0.0001918062503939,-0.0001918062503939,0.0203999778798624,0.0203999778798624,0.0203999778798624,0.0203999778798624,0.0203999778798624,0.0203999778798624,0.0203999778798624,0.0060573449630092,0.002,0.0190527043950777,-0.0190895985015541,-0.0228670659688876,-0.003,-0.003,-0.0008245699645849,-0.003,-0.003,-0.009544799250777,-0.0228670659688876,-0.0015,0.0003705055017595,-0.0027311787359109,0.0,-0.0198670659688876,0.0
WS,2025,-0.0372857186162763,-0.0372857186162763,0.063568215941582,0.0086850139993732,0.0086850139993732,-0.010937726847808,-0.010937726847808,-0.010937726847808,-0.010937726847808,-0.010937726847808,-0.010937726847808,-0.010937726847808,0.031702776712436,0.0110372792850568,0.0332892651050212,-0.07,-0.0478944351338857,0.0060372792850568,0.0060372792850568,-0.07,0.067,0.0060372792850568,-0.07,-0.0478944351338857,0.0060372792850568,0.07,0.0344488997340864,0.0090372792850568,-0.0449900243778442,0.0042466856814091
WS,2030,-0.0231292631729665,-0.0231292631729665,0.0642914563795116,-0.0100588177544858,-0.0100588177544858,-0.0114178304590681,-0.0114178304590681,-0.0114178304590681,-0.0114178304590681,-0.0114178304590681,-0.0114178304590681,-0.0114178304590681,0.0451441351992532,0.007420371823521,0.000790665370195,-0.0012489265823515,-0.0379548348521232,0.002420371823521,0.002420371823521,-0.0177997780407175,-0.07,0.002420371823521,-0.0182794317776266,-0.0379548348521232,0.003920371823521,0.0062213988420666,0.0381219500943238,0.0095800265022506,-0.0353600885592518,0.0105637575742025
WS,2035,-0.0205955346638274,-0.0205955346638274,0.066884917200668,0.0257034902556487,0.0257034902556487,-0.0128224263098607,-0.0128224263098607,-0.0128224263098607,-0.0128224263098607,-0.0128224263098607,-0.0128224263098607,-0.0128224263098607,0.0476908500666391,0.0098749885178921,0.0032614366038272,0.0011967319474784,-0.0355987895206587,0.0048749885178921,0.0048749885178921,-0.0167518775619361,0.067,0.0048749885178921,-0.0158790133172064,-0.0355987895206587,0.0063749885178921,0.0118640378050816,0.0382793745221137,0.0078749885178921,-0.0330050326074964,0.0130309312456182
WS,2040,-0.0183005507648032,-0.0183005507648033,0.0691853577548198,0.0276145515250434,0.0276145515250434,-0.011101705424565,-0.011101705424565,-0.011101705424565,-0.011101705424565,-0.011101705424565,-0.011101705424565,-0.011101705424565,0.0499498262242903,0.0120522721469971,0.0062264204964659,0.0033660695436869,-0.033508940241384,0.0070522721469973,0.0070522721469973,-0.0135438922711138,0.067,0.0070522721469973,-0.0137498043743766,-0.033508940241384,0.0085522721469973,0.0100522721469973,0.0402045866605799,0.0100522721469973,-0.0309160609235906,0.0152193531109348
WS,2045,-0.0177961194655509,-0.0177961194655509,0.0695025948375589,0.0281115045815874,0.0281115045815874,-0.0074496388484147,-0.0074496388484147,-0.0074496388484147,-0.0074496388484147,-0.0074496388484147,-0.0074496388484147,-0.0074496388484147,0.0502613452526505,0.0123525255508707,0.0064226445140752,0.0036652271677583,-0.0332207442749529,0.0073525255508707,0.0073525255508707,-0.0121678524771713,0.067,0.0073525255508707,-0.0134561806020317,-0.0332207442749529,0.0088525255508707,0.0103891780907842,0.0404700787122474,0.0103525255508707,-0.0306279859799758,0.0155211425082317
WS,2050,-0.0180377811638692,-0.0180377811638693,0.0689641710884554,0.0277791753445883,0.0277791753445883,-0.0042493616142769,-0.0042493616142769,-0.0042493616142769,-0.0042493616142769,-0.0042493616142769,-0.0042493616142769,-0.0042493616142769,0.0497326263471598,0.0118429269818798,0.0061999261035206,0.003157488387239,-0.0337098786201016,0.0068429269818798,0.0068429269818798,-0.0124588519506863,0.067,0.0068429269818798,-0.0139545271728893,-0.0337098786201016,0.0083429269818798,0.0100760479016588,0.0400194780933608,0.0098429269818798,-0.0302782702109412,0.0150089370077606
ST,2025,0.0266449942005921,0.0266449942005921,0.0070243872632769,0.027596752458526,0.027596752458526,0.0659623602715224,0.0659623602715224,0.0659623602715224,0.0659623602715224,0.0659623602715224,0.0659623602715224,0.0659623602715224,0.0139728268366663,0.0197070914987189,0.0482651966496332,0.067,-0.0017721088969426,0.0147070914987189,0.0147070914987189,0.067,0.0147070914987189,0.0147070914987189,0.067,-0.0017721088969426,0.0147070914987189,-0.0534282784468692,0.0313756380888783,0.0177070914987189,0.0012668193356536,0.0177070914987189
ST,2030,0.0238008068738238,0.0238008068738238,0.0471255311961071,0.0374116420687805,0.0374116420687805,0.0540119490838559,0.0540119490838559,0.0540119490838559,0.0540119490838559,0.0540119490838559,0.0540119490838559,0.0540119490838559,0.049845452859325,0.0214005577078986,0.0436774722505622,0.067,0.0119732745187409,0.0164005577078986,0.0164005577078986,0.067,0.0164005577078986,0.0164005577078986,0.0413205053872871,0.0119732745187409,0.0179005577078986,0.0202160836750277,0.046456127269293,0.0235602123866282,0.0149779792580718,0.0194005577078986
ST,2035,0.0235553977357483,0.0235553977357483,0.0468208475890667,0.0371866809081331,0.0371866809081331,0.0434764686998017,0.0434764686998017,0.0434764686998017,0.0434764686998017,0.0434764686998017,0.0434764686998017,0.0434764686998017,0.0495399763183084,0.021103373657112,0.0425972985650213,0.067,0.0116773811460319,0.016103373657112,0.016103373657112,0.067,0.016103373657112,0.016103373657112,0.0411724613689448,0.0116773811460319,0.017603373657112,0.0231189203911126,0.0461052311147133,0.019103373657112,0.0146820845137984,0.019103373657112
ST,2040,0.0216331153182385,0.0216331153182385,0.0444469434386931,0.0354339242103852,0.0354339242103852,0.0371853898839127,0.0371853898839127,0.0371853898839127,0.0371853898839127,0.0371853898839127,0.0371853898839127,0.0371853898839127,0.0471598941222048,0.0187879013596681,0.040986577480266,0.067,0.0093719650051202,0.0137879013596681,0.0137879013596681,0.067,0.0137879013596681,0.0137879013596681,0.0400189949485006,0.0093719650051202,0.015287901359668,0.0167879013596681,0.0438855208098952,0.016787901359668,0.0123766576865147,0.016787901359668
ST,2045,0.0203543485405086,0.0203543485405086,0.0431134638222072,0.0344493582039027,0.0344493582039027,0.0318959845069204,0.0318959845069204,0.0318959845069204,0.0318959845069204,0.0318959845069204,0.0318959845069204,0.0318959845069204,0.045822944147386,0.0174872443341123,0.0407982524531405,0.0658020068807637,0.0080769567669238,0.0124872443341125,0.0124872443341125,0.067,0.0124872443341125,0.0124872443341125,0.0387720682861774,0.0080769567669238,0.0139872443341125,0.0155132881721983,0.0425567286719475,0.0154872443341125,0.0110816434455236,0.0154872443341125
ST,2050,0.0192354085905986,0.0192354085905986,0.0419718292088535,0.0336064397083849,0.0336064397083849,0.0280185890986961,0.0280185890986961,0.0280185890986961,0.0280185890986961,0.0280185890986961,0.0280185890986961,0.0280185890986961,0.0446783384491018,0.016373710192219,0.0404701858407037,0.0646300103517808,0.0069682587328287,0.011373710192219,0.011373710192219,0.067,0.011373710192219,0.011373710192219,0.0376313563064279,0.0069682587328287,0.012873710192219,0.0145642469016286,0.0414016403039592,0.014373710192219,0.0106924531913235,0.014373710192219
SA,2025,0.0174814622976857,0.0174814622976857,0.0013934438203034,0.0080202861999898,0.0080202861999898,0.0351004446967253,0.0351004446967253,0.0351004446967253,0.0351004446967253,0.0351004446967253,0.0351004446967253,0.0351004446967253,-0.0019666553551954,0.0272643327209434,0.0095648518891825,0.0359567410236677,0.0100770624437767,0.0064105834256128,0.0064105834256128,0.0212266333039289,0.0064105834256128,0.0064105834256128,0.0359567410236677,0.0100770624437767,0.0064105834256128,0.0632879141717529,-0.0350462173774792,0.0554462993320948,0.0130770624437767,0.0094105834256128
SA,2030,0.0156319104602814,0.0156319104602814,0.0193833304663828,0.0160314763128159,0.0160314763128159,0.0339598669292484,0.0339598669292484,0.0339598669292484,0.0339598669292484,0.0339598669292484,0.0339598669292484,0.0339598669292484,0.0146781743128174,0.0328734449193213,0.0151438020283716,0.0147243008462819,0.0160386118961053,0.0135130352423255,0.0135130352423255,0.0224216604537954,0.0135130352423255,0.0135130352423255,-0.027637849576859,0.0160386118961053,0.0150130352423255,-0.0485716477397051,-0.0013567433922255,0.0118385590389749,0.0190386118961053,0.0165130352423255
SA,2035,0.0127417424880435,0.0127417424880435,0.0163070696186118,0.0109559623324922,0.0109559623324922,0.0256688391366348,0.0256688391366348,0.0256688391366348,0.0256688391366348,0.0256688391366348,0.0256688391366348,0.0256688391366348,0.0116161404404886,0.0297563940274432,0.0166014871356834,0.0116470090067514,0.014035221994959,0.010439405905258,0.0104394059052578,0.0113288970789645,0.010439405905258,0.0104394059052578,0.0408235045033757,0.014035221994959,0.0119394059052579,0.0619963914203743,2.7517418564142623e-05,0.0047108206838724,0.017035221994959,0.0134394059052579
SA,2040,0.0117839090099662,0.0117839090099662,0.015522108537719,0.0103290346903841,0.0103290346903841,0.0231255777794217,0.0231255777794217,0.0231255777794217,0.0231255777794217,0.0231255777794217,0.0231255777794217,0.0231255777794217,0.0108348096180732,0.0289610246623717,0.0149159362376624,0.0108617848505067,0.0122262941109849,0.0096551162997663,0.0096551162997663,0.0111710965439306,0.0096551162997663,0.0096551162997663,-0.0276779695896828,0.0122262941109849,0.0111551162997663,0.0615062065077515,0.0004462545160154,0.0039332860344442,0.0152262941109849,0.0126551162997663
SA,2045,0.010962452652571,0.010962452652571,0.0147050023857624,0.0096521120811019,0.0096521120811019,0.0195779100861186,0.0195779100861186,0.0195779100861186,0.0195779100861186,0.0195779100861186,0.0195779100861186,0.0195779100861186,0.0100214823879094,0.0281330839948692,0.0141527499394706,0.0100444048499556,0.0113849491688351,0.0088387091209108,0.0088387091209108,0.0109095476946767,0.0088387091209108,0.0088387091209108,-0.0299777975750221,0.0113849491688351,0.0103387091209108,-0.0523277724092384,0.0001431697011864,0.0031239104349752,0.0143849491688351,0.0118387091209108
SA,2050,0.0101960342448296,0.0101960342448296,0.0139360330230138,0.0089106730056739,0.0089106730056739,0.0162961229296918,0.0162961229296918,0.0162961229296918,0.0162961229296918,0.0162961229296918,0.0162961229296918,0.0162961229296918,0.0092560693257415,0.0273539183920175,0.013496814940957,0.0092751777713905,0.0106200340110763,0.0080703975538464,0.0080703975538464,0.0102458275892614,0.0080703975538464,0.0080703975538464,-0.0303624111143047,0.0106200340110763,0.0095703975538464,-0.0640888718200565,-0.0028601013112992,0.0023622162077839,0.0136264037333352,0.0110703975538464
SN,2025,0.0290034121934028,0.0290034121934028,0.07,0.0281230694550152,0.0281230694550152,0.0335033781632549,0.0335033781632549,0.0335033781632549,0.0335033781632549,0.0335033781632549,0.0335033781632549,0.0335033781632549,-0.0036553407713173,0.0310674491531452,0.0277280777592589,0.067,-0.0045635727154805,0.0245738092956892,0.0245738092956892,0.067,0.0245738092956892,0.0245738092956892,0.067,-0.0045635727154805,0.0245738092956892,0.0163159038038424,0.0362220875985057,0.0275738092956892,-0.0015635727154805,0.0275738092956892
SN,2030,0.0248639971768833,0.0248639971768833,0.07,0.0249944405049382,0.0249944405049382,0.0358035602224187,0.0358035602224187,0.0358035602224187,0.0358035602224187,0.0358035602224187,0.0358035602224187,0.0358035602224187,0.0106698840123111,-0.068,0.0212826834831685,0.0664750654722535,0.0099523117850824,0.0196519166971224,0.0196519166971221,0.0500040446131972,0.0196519166971221,0.0196519166971224,0.0419624932903703,0.0099523117850824,0.0211519166971222,0.0546080806713499,0.0309766220490044,0.0268115713758519,0.0129523117850824,0.0226519166971224
SN,2035,0.0233648752890763,0.0233648752890763,0.07,0.0231546512758332,0.0231546512758332,0.0366552570801026,0.0366552570801026,0.0366552570801026,0.0366552570801026,0.0366552570801026,0.0366552570801026,0.0366552570801026,0.0091935756122303,0.07,0.0243172251588662,0.0649097614537047,0.0084697355423763,0.0181551439284407,0.0181551439284407,0.047114741634221,0.0181551439284407,0.0181551439284407,0.0404352617665281,0.0084697355423763,0.0196551439284407,0.0247457191970563,0.0317044063396393,0.0211551439284407,0.0114697355423763,0.0211551439284407
SN,2040,0.0214396151972629,0.0214396151972629,0.07,0.0214965485535277,0.0214965485535277,0.0392717698356746,0.0392717698356746,0.0392717698356746,0.0392717698356746,0.0392717698356746,0.0392717698356746,0.0392717698356746,0.0072984165762679,0.07,0.0214945344162344,0.0629003574195484,0.0065665303836755,0.0162337144783383,0.0162337144783383,0.0462203486811664,0.0162337144783383,0.0162337144783383,0.0384747319597089,0.0065665303836755,0.0177337144783383,0.0192514369579348,0.0308334202441004,0.0192337144783383,0.0095665303836755,0.0192337144783383
SN,2045,0.019544988403996,0.019544988403996,0.07,0.0198678843185034,0.0198678843185034,0.0409235256956688,0.0409235256956688,0.0409235256956688,0.0409235256956688,0.0409235256956688,0.0409235256956688,0.0409235256956688,0.0054314779661284,0.07,0.0196549374599854,0.0609208750101309,0.0047028049943223,0.0143408966414256,0.0143408966414256,0.0453582660250338,0.0143408966414256,0.0143408966414256,0.0365433960014991,0.0047028049943223,0.0158408966414256,0.0175617248726141,0.0297017262674206,0.0173408966414256,0.0077028049943223,0.0173408966414256
SN,2050,0.0180429689860027,0.0180429689860027,0.07,0.0184021801907533,0.0184021801907533,0.0418194246938186,0.0418194246938186,0.0418194246938186,0.0418194246938186,0.0418194246938186,0.0418194246938186,0.0418194246938186,0.0039398399109553,0.07,0.0182549991073521,0.0593393172259614,0.0032799113708327,0.0128285817202414,0.0128285817202414,0.0440117174115748,0.0128285817202414,0.0128285817202414,0.0350003060482765,0.0032799113708327,0.0143285817202414,0.016746088415128,0.0277205463792506,0.0158285817202414,0.0070780190680421,0.0158285817202414
RS,2025,0.0206705043701696,0.0206705043701696,-0.0012815783400609,-0.0039804289162282,-0.0039804289162282,0.0105503335746026,0.0105503335746026,0.0105503335746026,0.0105503335746026,0.0105503335746026,0.0105503335746026,0.0105503335746026,0.0073212810837688,0.015676692665159,-0.0457894479329661,-0.0692934480241593,0.0643049611346682,0.067,-0.0351233493723309,-0.0202429967486819,-0.07,0.067,-0.0692934480241593,0.0643049611346682,0.067,0.0054107174438041,-0.0241803705197526,0.0471196823510976,0.0560464397445145,-0.0070702940212543
RS,2030,0.0416803484890249,0.0416803484890249,-0.0009205428566191,0.0147963406637953,0.0147963406637953,0.0108630012441395,0.0108630012441395,0.0108630012441395,0.0108630012441395,0.0108630012441395,0.0108630012441395,0.0108630012441395,0.0069862123891915,0.018481039005515,-0.0585872059213313,-0.07,0.0567324309391214,0.0533496599950283,-0.0198897628382542,0.0169494869831516,-0.0317503367171618,0.067,-0.0051335812787045,0.0567324309391214,0.0616748299975142,-0.0021782345544905,-0.0213429906012084,0.0263147887888206,0.0480304961066686,0.0033432491989812
RS,2035,0.042043046826449,0.042043046826449,-0.0012991309202907,0.0130070170674403,0.0130070170674403,0.0093633567529121,0.0093633567529121,0.0093633567529121,0.0093633567529121,0.0093633567529121,0.0093633567529121,0.0093633567529121,0.0066046221543918,0.0180950842197062,-0.0584023056811395,-0.0670203410919959,0.0563300548366556,0.0529485672140345,-0.0202630468312162,0.0105425634013513,-0.0321191172859817,0.067,-0.0038449405063377,0.0563300548366556,0.0614742836070172,-0.000867461265694,-0.0293029001207441,0.0276955222680244,0.0476325678710224,0.0029622827923515
RS,2040,0.0413889405966059,0.0413889405966059,-0.0017443971613767,0.0132879085546168,0.0132879085546168,0.0091772809470858,0.0091772809470858,0.0091772809470858,0.0091772809470858,0.0091772809470858,0.0091772809470858,0.0091772809470858,0.0061558249899054,0.0176411538051031,-0.0580082379401026,-0.07,0.0558568109289893,0.0524768326506465,-0.0207020748311795,0.0125486579324639,-0.032552848703902,0.067,-0.0055713926556039,0.0558568109289893,0.0612384163253232,-0.0041021090270265,-0.0299573028149195,0.0228550440986999,0.0471645552031377,0.0025142193267078
RS,2045,0.0414118262050111,0.0414118262050111,-0.0019215919160884,0.0137581957235051,0.0137581957235051,0.0090322365338211,0.0090322365338211,0.0090322365338211,0.0090322365338211,0.0090322365338211,0.0090322365338211,0.0090322365338211,0.0059772250958676,0.01746051112203,-0.0583836106767123,-0.0694868243748872,0.0556686768405375,0.0522891047644168,-0.0208767870630688,0.0147810109465816,-0.0327254531484287,0.067,-0.005408969404781,0.0556686768405375,0.0611445523822084,-0.0041452825479654,-0.0298400253967101,0.0228550440986999,0.0469783084540341,0.0023359114098615
RS,2050,0.0415485004857761,0.0415485004857761,-0.0017847791682112,0.0138759837722743,0.0138759837722743,0.0094240046574383,0.0094240046574383,0.0094240046574383,0.0094240046574383,0.0094240046574383,0.0094240046574383,0.0094240046574383,0.0061151227571931,0.0175999860285833,-0.0580886262836087,-0.0689571337172219,0.0558140864484504,0.052434050183428,-0.0207418910805583,0.0149809969285071,-0.032592184596603,0.067,-0.0050714192576575,0.0558140864484504,0.061217025091714,-0.0043190430871872,-0.0300324912275125,0.0228550440986999,0.0478778115227308,0.0024735836344805
SC,2025,0.0022273872874406,0.0022273872874406,0.0510970277656246,0.0171520051003594,0.0171520051003594,0.0237215050080043,0.0237215050080043,0.0237215050080043,0.0237215050080043,0.0237215050080043,0.0237215050080043,0.0237215050080043,0.0199216657563896,0.0248506652523243,0.0230049337158941,-0.0110348616847892,-0.0021336417052132,0.0198506652523243,0.0198506652523243,0.0089850241403993,0.0198506652523243,0.0198506652523243,-0.0110348616847892,-0.0021336417052132,0.0198506652523243,-0.0068853599955358,-0.0119586288627601,0.0228506652523243,0.0008663582947867,0.0228506652523243
SC,2030,-0.0046226414512572,-0.0046226414512572,0.0399480579429627,0.0100197153393187,0.0100197153393187,0.023037111170512,0.023037111170512,0.023037111170512,0.023037111170512,0.023037111170512,0.023037111170512,0.023037111170512,0.0643780124196242,0.0138376165182416,0.0104683833042878,-0.0111962251430371,-0.014806019254712,0.0088376165182416,0.0088376165182416,-0.0419743840988327,0.0088376165182416,0.0088376165182416,-0.0111364890283819,-0.014806019254712,0.0103376165182416,0.0144710767079272,0.0542421294266313,0.0159972711969712,-0.011806019254712,0.0118376165182416
SC,2035,-0.012887733994311,-0.012887733994311,0.0307192377064278,0.0006910270683126,0.0006910270683126,0.0216765925334854,0.0216765925334854,0.0216765925334854,0.0216765925334854,0.0216765925334854,0.0216765925334854,0.0216765925334854,0.0549319754769868,0.0048409548838266,0.0060030361142521,-0.0200147577064218,-0.0217573972834255,-0.0001590451161733,-0.0001590451161733,-0.0518497769713893,-0.0001590451161733,-0.0001590451161733,-0.0199422156171426,-0.0217573972834255,0.0013409548838266,0.0523469229643626,0.0366629443947583,0.0028409548838266,-0.0187573972834255,0.0028409548838267
SC,2040,-0.0156692194105215,-0.0156692194105215,0.0278049720611968,0.028237279351032,0.028237279351032,0.0215864564331158,0.0215864564331158,0.0215864564331158,0.0215864564331158,0.0215864564331158,0.0215864564331158,0.0215864564331158,0.051949117404128,0.002,0.002260819937896,-0.0227994632085488,-0.0262323667241081,-0.003,-0.003,0.067,-0.003,-0.003,-0.0227228772641567,-0.0262323667241081,-0.0015,-0.0604406568281022,0.0338598294319202,0.0,-0.0232323667241081,0.0
SC,2045,-0.0139769344456689,-0.0139769344456689,0.0292457150615692,-0.0002039542910108,-0.0002039542910108,0.0211415305692228,0.0211415305692228,0.0211415305692228,0.0211415305692228,0.0211415305692228,0.0211415305692228,0.0211415305692228,0.0534237708546836,0.0034044999191975,0.0037185407377573,-0.0214227716338278,-0.0248766627212997,-0.0015955000808024,-0.0015955000808022,-0.0510485878571224,-0.0015955000808022,-0.0015955000808024,-0.0213481848743617,-0.0248766627212997,-9.550008080244512e-05,0.001574589074187,0.038962920373851,0.0014044999191975,-0.0218766627212997,0.0014044999191975
SC,2050,-0.0161349006117485,-0.0161349006117485,0.0263662497461993,-0.0069858429291748,-0.0069858429291748,0.0203999778798624,0.0203999778798624,0.0203999778798624,0.0203999778798624,0.0203999778798624,0.0203999778798624,0.0203999778798624,0.0504765321993734,0.0005974699341665,0.0010238873212771,-0.0241742239319451,-0.0258534527217185,-0.0044025300658334,-0.0044025300658335,-0.0696148437844058,-0.0044025300658335,-0.0044025300658334,-0.0240956416065438,-0.0258534527217185,-0.0029025300658335,0.07,0.0323739978092607,-0.0014025300658334,-0.0220199483086685,-0.0014025300658334
SL,2025,0.0259008388053764,0.0259008388053764,0.07,0.0364678637565853,0.0364678637565853,0.0336444370775177,0.0336444370775177,0.0336444370775177,0.0336444370775177,0.0336444370775177,0.0336444370775177,0.0336444370775177,0.07,0.0253518017160083,0.023506070179578,0.064866229401813,-0.0075155147016919,0.0203518017160083,0.0203518017160083,0.0351678515943244,0.0203518017160083,0.0203518017160083,0.064866229401813,-0.0075155147016919,0.0203518017160083,-0.07,0.0422899417117502,0.0233518017160083,-0.0008258549999704,0.0233518017160083
SL,2030,-0.0147567136358471,-0.0147567136358471,0.07,0.0319728873093578,0.0319728873093578,0.03925787185699,0.03925787185699,0.03925787185699,0.03925787185699,0.03925787185699,0.03925787185699,0.03925787185699,0.07,0.0213276413419871,0.0179584081280333,-0.07,-0.0116528453523121,0.0163276413419871,0.0163276413419871,0.025236266553457,0.0163276413419871,0.0163276413419871,-0.039326422676156,-0.0116528453523121,0.0178276413419871,0.0198548346415711,0.0152539818976283,0.0234872960207167,-0.0048951593545834,0.0193276413419871
SL,2035,-0.0162075602369408,-0.0162075602369408,0.07,0.0285734265996921,0.0285734265996921,0.0407809288778282,0.0407809288778282,0.0407809288778282,0.0407809288778282,0.0407809288778282,0.0407809288778282,0.0407809288778282,0.07,0.0194680717416873,0.0206301529721127,-0.07,-0.0134613698711799,0.0144680717416872,0.0144680717416872,0.0153575629153939,0.0144680717416872,0.0144680717416872,-0.0402306849355899,-0.0134613698711799,0.0159680717416872,0.0209566782304563,-0.000143965161503,0.0174680717416872,-0.0067105390575603,0.0174680717416872
SL,2040,-0.017760574158974,-0.017760574158974,0.07,0.0272333733352593,0.0272333733352593,0.0430505579666764,0.0430505579666764,0.0430505579666764,0.0430505579666764,0.0430505579666764,0.0430505579666764,0.0430505579666764,0.07,0.0174725043656243,0.0177333243035203,-0.07,-0.015402159034479,0.0124725043656243,0.0124725043656243,0.0139884846097886,0.0124725043656243,0.0124725043656243,-0.0412010795172395,-0.015402159034479,0.0139725043656243,0.0154725043656243,-0.0019426272957887,0.0154725043656243,-0.0086586847520495,0.0154725043656243
SL,2045,-0.0188279800620431,-0.0188279800620431,0.07,0.0263129040028977,0.0263129040028977,0.0442065523334935,0.0442065523334935,0.0442065523334935,0.0442065523334935,0.0442065523334935,0.0442065523334935,0.0442065523334935,0.07,0.0160602591459417,0.0163742999645015,-0.07,-0.0167756382019367,0.0110602591459417,0.0110602591459417,0.0131310977197076,0.0110602591459417,0.0110602591459417,-0.0418878191009683,-0.0167756382019367,0.0125602591459417,0.0142972724401564,-0.0032531152831992,0.0140602591459417,-0.0100373700709664,0.0140602591459417
SL,2050,-0.0204199082799064,-0.0204199082799063,0.07,0.0247874970124948,0.0247874970124948,0.0445203423836453,0.0445203423836453,0.0445203423836453,0.0445203423836453,0.0445203423836453,0.0445203423836453,0.0445203423836453,0.07,0.013991519338188,0.0144179367252987,-0.07,-0.0187875912177728,0.008991519338188,0.008991519338188,0.0111669493736031,0.008991519338188,0.008991519338188,-0.0428937956088863,-0.0187875912177728,0.010491519338188,0.0130289049691178,-0.0054972978063772,0.011991519338188,-0.0113284394608433,0.011991519338188
SG,2025,-0.0006462721721162,-0.0006462721721162,0.0238791533648752,0.0065183289893201,0.0065183289893201,0.0283740932478735,0.0283740932478735,0.0283740932478735,0.0283740932478735,0.0283740932478735,0.0283740932478735,0.0283740932478735,0.0225839500496694,0.008104319798164,0.0062585882617337,-0.007144498603119,0.0031043197981639,0.0021013622886062,0.0031043197981638,-0.0009936437584806,0.003104319798164,0.0013786898679278,-0.007144498603119,0.0031043197981639,0.0021013622886062,0.0262852556014647,0.0169949634100369,0.0141948283328553,-0.07,0.006104319798164
SG,2030,0.001119653155737,0.001119653155737,0.0242803195716787,0.0029674701605486,0.0029674701605486,0.0209595438515708,0.0209595438515708,0.0209595438515708,0.0209595438515708,0.0209595438515708,0.0209595438515708,0.0209595438515708,0.0209872541642035,0.0076099763215906,0.0042407431076368,-0.0158848583061812,0.0026099763215906,0.0031628719542408,0.0026099763215906,-0.0089485891226259,0.0026099763215906,-0.0027787607209736,-0.0051374409922952,0.0026099763215906,0.0043864241379157,-0.0067968406975705,0.0215048278537148,0.0193486496833266,-0.07,0.0056099763215906
SG,2035,-0.0003005994966142,-0.0003005994966142,0.022832216763452,0.0012071914348884,0.0012071914348884,0.015223725381829,0.015223725381829,0.015223725381829,0.015223725381829,0.015223725381829,0.015223725381829,0.015223725381829,0.0195438161207903,0.006185487751467,0.0073475689818925,-0.0172831481698938,0.001185487751467,0.0017376001843399,0.001185487751467,-0.0117049222128988,0.001185487751467,-0.0041956159198048,-0.0065488302092133,0.001185487751467,0.0029615439679035,0.0472244679774681,0.0130543766344578,0.0104582095375692,-0.07,0.004185487751467
SG,2040,-0.0028241577858681,-0.002824157785868,0.0202591732705617,-0.00105025327866,-0.00105025327866,0.0121687885542807,0.0121687885542807,0.0121687885542807,0.0121687885542807,0.0121687885542807,0.0121687885542807,0.0121687885542807,0.0169790611573339,0.0036544029243192,0.0039152228622153,-0.0197676821508794,-0.0013455970756807,-0.000794876261606,-0.0013455970756807,-0.0131213397103333,-0.0013455970756807,-0.0067131374859599,-0.00905663961328,-0.0013455970756807,0.0004297633313566,0.0314625751507864,-0.0009719073712536,0.0079113140946224,-0.07,0.0016544029243192
SG,2045,-0.0055702695473872,-0.0055702695473872,0.0174592121883014,-0.0035298568124164,-0.0035298568124164,0.0094479160913782,0.0094479160913782,0.0094479160913782,0.0094479160913782,0.0094479160913782,0.0094479160913782,0.0094479160913782,0.0141881195727648,0.0009001008569441,0.0012141416755038,-0.022471328036981,-0.0040998991430558,-0.0035506926751192,-0.0040998991430558,-0.014754967535678,-0.0040998991430558,-0.0094526801436967,-0.0117856135900184,-0.0040998991430558,-0.0023252959090875,0.0210133202539045,-0.0018084010649596,0.0051398070678108,-0.07,-0.0010998991430558
SG,2050,-0.0067818982897298,-0.0067818982897298,0.0162238242582668,-0.0046915178131397,-0.0046915178131397,0.0069529440799365,0.0069529440799365,0.0069529440799365,0.0069529440799365,0.0069529440799365,0.0069529440799365,0.0069529440799365,0.0129567111903938,-0.0003151415802679,0.0001112758068427,-0.0236642201510676,-0.0053151415802679,-0.0047666032662397,-0.0053151415802679,-0.0157462303710469,-0.0053151415802679,-0.0106614104916381,-0.0129896808656677,-0.0053151415802679,-0.0035408724232538,0.0017344244065742,-0.0021774755564951,0.0039169735253654,-0.07,-0.0023151415802679
SX,2025,0.0049576862252411,0.0049576862252411,0.0033824180032631,0.0061738650205618,0.0061738650205618,0.0237215050080043,0.0237215050080043,0.0237215050080043,0.0237215050080043,0.0237215050080043,0.0237215050080043,0.0237215050080043,-0.0290310227322231,0.0179701443120514,0.0161244127756211,0.0049029143636719,-0.003,0.0129701443120514,0.0129701443120514,0.0277861941903675,0.0129701443120514,0.0129701443120514,0.0049029143636719,-0.003,0.0129701443120514,0.0073027962693136,0.0278681750688519,0.0159701443120514,0.0,0.0159701443120514
SX,2030,0.0024627946310748,0.0024627946310747,0.0009984281290723,-0.0005836872556353,-0.0005836872556353,0.023037111170512,0.023037111170512,0.023037111170512,0.023037111170512,0.023037111170512,0.023037111170512,0.023037111170512,-0.0290333414500001,0.0109299890719962,0.0075607558580424,0.0034071834411294,-0.0122983040807171,0.0059299890719962,0.0059299890719964,0.0148386142834661,0.0059299890719962,0.0059299890719962,-0.0029455603197939,-0.0122983040807171,0.0074299890719962,-0.0126914098379174,0.009333591658032,0.0130896437507258,-0.0092983040807171,0.0089299890719962
SX,2035,0.0021941814143133,0.0021941814143133,0.0006204490468906,-0.0029664274213385,-0.0029664274213385,0.0216765925334854,0.0216765925334854,0.0216765925334854,0.0216765925334854,0.0216765925334854,0.0216765925334854,0.0216765925334854,-0.0293999577708579,0.0105482523039324,0.0117103335343578,0.0030264011968467,-0.0126731440276034,0.0055482523039324,0.0055482523039324,0.006437743477639,0.0055482523039324,0.0055482523039324,-0.0033233714153783,-0.0126731440276034,0.0070482523039324,0.0100325434079746,0.0149095320579003,0.0085482523039324,-0.0096731440276034,0.0085482523039324
SX,2040,0.0019498318085278,0.0019498318085278,0.000273464790387,-0.003156768823266,-0.003156768823266,0.0215864564331158,0.0215864564331158,0.0215864564331158,0.0215864564331158,0.0215864564331158,0.0215864564331158,0.0215864564331158,-0.0297365110287278,0.0101978184971664,0.0104586384350625,0.0026768436415457,-0.0130172465623985,0.0051978184971664,0.0051978184971664,0.0067137987413308,0.0051978184971664,0.0051978184971664,-0.0036702014604264,-0.0130172465623985,0.0066978184971664,0.0081978184971665,0.0161710545555439,0.0081978184971664,-0.0100172465623985,0.0081978184971664
SX,2045,-0.0021622985081033,-0.0021622985081033,-0.0039143418469175,-0.0072056124109456,-0.0072056124109456,0.0211415305692228,0.0211415305692228,0.0211415305692228,0.0211415305692228,0.0211415305692228,0.0211415305692228,0.0211415305692228,-0.0337984243308359,0.0059683787044291,0.0062824195229889,-0.0015420205367883,-0.0171702732548725,0.0009683787044291,0.0009683787044291,0.0030392172781949,0.0009683787044291,0.0009683787044291,-0.0078561468958304,-0.0171702732548725,0.0024683787044291,0.0040651486767901,0.0126558325994917,0.0039683787044291,-0.0141702732548725,0.0039683787044291
SX,2050,-0.0060216738439993,-0.0060216738439993,-0.007843657191773,-0.0111085467597403,-0.0111085467597403,0.0203999778798624,0.0203999778798624,0.0203999778798624,0.0203999778798624,0.0203999778798624,0.0203999778798624,0.0203999778798624,-0.0376096170743763,0.002,0.0024264173871106,-0.0055004764039051,-0.0210669554380872,-0.003,-0.003,-0.0008245699645849,-0.003,-0.003,-0.0117837159209961,-0.0210669554380872,-0.0015,0.0004744372874038,0.0056642337091617,0.0,-0.0176449806406197,0.0
SK,2025,0.0065491745383451,0.0065491745383451,0.0248978016155343,0.0027881216855845,0.0027881216855845,0.0237215050080043,0.0237215050080043,0.0237215050080043,0.0237215050080043,0.0237215050080043,0.0237215050080043,0.0237215050080043,0.0086880017507651,-0.015953789822922,-0.0263445475444145,0.067,-0.0529990298810441,0.0056465534960795,0.0078481142630305,-0.0615559659628507,0.067,-0.0029795490455762,0.067,-0.0529990298810441,0.0056465534960795,0.0174364433454508,-0.010851840479974,0.0057845003648343,-0.0495885736925289,-0.0050811646159258
SK,2030,-0.0114900034039117,-0.0114900034039117,0.0172198178414013,0.0055704724823942,0.0055704724823942,0.023037111170512,0.023037111170512,0.023037111170512,0.023037111170512,0.023037111170512,0.023037111170512,0.023037111170512,-0.0072219271799062,-0.0136079512855168,-0.0272100735539618,-0.0197359611246236,-0.0122641127657265,-0.0097865592023443,0.067,0.0080146124364238,0.067,-0.0455107953269406,-0.0145013660704126,-0.0122641127657265,-0.00645008638953,0.0120206469970323,0.0011848496115669,-0.0126702883592091,-0.0027872332534664,-0.0269479739530001
SK,2035,-0.0349084093833175,-0.0349084093833175,0.0169407549582702,0.0052917767024296,0.0052917767024296,0.0216765925334854,0.0216765925334854,0.0216765925334854,0.0216765925334854,0.0216765925334854,0.0216765925334854,0.0216765925334854,-0.0074942715339912,-0.0138785402539528,-0.027106273219722,-0.0200062400265378,-0.048269179996673,-0.0100595729886029,0.067,0.0074353676049368,0.067,-0.0457739892612267,-0.0326473044150435,-0.048269179996673,-0.006723604984096,-0.0008951492500368,-0.0190833393883672,-0.0150841420303085,-0.0319394295783004,-0.0272154457842757
SK,2040,-0.0519872368036052,-0.0519872368036052,0.0159865926779905,0.0049496762983811,0.0049496762983811,0.0215864564331158,0.0215864564331158,0.0215864564331158,0.0215864564331158,0.0215864564331158,0.0215864564331158,0.0215864564331158,-0.0084254620491873,-0.0148037288144833,-0.0269947479961945,-0.0209303684182049,-0.07,-0.0109930524034265,0.067,0.0078980602162371,0.067,-0.0466738929735249,-0.0454651842091024,-0.07,-0.0076588104222458,0.0002573430616712,-0.0199642565228674,-0.0160100774175052,-0.0549275277018019,-0.0281299763358737
SK,2045,-0.0461599374209039,-0.0461599374209039,0.015490556841605,0.0048276812749276,0.0048276812749276,0.0211415305692228,0.0211415305692228,0.0211415305692228,0.0211415305692228,0.0211415305692228,0.0211415305692228,0.0211415305692228,-0.0089095556625967,-0.0152847022200788,-0.0276510238072808,-0.0214107906788226,-0.0682276020065718,-0.0114783359362705,0.067,0.0083620024268441,0.067,-0.0471417216645367,-0.0433330782328403,-0.0682276020065718,-0.0081449912546812,0.0030602075160581,-0.0204183268275071,-0.0164914390723511,-0.0483499406551435,-0.028605409012723
SK,2050,-0.0419843603971889,-0.0419843603971889,0.0151242693293207,0.0046741440907439,0.0046741440907439,0.0203999778798624,0.0203999778798624,0.0203999778798624,0.0203999778798624,0.0203999778798624,0.0203999778798624,0.0203999778798624,-0.0092670246847154,-0.0156398671885905,-0.0278218034588654,-0.0217655486656043,-0.0620495767268964,-0.0118366836300446,0.067,0.0084507812352546,0.067,-0.0474871801875632,-0.0404199323294474,-0.0620495767268964,-0.0085040015409757,0.0007210096987221,-0.0207872167160761,-0.0168468907355765,-0.0427488004651765,-0.0289564825434799
SI,2025,-0.0226492339882495,-0.0226492339882495,0.0238421151117109,0.0108062659979915,0.0108062659979915,-0.0017530063779425,-0.0017530063779425,-0.0017530063779425,-0.0017530063779425,-0.0017530063779425,-0.0017530063779425,-0.0017530063779425,0.0058986538148422,-0.068,-0.0070143529347748,-0.0157821905310977,-0.0455051757905394,-0.0066603356431114,0.0005377204048359,-0.0217467266372277,0.067,-0.0079268631856481,-0.0157821905310977,-0.0455051757905394,-0.0066603356431114,0.0045291028144243,-0.0263492514541864,-0.0018576818229124,-0.0320011907094535,-0.0034314870902564
SI,2030,-0.035072168430158,-0.035072168430158,0.0139793340903833,0.0220401226602433,0.0220401226602433,0.0010526803913362,0.0010526803913362,0.0010526803913362,0.0010526803913362,0.0010526803913362,0.0010526803913362,0.0010526803913362,0.000916151018766,-0.068,-0.0051860914053623,-0.0101468787871689,-0.0477083981458615,-0.0204432038829881,-0.0046104668675165,-0.011012870363256,0.0637527870511703,0.0345044229342931,-0.0274276384665152,-0.0477083981458615,-0.0262326746624998,0.0455197134489478,-0.0173919178758287,0.0044934111016675,-0.0337157552760908,-0.0159499495198751
SI,2035,-0.04053776123958,-0.04053776123958,0.0131879456966297,0.011394051516424,0.011394051516424,0.0036728338350551,0.0036728338350551,0.0036728338350551,0.0036728338350551,0.0036728338350551,0.0036728338350551,0.0036728338350551,0.0001349782995031,-0.068,-0.0056669454935577,-0.0340892736708589,-0.0484554555816117,-0.0212115832544401,-0.0053912277608961,-0.0511704103411138,0.0629185647046878,0.0336930734026189,-0.0397723646262353,-0.0484554555816117,-0.0432556146373148,0.0616432928565817,-0.0383124672978361,-0.0021215873916956,-0.0344714091818385,-0.0167194966465687
SI,2040,-0.0403515484402011,-0.0403515484402011,0.0129613356641151,0.0114218484201265,0.0114218484201265,0.0052482188660374,0.0052482188660374,0.0052482188660374,0.0052482188660374,0.0052482188660374,0.0052482188660374,0.0052482188660374,-8.870652669457253e-05,-0.068,-0.004879020828464,-0.0321901146743955,-0.0486693716702755,-0.0214316047707052,-0.0056147946628515,-0.0503643367809621,0.0626796893881519,0.0334607476000109,-0.0389297431723355,-0.0486693716702755,-0.0434785420557516,0.0329763801712315,-0.0383601393019249,-0.0023452147208081,-0.0346877868258664,-0.0169398525435949
SI,2045,-0.0405282587427058,-0.0405282587427058,0.0127261604822483,0.0113966132051856,0.0113966132051856,0.0054744595499072,0.0054744595499072,0.0054744595499072,0.0054744595499072,0.0054744595499072,0.0054744595499072,0.0054744595499072,-0.0003208459386091,-0.068,-0.0052352585603724,-0.0324030729542648,-0.0488913731169785,-0.0216599424110472,-0.0058468116933566,-0.0497441271834448,0.06243178533295,0.0332196406098465,-0.0391472230356216,-0.0488913731169785,-0.0437014020827933,0.0212596033816826,-0.0386204903397686,-0.0025772944624275,-0.0349123428670152,-0.0171685372032432
SI,2050,-0.041155342827919,-0.041155342827919,0.012074605953632,0.0109017029393741,0.0109017029393741,0.0056994185843064,0.0056994185843064,0.0056994185843064,0.0056994185843064,0.0056994185843064,0.0056994185843064,0.0056994185843064,-0.0009639898447931,-0.068,-0.0056639267632989,-0.0333180067986581,-0.0495064297178101,-0.0222925534818143,-0.006489616540968,-0.0497258157309297,0.0617449653694354,0.0325516519637839,-0.0399122182582341,-0.0495064297178101,-0.0443188373866126,0.0332784805664226,-0.0393679401064425,-0.0032202730516309,-0.0347967322949905,-0.0178021096934876
SB,2025,0.0103738515056263,0.0103738515056263,0.0322537280059433,0.0228248930300871,0.0228248930300871,0.0146701457428828,0.0146701457428828,0.0146701457428828,0.0146701457428828,0.0146701457428828,0.0146701457428828,0.0146701457428828,-0.0018225397213071,0.0311020206544465,0.0073365259709753,0.0061031214199754,-0.001083587557543,0.0261020206544465,0.0261020206544465,0.0409180705327626,0.0261020206544465,0.0261020206544465,0.0061031214199754,-0.001083587557543,0.0261020206544465,0.0587053038199022,0.0071958204558477,0.0291020206544465,0.0019164124424569,0.0291020206544465
SB,2030,-0.011096788500791,-0.011096788500791,0.0218481666645875,0.0137490856716552,0.0137490856716552,0.0143961908541785,0.0143961908541785,0.0143961908541785,0.0143961908541785,0.0143961908541785,0.0143961908541785,0.0143961908541785,-0.0133685915422907,0.0248187696724806,0.0015389141791247,-0.07,-0.0076985369018689,0.0198187696724806,0.0198187696724806,0.0287273948839505,0.0198187696724806,0.0198187696724806,-0.0374494720759198,-0.0076985369018689,0.0213187696724806,-0.064299473954662,0.0127604798792827,0.0269784243512102,-0.0046985369018689,0.0228187696724806
SB,2035,-0.012384933915136,-0.012384933915136,0.0201099458991516,0.0100172898811388,0.0100172898811388,0.012882953349055,0.012882953349055,0.012882953349055,0.012882953349055,0.012882953349055,0.012882953349055,0.012882953349055,-0.015046789156823,0.0230754858358905,0.0002027063312588,-0.07,-0.0093949204691248,0.0180754858358905,0.0180754858358905,0.0189649770095972,0.0180754858358905,0.0180754858358905,-0.0382974930733196,-0.0093949204691248,0.0195754858358905,0.0203681800716257,-0.0024885908406037,0.0210754858358905,-0.0063949204691248,0.0210754858358905
SB,2040,-0.014759422756306,-0.014759422756306,0.0170257584650466,0.0071096123303684,0.0071096123303684,0.0128711842017097,0.0128711842017097,0.0128711842017097,0.0128711842017097,0.0128711842017097,0.0128711842017097,0.0128711842017097,-0.0180244753619392,0.0199823148130828,-0.0018054053530815,-0.07,-0.0124048746622798,0.0149823148130828,0.0149823148130828,0.0164982950572472,0.0149823148130828,0.0149823148130828,-0.0398021671377682,-0.0124048746622798,0.0164823148130828,0.0142467460768704,-0.0054408981075041,0.0179823148130828,-0.0094048746622798,0.0179823148130828
SB,2045,-0.0166198472061144,-0.0166198472061144,0.0145485760970953,0.0047871180393131,0.0047871180393131,0.0131469894006308,0.0131469894006308,0.0131469894006308,0.0131469894006308,0.0131469894006308,0.0131469894006308,0.0131469894006308,-0.0204161172197067,0.0174979169343978,-0.0044600227171568,-0.07,-0.0148224337811498,0.0124979169343978,0.0124979169343978,0.0145687555081636,0.0124979169343978,0.0124979169343978,-0.0410107033054307,-0.0148224337811498,0.0139979169343978,0.0120291627098556,-0.0078121559063878,0.0154979169343978,-0.0118224337811498,0.0154979169343978
SB,2050,-0.0179786916998809,-0.0179786916998808,0.0126611570928771,0.0029380174526091,0.0029380174526091,0.0136805637873229,0.0136805637873229,0.0136805637873229,0.0136805637873229,0.0136805637873229,0.0136805637873229,0.0136805637873229,-0.0222383610528756,0.0156050002759657,-0.0061480659092162,-0.07,-0.0166644245379909,0.0106050002759657,0.0106050002759657,0.0127804303113808,0.0106050002759657,0.0106050002759657,-0.0419315132383778,-0.0166644245379909,0.0121050002759657,0.0109975361350555,-0.0096188686827326,0.0136050002759657,-0.0128310362036333,0.0136050002759657
SO,2025,0.0293491456394924,0.0293491456394924,0.0381198568874345,0.0380738693570136,0.0380738693570136,0.0478788702267463,0.0478788702267463,0.0478788702267463,0.0478788702267463,0.0478788702267463,0.0478788702267463,0.0478788702267463,0.0381198568874345,0.0381198568874345,0.0362741253510043,0.0370454521513704,0.0178821278796724,0.0331198568874345,0.0331198568874345,0.0479359067657506,0.0331198568874345,0.0331198568874345,0.0370454521513704,0.0178821278796724,0.0331198568874345,0.0408188499074569,0.0594821198976891,0.0361198568874345,0.022149245519142,0.0361198568874345
SO,2030,0.0189661062784176,0.0189661062784174,0.033502285326753,0.0319794416296204,0.0319794416296204,0.0525756120359428,0.0525756120359428,0.0525756120359428,0.0525756120359428,0.0525756120359428,0.0525756120359428,0.0525756120359428,0.033502285326753,0.033502285326753,0.0301330521127991,0.0318706296898468,0.0107647944389176,0.0285022853267528,0.0285022853267528,0.0374109105382228,0.028502285326753,0.028502285326753,0.0228177120643822,0.0107647944389176,0.0300022853267529,0.0393265343960831,0.0576650949011479,0.0356619400054825,0.0144874261710949,0.0315022853267529
SO,2035,0.0156741407730315,0.0156741407730315,0.0301545377431864,0.026626910536613,0.026626910536613,0.0519233980131197,0.0519233980131197,0.0519233980131197,0.0519233980131197,0.0519233980131197,0.0519233980131197,0.0519233980131197,0.0301545377431864,0.0301545377431862,0.0313166189736118,0.0285119501220639,0.0074746140009628,0.0251545377431864,0.0251545377431864,0.026044028916893,0.0251545377431864,0.0251545377431864,0.0194932820615134,0.0074746140009628,0.0266545377431864,0.0377092137467324,0.056485768503883,0.0281545377431864,0.0111949004270079,0.0281545377431864
SO,2040,0.013792953431457,0.013792953431457,0.0282311825437484,0.0248601776047895,0.0248601776047895,0.0565408329685985,0.0565408329685985,0.0565408329685985,0.0565408329685985,0.0565408329685985,0.0565408329685985,0.0565408329685985,0.0282311825437484,0.0282311825437484,0.0284920024816445,0.0265823142553541,0.005584332402824,0.0232311825437484,0.0232311825437484,0.0247471627879128,0.0232311825437484,0.0232311825437484,0.0175833233290891,0.005584332402824,0.0247311825437484,0.0336571306707966,0.0558082193454136,0.0262311825437484,0.0093032713985055,0.0262311825437484
SO,2045,0.0110303039578778,0.0110303039578778,0.0254151197651646,0.0221828294086061,0.0221828294086061,0.0599237758077326,0.0599237758077326,0.0599237758077326,0.0599237758077326,0.0599237758077326,0.0599237758077326,0.0599237758077326,0.0254151197651646,0.0254151197651646,0.0257291605837244,0.0237570556957033,0.0028166940325865,0.0204151197651646,0.0204151197651646,0.0224859583389304,0.0204151197651646,0.0204151197651646,0.0147868748641449,0.0028166940325865,0.0219151197651646,0.0309163975049569,0.0548161919932199,0.0234151197651646,0.0065336602005268,0.0234151197651646
SO,2050,0.0089989723793205,0.0089989723793205,0.0233363587001895,0.0201302162090432,0.0201302162090432,0.0621798749489652,0.0621798749489652,0.0621798749489652,0.0621798749489652,0.0621798749489652,0.0621798749489652,0.0621798749489652,0.0233363587001895,0.0233363587001895,0.0237627760873002,0.0216715064895719,0.0007736788946658,0.0183363587001895,0.0183363587001895,0.0205117887356045,0.0183363587001893,0.0183363587001895,0.0127225926921188,0.0007736788946658,0.0198363587001894,0.0291606684303,0.0540838972976562,0.0213363587001895,0.0052048216055281,0.0213363587001895
ZA,2025,-0.0307956063111735,-0.0307956063111735,0.025531566076435,0.0334416316522795,0.0334416316522795,0.0263642580864602,0.0263642580864602,0.0263642580864602,0.0263642580864602,0.0263642580864602,0.0263642580864602,0.0263642580864602,0.0341722832977409,-0.0268936219380175,0.0101746661046839,-0.068768371769386,-0.021085069018054,-0.0025333781460804,0.0112663348394946,0.0213279084718827,0.0112663348394946,0.067,-0.068768371769386,-0.021085069018054,-0.0025333781460804,0.0222023505669505,-0.0038818626795103,-0.0595619423258646,-0.018085069018054,0.020558728460869
ZA,2030,-0.0365492014113651,-0.0365492014113651,0.0198787288896775,-0.0168609877885451,-0.0168609877885451,0.0231361796406381,0.0231361796406381,0.0231361796406381,0.0231361796406381,0.0231361796406381,0.0231361796406381,0.0231361796406381,0.0247758125342243,-0.0061270750373471,-0.0055504346088995,-0.0563120261189556,-0.0280992427112681,-0.07,0.0075089378029545,-0.0297287014913596,0.0075089378029545,-0.07,-0.0389090316982383,-0.0280992427112681,-0.07,0.0290335008716935,0.0107540612623699,-0.0623009580059845,-0.0250992427112681,0.0310268766792609
ZA,2035,-0.0374062356349257,-0.0374062356349257,0.0183321600727295,0.0254362661820655,0.0254362661820655,0.0206933761721095,0.0206933761721095,0.0206933761721095,0.0206933761721095,0.0206933761721095,0.0206933761721095,0.0206933761721095,0.0232218030697377,-0.0076341305367734,-0.0064941972157889,-0.0575923888322688,-0.0277085807763716,-0.07,0.0059735666746493,0.0055496949838752,0.0059735666746493,0.067,-0.0402925767815194,-0.0277085807763716,-0.07,0.0376267204617144,-0.0018480313564345,-0.0442186232923718,-0.0247085807763716,0.0294603305164908
ZA,2040,-0.0382369055496338,-0.0382369055496338,0.0171936431750399,0.0264604366887822,0.0264604366887822,0.0192024019615211,0.0192024019615211,0.0192024019615211,0.0192024019615211,0.0192024019615211,0.0192024019615211,0.0192024019615211,0.0220778086899862,-0.0087435594435575,-0.0067834128556252,-0.0585268496226089,-0.0285297862007497,-0.07,0.0048432930297622,0.0119206450353803,0.0048432930297622,0.067,-0.0413070393170359,-0.0285297862007497,-0.07,0.007504227563792,-0.0027572993665842,-0.0449712654386859,-0.0255297862007497,0.0283071071631035
ZA,2045,-0.0388196157266688,-0.0388196157266688,0.0164498581487326,0.0247049275897574,0.0247049275897574,0.0174661703316818,0.0174661703316818,0.0174661703316818,0.0174661703316818,0.0174661703316818,0.0174661703316818,0.0174661703316818,0.0213304452634395,-0.0094683414914065,-0.009063093345003,-0.0591951091187774,-0.0292437350699913,-0.07,0.0041048932621327,0.0063843718334574,0.0041048932621327,0.067,-0.0419986719469215,-0.0292437350699913,-0.07,0.0070548117385585,-0.0033716742485946,-0.0456125218615031,-0.0262437350699913,0.0275537145134403
ZA,2050,-0.0392966341286139,-0.0392966341286139,0.015842403479493,0.0244205468245945,0.0244205468245945,0.015890707863341,0.015890707863341,0.015890707863341,0.015890707863341,0.015890707863341,0.015890707863341,0.015890707863341,0.0207200680885601,-0.0100602762891975,-0.0081052373844352,-0.059753923377454,-0.0298268223316059,-0.07,0.0035018367730296,0.0064602824367884,0.0035018367730296,0.067,-0.0425700542937434,-0.0298268223316059,-0.07,0.0074013294897775,-0.0040663246816609,-0.0461362406706251,-0.0260454059696773,0.0269384132279584
SS,2025,0.0041062982239032,0.0041062982239032,0.0053971890160859,-0.0179135836254148,-0.0179135836254148,0.0237215050080043,0.0237215050080043,0.0237215050080043,0.0237215050080043,0.0237215050080043,0.0237215050080043,0.0237215050080043,-0.068,-0.0223897454830791,-0.0085127987412262,-0.0137195877476764,0.0318647133459902,-0.0058262309266041,0.0245842557300431,0.0089898189517119,-0.0068179225267671,-0.0058262309266041,-0.0137195877476764,0.0318647133459902,-0.0058262309266041,0.0361004796686613,0.0142576363283676,-0.0028262309266041,0.0334668673892672,-0.0028262309266041
SS,2030,0.0312336083618455,0.0312336083618455,0.0493206710416833,0.0074245783893227,0.0074245783893227,0.023037111170512,0.023037111170512,0.023037111170512,0.023037111170512,0.023037111170512,0.023037111170512,0.023037111170512,-0.068,0.0090437768979769,0.0586405422265292,0.0477557779040466,0.0286967087963574,0.0170468034816425,-0.07,0.0259554286931124,0.054696081382536,0.0170468034816425,0.0403117909411916,0.0286967087963574,0.0185468034816425,0.0307722108593191,0.0677834958919712,0.0242064581603721,0.0337619507874201,0.0200468034816425
SS,2035,0.0305127948573129,0.0305127948573129,0.0485458438580839,0.0048468443676914,0.0048468443676914,0.0216765925334854,0.0216765925334854,0.0216765925334854,0.0216765925334854,0.0216765925334854,0.0216765925334854,0.0216765925334854,-0.068,0.0082987473048543,0.0585918836969253,0.0469784093649207,0.0279412733774275,0.0162921540091985,-0.07,0.0171816451829052,0.0539135782786618,0.0162921540091985,0.0395410393288773,0.0279412733774275,0.0177921540091985,0.0323187686329422,0.0675514741696982,0.0192921540091985,0.0329971545955871,0.0192921540091985
SS,2040,0.0285531254369028,0.0285531254369028,0.0465146687478386,0.0035015022690615,0.0035015022690615,0.0215864564331158,0.0215864564331158,0.0215864564331158,0.0215864564331158,0.0215864564331158,0.0215864564331158,0.0215864564331158,-0.068,0.0063456852569829,0.0578680133966559,0.0449405722038319,0.0259609329185396,0.0143138738741789,-0.07,0.0158298541183432,0.051862281083724,0.0143138738741789,0.0375205481480672,0.0259609329185396,0.0158138738741789,0.0295789377980264,0.0659507908925996,0.0173138738741789,0.0309922752855381,0.0173138738741789
SS,2045,0.0258382572442016,0.0258382572442016,0.0437184881895837,0.0015725647131011,0.0015725647131011,0.0211415305692228,0.0211415305692228,0.0211415305692228,0.0211415305692228,0.0211415305692228,0.0211415305692228,0.0211415305692228,-0.068,0.003657037636314,0.0550587355586749,0.0421352204535155,0.0232347329656463,0.011590510228956,-0.07,0.0136613488027219,0.0490383998207267,0.011590510228956,0.0347390754284531,0.0232347329656463,0.013090510228956,0.0333733459948029,0.0637472391472229,0.014590510228956,0.0282322943660549,0.014590510228956
SS,2050,0.0233948638134094,0.0233948638134094,0.0412001063440234,-0.000263519669976,-0.000263519669976,0.0203999778798624,0.0203999778798624,0.0203999778798624,0.0203999778798624,0.0203999778798624,0.0203999778798624,0.0203999778798624,-0.068,0.001235505401204,0.0528564571651136,0.0396085785678367,0.020779379197999,0.0091377109836637,-0.07,0.0113131410190788,0.0464950693173532,0.0091377109836637,0.0322339402073679,0.020779379197999,0.0106377109836637,0.0319015157750579,0.0617626088289387,0.0121377109836637,0.0265791036509876,0.0121377109836637
ES,2025,-0.0188595734254968,-0.0188595734254968,0.0078780973640555,0.0240361873401002,0.0240361873401002,0.003477616175971,0.003477616175971,0.003477616175971,0.003477616175971,0.003477616175971,0.003477616175971,0.003477616175971,-0.006162048284257,0.0011035281113133,0.0289789488954661,-0.0029154479272872,-0.0427552257207702,-0.0109080466284329,0.0037408078297408,0.0323405252701816,0.067,0.0029662723744764,-0.0029154479272872,-0.0427552257207702,-0.0109080466284329,0.0576466327920274,0.0129699330468372,0.0012714039525052,-0.0086649888308652,0.0426218049564723
ES,2030,-0.0264151322256438,-0.0264151322256438,0.0022436320586671,0.0106998491526822,0.0106998491526822,0.0057708179854005,0.0057708179854005,0.0057708179854005,0.0057708179854005,0.0057708179854005,0.0057708179854005,0.0057708179854005,-0.0104367117886227,0.0241710632398566,0.0262669293982442,0.0069992693473064,-0.0492031669135368,-0.0085541652359659,-0.0385707246060804,-0.0036156179020833,0.0412850711533508,0.015566655148084,-0.0195728796088086,-0.0492031669135368,-0.005412793648275,0.051836450816217,0.0132151262414792,-0.0106123272493246,-0.0123678236213559,0.0469758471205907
ES,2035,-0.0259241500139431,-0.0259241500139431,0.001417871570353,0.0048676768347673,0.0048676768347673,0.0066900834788878,0.0066900834788878,0.0066900834788878,0.0066900834788878,0.0066900834788878,0.0066900834788878,0.0066900834788878,-0.0112520039004416,0.0233272003555868,0.0259055194415483,0.008336251155768,-0.0499820131298855,-0.0093751392984816,-0.0393669182171856,-0.0244260085200834,0.0404229518429585,0.0147257679166358,-0.0192981206523493,-0.0499820131298855,-0.006235122760461,0.0013709180529594,0.0115163532853536,-0.0155066497681619,-0.0131776886973859,0.0461115064149249
ES,2040,-0.0250485804146671,-0.0250485804146671,0.0009592572674118,0.0046138888740589,0.0046138888740589,0.0066794549862254,0.0066794549862254,0.0066794549862254,0.0066794549862254,0.0066794549862254,0.0066794549862254,0.0066794549862254,-0.0117048042327977,0.0228585322685035,0.0263157192682689,0.0096274633011991,-0.0504193353873433,-0.0098310952963062,-0.0398091115445857,-0.0240425371568061,0.0399441444258165,0.0142587524600231,-0.0188711870704204,-0.0504193353873433,-0.0066918313314211,-0.0027431364965399,0.0111719166722508,-0.0159584154853961,-0.0136305231316087,0.045631465270014
ES,2045,-0.0245554979644868,-0.0245554979644868,0.0003197475675916,0.0041306874522219,0.0041306874522219,0.0064525504989103,0.0064525504989103,0.0064525504989103,0.0064525504989103,0.0064525504989103,0.0064525504989103,0.0064525504989103,-0.0123362067049112,0.0222050031793235,0.0254658647524007,0.0089985367697005,-0.0510291546271664,-0.0104668981516251,-0.0404257231946251,-0.0240250480082417,0.0392764766587091,0.0136075278633315,-0.0194905757997785,-0.0510291546271664,-0.0073286836041196,-0.0032188348114881,0.0106540974007287,-0.0165883752497663,-0.0142619731566973,0.0449620771447096
ES,2050,-0.0244885598231605,-0.0244885598231605,-0.0007771810913962,0.0030571438785264,0.0030571438785264,0.0076483274847287,0.0076483274847287,0.0076483274847287,0.0076483274847287,0.0076483274847287,0.0076483274847287,0.0076483274847287,-0.0134192293192854,0.0210840275512675,0.0245132582826725,0.0076585104022378,-0.0520751562767929,-0.0115574685896679,-0.0414833756283318,-0.0249739496674566,0.0381312494500701,0.0124905050507776,-0.0206836169844639,-0.0520751562767929,-0.0084210540711523,-0.003742547856731,0.0096654541401275,-0.0176689232379221,-0.0147502136396659,0.0438138990657241
LK,2025,0.009573931537954,0.009573931537954,0.0456455434713112,0.0227771840675417,0.0227771840675417,0.004419004791174,0.004419004791174,0.004419004791174,0.004419004791174,0.004419004791174,0.004419004791174,0.004419004791174,0.0354294336893765,0.0091267469150484,0.067,0.0475007986588426,-0.0229057509600288,0.0041267469150484,0.0041267469150482,0.0474258087506936,0.0041267469150484,0.0041267469150484,0.0475007986588426,-0.0229057509600288,0.0041267469150484,-0.0637189125958877,0.020560084177139,0.0071267469150484,0.0008654646485281,0.0071267469150484
LK,2030,-0.0369292356974084,-0.0369292356974085,0.0445350167946752,0.0245761591370687,0.0245761591370687,-0.0015029277588827,-0.0015029277588827,-0.0015029277588827,-0.0015029277588827,-0.0015029277588827,-0.0015029277588827,-0.0015029277588827,0.0409507107940367,0.0067117446989088,0.067,0.0512213312344157,-0.07,0.0017117446989088,0.0017117446989088,0.0539304363564205,0.0017117446989088,0.0017117446989088,-0.0093893343827921,-0.07,0.0032117446989088,0.0052919820374862,0.0447280305745221,0.0088713993776385,-0.0230718492097829,0.0047117446989088
LK,2035,-0.0194351147731069,-0.019435114773107,0.0434586365603792,0.0231792322235396,0.0231792322235396,-0.0060439075951127,-0.0060439075951127,-0.0060439075951127,-0.0060439075951127,-0.0060439075951127,-0.0060439075951127,-0.0060439075951127,0.0398780312278916,0.0056744156445009,0.067,0.0501328852971246,-0.0462046672596992,0.0006744156445009,0.0006744156445009,0.0514900663772648,0.0006744156445009,0.0006744156445009,0.0034641090187126,-0.0462046672596992,0.0021744156445009,0.0072599623764732,0.0449921965675621,0.0036744156445009,-0.0102283814901068,0.0036744156445009
LK,2040,-0.0203831855917995,-0.0203831855917995,0.0425587322280729,0.022563734099926,0.022563734099926,-0.0079769051376311,-0.0079769051376311,-0.0079769051376311,-0.0079769051376311,-0.0079769051376311,-0.0079769051376311,-0.0079769051376311,0.0389812208276321,0.0048071599291452,0.067,0.049222893471522,-0.0477356193870835,-0.0001928400708547,-0.0001928400708547,0.0516593957137817,-0.0001928400708547,-0.0001928400708547,0.0022436370422192,-0.0477356193870835,0.0013071599291452,0.0028071599291452,0.0444535756028066,0.0028071599291452,-0.0114350751177562,0.0028071599291452
LK,2045,-0.0204660578534355,-0.0204660578534355,0.0414943535725798,0.0217871411312833,0.0217871411312833,-0.009526189289166,-0.009526189289166,-0.009526189289166,-0.009526189289166,-0.009526189289166,-0.009526189289166,-0.009526189289166,0.037920501578049,0.0037813970350906,0.067,0.0481465836449407,-0.0479335748315707,-0.0012186029649093,-0.0012186029649093,0.0516652688769031,-0.0012186029649093,-0.0012186029649093,0.0016065044066849,-0.0479335748315707,0.0002813970350906,0.001979598660296,0.0435397989255311,0.0017813970350906,-0.0120574016768469,0.0017813970350906
LK,2050,-0.0209580409537676,-0.0209580409537676,0.0404255064477905,0.0207873063859067,0.0207873063859067,-0.0096017273177381,-0.0096017273177381,-0.0096017273177381,-0.0096017273177381,-0.0096017273177381,-0.0096017273177381,-0.0096017273177381,0.0368553292220699,0.0027513277882416,0.067,0.0470657552596786,-0.0489156099903146,-0.0022486722117583,-0.0022486722117583,0.0507912407450737,-0.0022486722117583,-0.0022486722117583,0.0005750726346819,-0.0489156099903146,-0.0007486722117583,0.0016329201557958,0.0417832225395881,0.0007513277882416,-0.0126520465147019,0.0007513277882416
KN,2025,0.0021252056571201,0.0021252056571201,0.0088067651778092,0.0017337736902992,0.0017337736902992,0.0237215050080043,0.0237215050080043,0.0237215050080043,0.0237215050080043,0.0237215050080043,0.0237215050080043,0.0237215050080043,0.0002845944441026,0.002,-0.003,0.0127684228081091,-0.0033928058367488,-0.003,-0.003,0.0126505003170942,-0.003,-0.003,0.0127684228081091,-0.0033928058367488,-0.003,0.07,0.0075273057082946,0.0,-0.0003928058367488,0.0
KN,2030,0.0015870897670805,0.0015870897670805,0.0134341812216154,0.0056524476578914,0.0056524476578914,0.023037111170512,0.023037111170512,0.023037111170512,0.023037111170512,0.023037111170512,0.023037111170512,0.023037111170512,0.0009423487746886,0.002,-0.003,0.016605310013415,-0.0047055497307628,-0.003,-0.003,0.0276674418568771,-0.003,-0.003,0.0112064505631763,-0.0047055497307628,-0.0015,0.0006842854221319,0.0205554266174474,0.0041596546787296,-0.0017055497307628,0.0
KN,2035,0.0015900269275591,0.0015900269275591,0.0134341812216154,0.0022042605113816,0.0022042605113816,0.0216765925334854,0.0216765925334854,0.0216765925334854,0.0216765925334854,0.0216765925334854,0.0216765925334854,0.0216765925334854,0.0009423487746886,0.002,-0.0026240800455232,0.016605310013415,-0.0047055497307628,-0.003,-0.003,0.013874693270838,-0.003,-0.003,0.0112064505631763,-0.0047055497307628,-0.0015,0.0037756990415628,0.0149834114777539,0.0,-0.0017055497307628,0.0
KN,2040,-0.0026463027010094,-0.0026463027010094,0.0090931017152595,-0.0018740714200972,-0.0018740714200972,0.0215864564331158,0.0215864564331158,0.0215864564331158,0.0215864564331158,0.0215864564331158,0.0215864564331158,0.0215864564331158,-0.0033451157373957,-0.0022920039553268,-0.0058863059311566,0.0122291599899652,-0.008594637456088,-0.0072920039553268,-0.0072920039553268,0.0104328379676602,-0.0072920039553268,-0.0072920039553268,0.0068599104717742,-0.008594637456088,-0.0057920039553268,-0.0042920039553268,0.0106270986611002,-0.0042920039553268,-0.005594637456088,-0.0042920039553268
KN,2045,-0.0027361926650784,-0.0027361926650784,0.0089978953322271,-0.001770805387031,-0.001770805387031,0.0211415305692228,0.0211415305692228,0.0211415305692228,0.0211415305692228,0.0211415305692228,0.0211415305692228,0.0211415305692228,-0.0034391462632079,-0.0023861340379363,-0.0061950567514182,0.0121331844579045,-0.0086799309815999,-0.0073861340379363,-0.0073861340379363,0.0111281927909564,-0.0073861340379363,-0.0073861340379363,0.0067645843299234,-0.0086799309815999,-0.0058861340379363,-0.0042640631119874,0.0105315581887306,-0.0043861340379363,-0.0056799309815999,-0.0043861340379363
KN,2050,-0.0028301695381858,-0.0028301695381857,0.0088984190984044,-0.0018323661559495,-0.0018323661559495,0.0203999778798624,0.0203999778798624,0.0203999778798624,0.0203999778798624,0.0203999778798624,0.0203999778798624,0.0203999778798624,-0.0035373939045345,-0.0024844857010197,-0.0061223652257921,0.0120329045799759,-0.0087690497824316,-0.0074844857010197,-0.0074844857010197,0.011176900682776,-0.0074844857010197,-0.0074844857010197,0.0066649829662951,-0.0087690497824316,-0.0059844857010197,-0.0039084882842376,0.0104317328822096,-0.0044844857010197,-0.0050087423673711,-0.0044844857010197
LC,2025,0.0037396444488485,0.0037396444488485,0.0233734549995727,0.0038645595560768,0.0038645595560768,-0.0106600120321995,-0.0106600120321995,-0.0106600120321995,-0.0106600120321995,-0.0106600120321995,-0.0106600120321995,-0.0106600120321995,-0.0022532491103756,0.0048289730029167,0.029555678006229,0.0208056721451656,-0.0094157118015366,-0.0001710269970832,-0.0001710269970832,0.0180535413288497,-0.0001710269970832,-0.0001710269970832,0.0208056721451656,-0.0094157118015366,-0.0001710269970832,0.07,0.0262825498383147,0.0028289730029167,-0.0064157118015366,0.0028289730029167
LC,2030,-0.0071900208196044,-0.0071900208196044,0.0197351641300529,-0.0018055236777571,-0.0018055236777571,-0.0043228891234949,-0.0043228891234949,-0.0043228891234949,-0.0043228891234949,-0.0043228891234949,-0.0043228891234949,-0.0043228891234949,-0.0040384407310031,0.0031086501738886,0.0287705402013106,0.0003612865863672,-0.0151337288475247,-0.0018913498261113,-0.0018913498261113,0.0005990456721971,-0.0018913498261113,-0.0018913498261113,-0.0044406589534182,-0.0151337288475247,-0.0003913498261113,0.0664305239566929,0.0191171833449829,0.0052683048526182,-0.0121337288475247,0.0011086501738886
LC,2035,-0.0081107094153004,-0.0081107094153004,0.0186081013816796,-0.0032501220017786,-0.0032501220017786,-0.000798257824639,-0.000798257824639,-0.000798257824639,-0.000798257824639,-0.000798257824639,-0.000798257824639,-0.000798257824639,-0.0051391760561156,0.002,0.0280038543171419,-0.0007498582076107,-0.0152089761853522,-0.003,-0.003,-0.001861311950999,-0.003,-0.003,-0.0055448248315539,-0.0152089761853522,-0.0015,0.0040000034959864,0.0125024711342838,0.0,-0.0122089761853522,0.0
LC,2040,-0.0093402617466251,-0.0093402617466251,0.0174822867678736,-0.004085697893674,-0.004085697893674,0.0030563838492931,0.0030563838492931,0.0030563838492931,0.0030563838492931,0.0030563838492931,0.0030563838492931,0.0030563838492931,-0.0062386924022398,0.0008925775701807,0.0278922918955239,-0.001859772494921,-0.0171464766286209,-0.0041074224298192,-0.0041074224298192,-0.001889254312818,-0.0041074224298192,-0.0041074224298192,-0.0066477679316299,-0.0171464766286209,-0.0026074224298192,-0.0011074224298192,0.0113910012351109,-0.0011074224298192,-0.0141464766286209,-0.0011074224298192
LC,2045,-0.0114256472275669,-0.0114256472275669,0.0151965878368671,-0.0060594790970917,-0.0060594790970917,0.0059465632727144,0.0059465632727144,0.0059465632727144,0.0059465632727144,0.0059465632727144,0.0059465632727144,0.0059465632727144,-0.0084709989526622,-0.0013557804036538,0.0253604506235908,-0.0041131895929969,-0.018548557321468,-0.0063557804036538,-0.0063557804036539,-0.0030553566283967,-0.0063557804036539,-0.0063557804036539,-0.0088870316913018,-0.018548557321468,-0.0048557804036538,-0.0033235135668502,0.009125368569728,-0.0033557804036539,-0.015548557321468,-0.0033557804036538
LC,2050,-0.0127316054070793,-0.0127316054070793,0.0139711549835856,-0.0072109902880377,-0.0072109902880377,0.0076808386531306,0.0076808386531306,0.0076808386531306,0.0076808386531306,0.0076808386531306,0.0076808386531306,0.0076808386531306,-0.009667806523587,-0.002561193631835,0.0242891612668866,-0.0053213151718599,-0.0204634351625053,-0.007561193631835,-0.007561193631835,-0.0040537673648937,-0.007561193631835,-0.007561193631835,-0.0100875692341254,-0.0204634351625053,-0.006061193631835,-0.0043456772886465,0.0079195456989277,-0.004561193631835,-0.0166702819043229,-0.004561193631835
VC,2025,-0.0292161414895601,-0.0292161414895601,0.0190241614617685,-0.0047267472538591,-0.0047267472538591,0.0237215050080043,0.0237215050080043,0.0237215050080043,0.0237215050080043,0.0237215050080043,0.0237215050080043,0.0237215050080043,-0.0068306006144648,-0.0039641460930959,-0.0058098776295261,-0.07,-0.0086842783755844,-0.008964146093096,-0.0089641460930959,0.0058519037852201,-0.0089641460930959,-0.0089641460930959,-0.07,-0.0086842783755844,-0.008964146093096,0.0158450566689389,-0.07,-0.0059641460930959,-0.0056842783755844,-0.0059641460930959
VC,2030,-0.0084982073930382,-0.0084982073930382,0.0202026626847138,-0.0055143805866604,-0.0055143805866604,0.023037111170512,0.023037111170512,0.023037111170512,0.023037111170512,0.023037111170512,0.023037111170512,0.023037111170512,-0.00374617600272,-0.0040733238517972,-0.007442557065751,-0.0104071194903502,-0.0099755945365797,-0.0090733238517972,-0.0090733238517972,-0.0001646986403273,-0.0090733238517972,-0.0090733238517972,-0.0089252266787337,-0.0099755945365797,-0.0075733238517972,-0.0052637126005475,-0.0074071194903502,-0.0019136691730676,-0.0069755945365797,-0.0060733238517972
VC,2035,-0.0065840726221547,-0.0065840726221547,0.022164615162785,-0.0056038308929046,-0.0056038308929046,0.0216765925334854,0.0216765925334854,0.0216765925334854,0.0216765925334854,0.0216765925334854,0.0216765925334854,0.0216765925334854,-0.0018303700189882,-0.0021581482421123,-0.0009960670116869,-0.0084945139423575,-0.0080621574925761,-0.0071581482421123,-0.0071581482421123,-0.0062686570684057,-0.0071581482421123,-0.0071581482421123,-0.007012656021087,-0.0080621574925761,-0.0056581482421123,-0.0001534109036009,-0.0054945139423575,-0.0041581482421123,-0.0050621574925761,-0.0041581482421123
VC,2040,-0.0066715358961933,-0.0066715358961933,0.0220741690221992,-0.0055355056141831,-0.0055355056141831,0.0215864564331158,0.0215864564331158,0.0215864564331158,0.0215864564331158,0.0215864564331158,0.0215864564331158,0.0215864564331158,-0.0019186888030954,-0.0022464379659339,-0.0019856180280377,-0.008582685186163,-0.0081503670684032,-0.0072464379659339,-0.0072464379659339,-0.0057304577217694,-0.0072464379659339,-0.0072464379659339,-0.0071008256564451,-0.0081503670684032,-0.0057464379659338,-0.0042464379659338,-0.005582685186163,-0.0042464379659338,-0.0051503670684032,-0.0042464379659338
VC,2045,-0.0067628234011164,-0.0067628234011163,0.0219797985352103,-0.0054889191180396,-0.0054889191180396,0.0211415305692228,0.0211415305692228,0.0211415305692228,0.0211415305692228,0.0211415305692228,0.0211415305692228,0.0211415305692228,-0.002010839630234,-0.0023385584718967,-0.0020245176533369,-0.0086746820714081,-0.0082424039488493,-0.0073385584718967,-0.0073385584718967,-0.0052677198981309,-0.0073385584718967,-0.0073385584718967,-0.0071928208634545,-0.0082424039488493,-0.0058385584718967,-0.0043081869091624,-0.0056746820714081,-0.0043385584718967,-0.0052424039488493,-0.0043385584718967
VC,2050,-0.006858189766412,-0.006858189766412,0.0218812426188317,-0.0055589853154659,-0.0055589853154659,0.0203999778798624,0.0203999778798624,0.0203999778798624,0.0203999778798624,0.0203999778798624,0.0203999778798624,0.0203999778798624,-0.0021070774425363,-0.0024347646182475,-0.0020083472311368,-0.0087707591143336,-0.0083385227608046,-0.0074347646182475,-0.0074347646182475,-0.0052593345828325,-0.0074347646182475,-0.0074347646182475,-0.0072888961537126,-0.0083385227608046,-0.0059347646182475,-0.0042268560626083,-0.0057707591143336,-0.0044347646182475,-0.0045526761265013,-0.0044347646182475
PS,2025,-0.000292990575044,-0.000292990575044,0.04836872607253,0.0372823185876389,0.0372823185876389,0.0237215050080043,0.0237215050080043,0.0237215050080043,0.0237215050080043,0.0237215050080043,0.0237215050080043,0.0237215050080043,0.0264223783115455,-0.0077532194994728,-0.0289033769236236,0.035175825945261,-0.0563165082105466,0.0202617105401533,0.0202617105401533,0.0354451854988568,0.067,0.0202617105401533,0.035175825945261,-0.0563165082105466,0.0202617105401533,0.051180632349739,0.0290175621036233,0.0232617105401533,-0.0486482666171931,0.0191254094890912
PS,2030,-0.0300253288602407,-0.0300253288602407,0.0386854278025394,0.0104151437957104,0.0104151437957104,0.023037111170512,0.023037111170512,0.023037111170512,0.023037111170512,0.023037111170512,0.023037111170512,0.023037111170512,0.0291543609421311,-0.0053982705490928,-0.0181055831200199,0.0461560377113568,-0.0624629848171587,0.0153736684722481,0.067,0.0158371376127978,-0.0187045918443354,0.0153736684722481,-0.0066534735529009,-0.0624629848171587,-0.0273131657638759,0.0191481319692371,0.0373611029754814,0.0225333231509778,-0.0578878592002487,0.027283037901082
PS,2035,-0.0295563234712514,-0.0295563234712514,0.038269503565651,0.0081640900983398,0.0081640900983398,0.0216765925334854,0.0216765925334854,0.0216765925334854,0.0216765925334854,0.0216765925334854,0.0216765925334854,0.0216765925334854,0.0287422606248275,-0.0057965081492209,-0.0173580393845509,0.0457650155382464,-0.06165414163582,0.0149650910199495,0.067,0.0080485056485215,-0.0190994968999391,0.0149650910199495,-0.0064445630487867,-0.06165414163582,-0.0275174544900252,0.021905594338753,0.0348129996177572,0.0179650910199495,-0.0571090813278497,0.0268713798679958
PS,2040,-0.0302503380670172,-0.0302503380670172,0.0377084160182163,0.0076663061730789,0.0076663061730789,0.0215864564331158,0.0215864564331158,0.0215864564331158,0.0215864564331158,0.0215864564331158,0.0215864564331158,0.0215864564331158,0.0281863315977943,-0.0063337361790751,-0.0183014204102089,0.0452230749641237,-0.0624096374019995,0.0144139143865266,0.067,0.0076972079891384,-0.0196322292811436,0.0144139143865266,-0.0070932812189378,-0.0624096374019995,-0.0277930428067366,0.0174139143865265,0.0357309708035008,0.0174139143865266,-0.0578593144395987,0.0263160474884883
PS,2045,-0.0313768038231282,-0.0313768038231282,0.0364727275742788,0.0066932360827233,0.0066932360827233,0.0211415305692228,0.0211415305692228,0.0211415305692228,0.0211415305692228,0.0211415305692228,0.0211415305692228,0.0211415305692228,0.0269620038124152,-0.0075168785804445,-0.0192846735322284,0.0439818378976395,-0.0635318418985215,0.0132000528428092,0.067,0.0074163585483885,-0.0208054708727196,0.0132000528428092,-0.008275002000441,-0.0635318418985215,-0.0283999735785953,0.0162561415837726,0.0331506290802118,0.0162000528428092,-0.0589833686035943,0.0250930337056318
PS,2050,-0.0335267133261902,-0.0335267133261902,0.0341570364608962,0.0045183700464043,0.0045183700464043,0.0203999778798624,0.0203999778798624,0.0203999778798624,0.0203999778798624,0.0203999778798624,0.0203999778798624,0.0203999778798624,0.0246676026740217,-0.0097340979435931,-0.0211773416103649,0.0416524914142776,-0.0656348630870288,0.0109252655342012,0.067,0.0054847480078186,-0.0230041360304242,0.0109252655342012,-0.0104911858363756,-0.0656348630870288,-0.0295373672328993,0.0142364049795034,0.0308357268149086,0.0139252655342012,-0.0602672500116121,0.0229121889939982
SD,2025,0.0014594898287835,0.0014594898287835,0.0627897966486104,0.014801769281257,0.014801769281257,0.0327777229184849,0.0327777229184849,0.0327777229184849,0.0327777229184849,0.0327777229184849,0.0327777229184849,0.0327777229184849,-0.061195939042663,0.07,0.0274370095316459,-0.036820496764251,0.0139357186572205,0.0272632475933812,0.0272632475933812,0.02613976857431,0.067,0.0272632475933812,-0.036820496764251,0.0139357186572205,0.0272632475933812,0.0043844953355569,0.0079000559630342,0.0302632475933812,0.0209685641328054,0.0302632475933812
SD,2030,0.0137360235893822,0.0137360235893822,0.07,0.0320454400650527,0.0320454400650527,0.0345101413833361,0.0345101413833361,0.0345101413833361,0.0345101413833361,0.0345101413833361,0.0345101413833361,0.0345101413833361,0.0007053810455031,0.07,0.0667718082796686,-0.0051306718326948,0.0157081705273814,0.0233860174290597,0.0233860174290597,0.0370903617856482,0.067,0.0233860174290597,0.0051977788437387,0.0157081705273814,0.0248860174290597,-0.0237787210462411,0.0104298551751784,0.0305456721077894,0.0206595146269254,0.0263860174290597
SD,2035,0.0078040905069907,0.0078040905069907,0.07,0.0291924840294712,0.0291924840294712,0.0355344902475132,0.0355344902475132,0.0355344902475132,0.0355344902475132,0.0355344902475132,0.0355344902475132,0.0355344902475132,-0.0038516558761662,0.07,0.0667203936684023,-0.0096838938917362,0.0031673223983485,0.0187026753082705,0.0187026753082705,0.0349189166857806,0.067,0.0187026753082705,0.0006042730569261,0.0031673223983485,0.0202026753082705,0.0255548568363314,0.0068889048471522,0.0217026753082705,0.0112306462944792,0.0217026753082705
SD,2040,0.0058011345821761,0.0058011345821761,0.07,0.0280910862547464,0.0280910862547464,0.0381470715265308,0.0381470715265308,0.0381470715265308,0.0381470715265308,0.0381470715265308,0.0381470715265308,0.0381470715265308,-0.005858976730098,0.07,0.0667079411743543,-0.0116895343438105,0.0012454201060743,0.0166397185083254,0.0166397185083254,0.0345836032407582,0.067,0.0166397185083254,-0.0014191119006721,0.0012454201060743,0.0181397185083254,0.0196397185083254,0.0143263060330243,0.0196397185083254,0.0093010808994731,0.0196397185083254
SD,2045,0.0043060076819538,0.0043060076819538,0.07,0.0272916280874213,0.0272916280874213,0.0396548889249082,0.0396548889249082,0.0396548889249082,0.0396548889249082,0.0396548889249082,0.0396548889249082,0.0396548889249082,-0.007362302973462,0.07,0.0667039796318742,-0.0131916020976776,-0.0001939343187541,0.0150947252950038,0.0150947252950038,0.0344340900281436,0.067,0.0150947252950038,-0.0029344689006391,-0.0001939343187541,0.0165947252950038,0.0181861751614951,0.0134580095713366,0.018094725295004,0.0078559874103492,0.0180947252950038
SD,2050,0.0031223724927987,0.0031223724927987,0.07,0.0265958494347189,0.0265958494347189,0.0401038424103783,0.0401038424103783,0.0401038424103783,0.0401038424103783,0.0401038424103783,0.0401038424103783,0.0401038424103783,-0.0085568179219782,0.07,0.0666999304344386,-0.01438511707395,-0.0013376184553546,0.0138671025505631,0.0138671025505631,0.034073113110291,0.067,0.0138671025505631,-0.004138543263599,-0.0013376184553546,0.0153671025505631,0.0173201844910796,0.0123231009111059,0.0168671025505631,0.0074345177089865,0.0168671025505631
SR,2025,-0.0093572323611051,-0.0093572323611051,-0.0010226422711528,-0.0064307263794607,-0.0064307263794607,0.0381714946177151,0.0381714946177151,0.0381714946177151,0.0381714946177151,0.0381714946177151,0.0381714946177151,0.0381714946177151,-0.068,0.0118037314685364,-0.0042223022044587,-0.0019751980022878,-0.0329002305495639,0.0068037314685364,0.0068037314685364,0.067,-0.0315266369863793,0.0068037314685364,-0.0019751980022878,-0.0329002305495639,0.0068037314685364,-0.016078489051479,0.0444230113710459,0.0098037314685364,-0.0329286280819784,0.0098037314685364
SR,2030,-0.0139092523175624,-0.0139092523175625,0.0102835229436879,-0.0157869964061497,-0.0157869964061497,0.0338249092981357,0.0338249092981357,0.0338249092981357,0.0338249092981357,0.0338249092981357,0.0338249092981357,0.0338249092981357,-0.068,0.0100331609972017,0.0024249371477156,0.0259183447932921,-0.0335115588548788,0.0050331609972017,0.0050331609972017,0.0277309734072792,-0.0279121200290801,0.0050331609972017,-0.0024772117654968,-0.0335115588548788,0.0065331609972017,0.0207749993511952,0.0148420938034053,0.0121928156759313,-0.0298401159273856,0.0080331609972016
SR,2035,-0.0147009143549193,-0.0147009143549193,0.0090939068361377,-0.0140762175290053,-0.0140762175290053,0.0300058060556451,0.0300058060556451,0.0300058060556451,0.0300058060556451,0.0300058060556451,0.0300058060556451,0.0300058060556451,-0.0562522346553662,0.0088438402774044,0.0034220820205068,0.024704382838676,-0.0346554028624678,0.0038438402774044,0.0038438402774044,0.0251660947564847,-0.0290625704945443,0.0038438402774044,-0.003655901661394,-0.0346554028624678,0.0053438402774044,0.038080962067303,0.0613014782487729,0.0068438402774044,-0.0309847521321134,0.0068438402774044
SR,2040,-0.0156054491380551,-0.0156054491380551,0.0077287176578284,-0.0177626224287552,-0.0177626224287552,0.0279318541040392,0.0279318541040392,0.0279318541040392,0.0279318541040392,0.0279318541040392,0.0279318541040392,0.0279318541040392,-0.068,0.007478990082538,0.0029360547039342,0.0233112546582462,-0.0359680645277932,0.002478990082538,0.002478990082538,0.0248533338541386,-0.0303828136516977,0.002478990082538,-0.0050085520502455,-0.0359680645277932,0.003978990082538,0.0088953251521952,0.0610884982713273,0.005478990082538,-0.0322983229133746,0.005478990082538
SR,2045,-0.0160689443638418,-0.0160689443638418,0.0067478382682599,-0.0182243983373769,-0.0182243983373769,0.0263067580107321,0.0263067580107321,0.0263067580107321,0.0263067580107321,0.0263067580107321,0.0263067580107321,0.0263067580107321,-0.068,0.0064983542503298,0.0017368356704841,0.0223103012805593,-0.0369112032469182,0.0014983542503298,0.0014983542503298,0.0249354520226881,-0.0313313996225258,0.0014983542503298,-0.0059804224025721,-0.0369112032469182,0.0029983542503298,0.0027615408433392,0.0609383011894156,0.0044983542503298,-0.0332421148262828,0.0044983542503298
SR,2050,-0.0166711447975962,-0.0166711447975962,0.0055559563230016,-0.0185200165521969,-0.0185200165521969,0.0240865172229904,0.0240865172229904,0.0240865172229904,0.0240865172229904,0.0240865172229904,0.0240865172229904,0.0240865172229904,-0.0658297773728699,0.0053067682554437,0.0006480237755182,0.0210940271171932,-0.0380572259110237,0.0003067682554437,0.0003067682554437,0.0239269842363312,-0.0324840413276926,0.0003067682554437,-0.0071613573252434,-0.0380572259110237,0.0018067682554437,0.0054015325840056,0.0607572953729068,0.0033067682554437,-0.0336896584103277,0.0033067682554437
SE,2025,0.0060045292528717,0.0060045292528717,0.0127784007937141,-0.0043845349956593,-0.0043845349956593,0.0177459570807854,0.0177459570807854,0.0177459570807854,0.0177459570807854,0.0177459570807854,0.0177459570807854,0.0177459570807854,0.0134419599692754,-0.0032107993125686,-0.0215240219127506,0.0457370608536469,-0.016067771498161,-0.0116557015968706,0.0368410217875297,0.0205521883258476,-0.0379095181003332,-0.0136227701774271,0.0457370608536469,-0.016067771498161,-0.0116557015968706,0.0608199935754059,0.000127140771074,0.0038799680583307,-0.0119047368649069,0.011769423473701
SE,2030,-0.0180119090049894,-0.0180119090049895,0.0033867209940152,-0.0009608434810066,-0.0009608434810066,0.016290908587101,0.016290908587101,0.016290908587101,0.016290908587101,0.016290908587101,0.016290908587101,0.016290908587101,0.0135622112268165,-0.0068574131367732,-0.0323682659964611,0.0173003871144255,-0.0251923553355743,-0.0353604285761067,0.0212973551246283,0.0147643194593672,-0.0041290008394974,-0.0280409037707131,-0.0024459841105744,-0.0251923553355743,-0.0204080646108857,0.0469514516250908,0.003406734612039,-0.0050857109651106,-0.0198882500461941,-0.0026519584313418
SE,2035,-0.0187474797650068,-0.0187474797650068,0.0020650256037668,-0.0076450938840332,-0.0076450938840332,0.0158764015092591,0.0158764015092591,0.0158764015092591,0.0158764015092591,0.0158764015092591,0.0158764015092591,0.0158764015092591,0.0122270855620776,-0.0081655876518452,-0.0336254581913622,0.0191791556889544,-0.0264829295257531,-0.0366375822812242,0.0199454207878438,-0.0080323670207175,-0.0054473758162822,-0.0293277182612107,-0.0021518869183993,-0.0264829295257531,-0.0217029736217886,0.0058568777200471,-0.0167766607367619,-0.0113118026314121,-0.0211092244979125,-0.0039683233095438
SE,2040,-0.0185629263754038,-0.0185629263754038,0.001785715152955,-0.0077153659019828,-0.0077153659019828,0.0166773115969418,0.0166773115969418,0.0166773115969418,0.0166773115969418,0.0166773115969418,0.0166773115969418,0.0166773115969418,0.011944936926272,-0.0084420407712564,-0.0329066439026355,0.0214861092289122,-0.0267556632142601,-0.0369074798535123,0.0196597200190725,-0.007480758539296,-0.0057259845727491,-0.0295996574221581,-0.0011347769926739,-0.0267556632142601,-0.0219766233766901,0.00203660268665,-0.0168747684108722,-0.0115879356218172,-0.0213672498546291,-0.0042465072771029
SE,2045,-0.0183251434410915,-0.0183251434410915,0.0019976684425115,-0.0073551467753418,-0.0073551467753418,0.0170299087721439,0.0170299087721439,0.0170299087721439,0.0170299087721439,0.0170299087721439,0.0170299087721439,0.0170299087721439,0.0121590439578171,-0.0082322557528404,-0.0329183278060106,0.0217048458019598,-0.0265487006667296,-0.0367026694780913,0.0198765225683287,-0.0066717695011183,-0.0055145637603135,-0.0293932977977527,-0.0009219274323849,-0.0265487006667296,-0.0217689656769187,0.0024653357688406,-0.0165973101989627,-0.0113783935316399,-0.0211714486485299,-0.0040354088135308
SE,2050,-0.0186568210347788,-0.0186568210347788,0.0016897770733661,-0.0076291897061943,-0.0076291897061943,0.0162117266579298,0.0162117266579298,0.0162117266579298,0.0162117266579298,0.0162117266579298,0.0162117266579298,0.0162117266579298,0.0118480239815574,-0.0085369974092752,-0.0330443684015444,0.0210267028674181,-0.0268493422951483,-0.0370001847798613,0.0195615869810382,-0.0068500375760677,-0.0058216816330429,-0.0296930635972241,-0.0014113197138651,-0.0268493422951483,-0.0220706171097884,0.0028946998284823,-0.0172251567560492,-0.0116827823013221,-0.0206618714777789,-0.0043420584301028
CH,2025,-0.0072322290281246,-0.0072322290281246,0.0136528976023746,0.0016434720320923,0.0016434720320923,0.0082089015832531,0.0082089015832531,0.0082089015832531,0.0082089015832531,0.0082089015832531,0.0082089015832531,0.0082089015832531,-0.0040454981746734,0.0015914862196426,0.0090368878897456,0.0068630659407889,-0.0268905754927732,-0.0016691775323894,0.0457064320665,0.001356967580605,0.0376072740117762,-0.0283448552893383,0.0068630659407889,-0.0268905754927732,-0.0016691775323894,-0.07,-0.0186048653740173,-0.0072447250171712,0.0057831280953377,0.0136128861460474
CH,2030,-0.0316849651394482,-0.0316849651394482,0.0055014074427244,-0.011829297040991,-0.011829297040991,0.0072343713389348,0.0072343713389348,0.0072343713389348,0.0072343713389348,0.0072343713389348,0.0072343713389348,0.0072343713389348,-0.0100980743771009,-0.0046100875302617,0.0024468248209555,-0.0197478637454269,-0.0373409436148832,-0.0168619282178047,0.0196065053897261,-0.0136635071883877,0.0133628499210055,-0.036918456519481,-0.027044403680155,-0.0373409436148832,-0.0302609875212349,-0.0693679295457604,-0.0143572599300322,-0.0165198192006274,-0.0109456783067502,0.0038693809025973
CH,2035,-0.0326475997030468,-0.0326475997030468,0.0038697647667034,-0.019105414485017,-0.019105414485017,0.0079483523975942,0.0079483523975942,0.0079483523975942,0.0079483523975942,0.0079483523975942,0.0079483523975942,0.0079483523975942,-0.0117043530824566,-0.0062252894254388,0.0053459849833206,-0.0179977050852284,-0.0389110565366971,-0.0184653389857769,0.0179437987880258,-0.0379383436618008,0.011710295188193,-0.0384892563840034,-0.0269543808109628,-0.0389110565366971,-0.0318401731702269,0.0058641777140457,-0.0422527156180953,-0.0201442975143644,-0.0125538307499941,0.0022371399202897
CH,2040,-0.0331426257364505,-0.0331426257364505,0.0028334744432603,-0.0199214289948112,-0.0199214289948112,0.010476150447783,0.010476150447783,0.010476150447783,0.010476150447783,0.010476150447783,0.010476150447783,0.010476150447783,-0.012724534218667,-0.0072511378657731,0.0034081084357024,-0.0163086902364698,-0.0399082680288335,-0.0194836986350881,0.0168877791169367,-0.0381350007737349,0.0106607231809506,-0.0394869041677938,-0.0266084791326517,-0.0399082680288335,-0.0328431469407839,0.0011472884978063,-0.0431423541596882,-0.0211578174533484,-0.0135752019362509,0.0012004696000346
CH,2045,-0.0333192895794518,-0.0333192895794518,0.0025906757942268,-0.0200139575907625,-0.0200139575907625,0.0120028068373561,0.0120028068373561,0.0120028068373561,0.0120028068373561,0.0120028068373561,0.0120028068373561,0.0120028068373561,-0.0129635585500133,-0.0074914900236499,0.0032184545371565,-0.0165315025518339,-0.0401419106650854,-0.01972229619939,0.0166403579612112,-0.03778643547451,0.010414812686896,-0.039720649025423,-0.0268367066084596,-0.0401419106650854,-0.0330781396556617,0.0010646896924571,-0.0433968239910389,-0.021395281093013,-0.0138145050915299,0.0009575819192784
CH,2050,-0.0336000734790554,-0.0336000734790554,0.0023083616727779,-0.0202640819223949,-0.0202640819223949,0.0123746000608317,0.0123746000608317,0.0123746000608317,0.0123746000608317,0.0123746000608317,0.0123746000608317,0.0123746000608317,-0.0132414840836911,-0.0077709594875841,0.0030484284638987,-0.0171862772691921,-0.0404135786329634,-0.0199997255097006,0.0163526690202532,-0.0379512880224322,0.0101288802677478,-0.0399924358512041,-0.0272999279510777,-0.0404135786329634,-0.033351377427419,0.0013513667294696,-0.0437441248721506,-0.0216713919324877,-0.0134798242239622,0.0006751642761967
SY,2025,0.0104879303757563,0.0104879303757563,0.0221012843612429,0.014967288995256,0.014967288995256,0.0442214137922034,0.0442214137922034,0.0442214137922034,0.0442214137922034,0.0442214137922034,0.0442214137922034,0.0442214137922034,0.0220755712931397,0.021560003605465,-0.0118763257312141,-0.0016562160836611,0.016560003605465,0.016560003605465,0.016560003605465,0.0046735774769542,0.016560003605465,0.016560003605465,-0.0016562160836611,0.016560003605465,0.016560003605465,0.0117159013982928,0.0026238345451968,0.019560003605465,0.0179280919308851,0.019560003605465
SY,2030,0.0253172041393682,0.0253172041393682,0.0219663525360316,0.024267211145518,0.024267211145518,0.0431483788115467,0.0431483788115467,0.0431483788115467,0.0431483788115467,0.0431483788115467,0.0431483788115467,0.0431483788115467,0.0219803778460243,0.0312499706601228,-0.0015526515672431,0.014584958315104,0.0262499706601228,0.0262499706601228,0.0262499706601228,0.0225885254158022,0.0262499706601228,0.0262499706601228,0.0219174644876134,0.0262499706601228,0.0136232433005636,0.0258250509239078,0.0192606932119759,0.0334096253388523,0.0318370955593472,0.0292499706601227
SY,2035,0.0159578374912074,0.0159578374912074,0.0124024552719832,0.0090272195463805,0.0090272195463805,0.0401354259601731,0.0401354259601731,0.0401354259601731,0.0401354259601731,0.0401354259601731,0.0401354259601731,0.0401354259601731,0.0124163490711437,0.0215990238872776,-0.0105669821165703,0.0062901213336195,0.0165990238872776,0.0165990238872776,0.0165990238872776,-0.0095055186601769,0.0165990238872776,0.0165990238872776,0.0129445726104485,0.0165990238872776,0.0041047583180591,0.0219729895421463,0.0022348903027728,0.0195990238872776,0.0221618901463187,0.0195990238872776
SY,2040,0.0105411738178314,0.0105411738178314,0.0068055471058774,0.0036304868112188,0.0036304868112188,0.0381374345659286,0.0381374345659286,0.0381374345659286,0.0381374345659286,0.0381374345659286,0.0381374345659286,0.0381374345659286,0.0068193639433109,0.0159511732974726,-0.0150324920320461,0.00169606261953,0.0109511732974726,0.0109511732974726,0.0109511732974726,-0.0141997632933807,0.0109511732974726,0.0109511732974726,0.0078236179585013,0.0109511732974726,-0.0014655740325191,0.0131029186368183,-0.0028665294926781,0.0139511732974726,0.0164998431073474,0.0139511732974726
SY,2045,0.0067275559606655,0.0067275559606655,0.0029652761131404,-6.412748158070736e-05,-6.412748158070736e-05,0.0363997972229306,0.0363997972229306,0.0363997972229306,0.0363997972229306,0.0363997972229306,0.0363997972229306,0.0363997972229306,0.0029790401439386,0.0120759485934676,-0.019017657938544,-0.0020967263494711,0.0070759485934676,0.0070759485934676,0.0070759485934676,-0.0173874472571967,0.0070759485934676,0.0070759485934676,0.0039896111219982,0.0070759485934676,-0.005287610255192,0.0094208858837726,-0.0064816010031002,0.0100759485934676,0.0126148776303449,0.0100759485934676
SY,2050,0.005039187190346,0.005039187190346,0.0012678746446784,-0.0017348085002366,-0.0017348085002366,0.0344818874890102,0.0344818874890102,0.0344818874890102,0.0344818874890102,0.0344818874890102,0.0344818874890102,0.0344818874890102,0.0012816153349206,0.0103630975692459,-0.0205131973734576,-0.0039096494650662,0.0053630975692461,0.0053630975692459,0.0053630975692461,-0.0189470444743594,0.0053630975692461,0.0053630975692459,0.0022267240520898,0.0053630975692461,-0.0069769519472627,0.0083599959536463,-0.0089682968802698,0.008363097569246,0.0115701697429883,0.0083630975692459
TJ,2025,0.0177616641368898,0.0177616641368898,0.07,0.0482890569005336,0.0482890569005336,0.0181684131012007,0.0181684131012007,0.0181684131012007,0.0181684131012007,0.0181684131012007,0.0181684131012007,0.0181684131012007,0.07,-0.068,0.0238243573254789,0.0358214685927848,-0.0032065650440245,0.0206700888619092,0.0187121695290793,0.0354861387402253,0.067,0.0206700888619092,0.0358214685927848,-0.0032065650440245,0.0206700888619092,0.002226231841543,0.0208719872386747,-0.0695444614884023,-0.0002065650440245,0.07
TJ,2030,0.0021770213713078,0.0021770213713077,0.0636209910494971,0.0303573126831739,0.0303573126831739,0.0202152681642684,0.0202152681642684,0.0202152681642684,0.0202152681642684,0.0202152681642684,0.0202152681642684,0.0202152681642684,0.07,-0.0620723508764638,0.0158043086264548,0.0276296333800277,-0.0098404202642029,0.0141735418404086,0.0141735418404086,0.0230821670518785,0.0141735418404086,0.0141735418404086,0.0103944184218873,-0.0098404202642029,0.0156735418404086,-0.000820993832515,0.049455773680908,-0.0617077603982708,-0.0068404202642029,-0.07
TJ,2035,0.0012275724852682,0.0012275724852682,0.0622871067970447,0.0273940008140986,0.0273940008140986,0.0183214647796565,0.0183214647796565,0.0183214647796565,0.0183214647796565,0.0183214647796565,0.0183214647796565,0.0183214647796565,0.07,-0.068,0.019057585257988,0.0280041551622869,-0.011088285495534,0.0128955040275627,0.0128955040275625,0.0137849952012691,0.0128955040275625,0.0128955040275627,0.0099577469337367,-0.011088285495534,0.0143955040275626,0.0164025737501505,0.0354752550175205,-0.0695444614884023,-0.008088285495534,0.07
TJ,2040,0.0012625563232292,0.0012625563232292,0.0620481113532387,0.0273788811106311,0.0273788811106311,0.0185057874634657,0.0185057874634657,0.0185057874634657,0.0185057874634657,0.0185057874634657,0.0185057874634657,0.0185057874634657,0.07,-0.065815040344997,0.0179273346706828,0.0291134672377917,-0.0113118686919198,0.0126665147327867,0.0126665147327867,0.0141824949769511,0.0126665147327867,0.0126665147327867,0.01040061141565,-0.0113118686919198,0.0141665147327867,0.0050995156447606,0.036652330631736,-0.0695444614884023,-0.0083118686919198,0.07
TJ,2045,-0.0002259091375285,-0.0002259091375285,0.0604252535105409,0.0263514110986628,0.0263514110986628,0.0168765121402574,0.0168765121402574,0.0168765121402574,0.0168765121402574,0.0168765121402574,0.0168765121402574,0.0168765121402574,0.07,-0.0672421488473554,0.0164256427588549,0.0275628422203448,-0.012830072294348,0.0111116019402951,0.0111116019402951,0.0131824405140609,0.0111116019402951,0.0111116019402951,0.0088661973933086,-0.012830072294348,0.0126116019402951,0.0058659510861311,0.0348252820191552,0.07,-0.009830072294348,0.07
TJ,2050,-0.0023721213940192,-0.0023721213940192,0.0581349617914834,0.0247317568185619,0.0247317568185619,0.01403204910225,0.01403204910225,0.01403204910225,0.01403204910225,0.01403204910225,0.01403204910225,0.01403204910225,0.07,-0.068,0.0143436164667216,0.0251755751175836,-0.0149726685507792,0.0089171990796109,0.0089171990796109,0.0110926291150259,0.0089171990796109,0.0089171990796107,0.0066012661195882,-0.0149726685507792,0.0104171990796109,0.010656189080368,0.0319183549214701,-0.0695444614884023,-0.0111287361758161,0.07
TH,2025,-0.0197177691515356,-0.0197177691515356,0.0377136757675218,0.020354178301348,0.020354178301348,0.0176377532387803,0.0176377532387803,0.0176377532387803,0.0176377532387803,0.0176377532387803,0.0176377532387803,0.0176377532387803,0.0565314766087712,0.0104939213634973,-0.0689717503637002,0.0115129159370158,-0.07,-0.0006662233916229,-0.0006662233916229,-0.0414485400117561,-0.0006662233916229,0.067,0.0115129159370158,-0.07,-0.0006662233916229,0.0161699069480576,-0.0356978711886824,0.0560574890428211,-0.07,0.07
TH,2030,-0.0489387810536438,-0.0489387810536438,0.0332441195044526,0.0066612244979573,0.0066612244979573,0.0149066278460374,0.0149066278460374,0.0149066278460374,0.0149066278460374,0.0149066278460374,0.0149066278460374,0.0149066278460374,0.0125415594226712,0.0143359340757305,-0.0415808670488127,-0.0095724758678239,-0.07,-0.0040602104540392,-0.0040602104540392,-0.0488364509768025,-0.0040602104540392,0.067,-0.0397862379339119,-0.07,-0.0025602104540392,0.0141730075729907,-0.0160743305188631,0.0641510032583688,-0.07,0.07
TH,2035,-0.0491874154432779,-0.0491874154432779,0.0324719644390996,0.0057690096344173,0.0057690096344173,0.0115465059716852,0.0115465059716852,0.0115465059716852,0.0115465059716852,0.0115465059716852,0.0115465059716852,0.0115465059716852,0.0117849056206278,0.0135779367164718,-0.0533885436872332,-0.0103163153528804,-0.07,-0.0048081773067872,-0.0048081773067872,-0.0509006897761713,-0.0048081773067872,0.067,-0.0401581576764402,-0.07,-0.0033081773067872,0.0129514907238389,-0.0295362469986821,0.055041128626222,-0.07,0.07
TH,2040,-0.039274032539927,-0.039274032539927,0.0314783461054581,0.005325605448562,0.005325605448562,0.0096833622265015,0.0096833622265015,0.0096833622265015,0.0096833622265015,0.0096833622265015,0.0096833622265015,0.0096833622265015,0.0108112344972166,0.0126025366876358,-0.0652713882430575,-0.0112734968605878,-0.07,-0.0057706699603925,-0.0057706699603925,-0.0507381427425759,-0.0057706699603925,0.067,-0.0406367484302939,-0.07,-0.0042706699603925,0.0064533164480384,-0.0340681093635875,0.054023819815963,-0.07,0.07
TH,2045,-0.0321363546549821,-0.0321363546549822,0.0303205658125893,0.0047650800421345,0.0047650800421345,0.0081229912280718,0.0081229912280718,0.0081229912280718,0.0081229912280718,0.0081229912280718,0.0081229912280718,0.0081229912280718,0.0096766970191393,0.0114659846607507,-0.0664433314403792,-0.0123888203694255,-0.07,-0.0068921821030798,-0.0068921821030798,-0.0507241947475214,-0.0068921821030798,0.067,-0.0411944101847127,-0.07,-0.0053921821030798,0.0015601331353066,-0.0350694375569446,0.052838434993238,-0.07,0.07
TH,2050,-0.0236367821043479,-0.0236367821043479,0.0290557253035401,-0.0148704982760467,-0.0148704982760467,0.0068108115040463,0.0068108115040463,0.0068108115040463,0.0068108115040463,0.0068108115040463,0.0068108115040463,0.0068108115040463,0.008437248593436,0.0102243354004374,-0.0674501352766527,-0.0136072781056312,-0.07,-0.0081174007375636,-0.0081174007375636,-0.0516844402224959,-0.0081174007375636,-0.0081174007375636,-0.0418036390528156,-0.07,-0.0066174007375636,-0.001007887241866,-0.0365082549071513,0.0515434373569601,-0.0693488823508877,0.07
TL,2025,0.001671313253866,0.001671313253866,0.07,0.0314400689225606,0.0314400689225606,0.0349804466019469,0.0349804466019469,0.0349804466019469,0.0349804466019469,0.0349804466019469,0.0349804466019469,0.0349804466019469,0.0656706012650381,0.0200912081822961,0.0182454766458658,0.0302425879131717,-0.0403198563338698,0.0150912081822961,0.0150912081822961,0.0299072580606122,0.0150912081822961,0.0150912081822961,0.0302425879131717,-0.0403198563338698,0.0150912081822961,-0.040672137242852,0.07,0.0180912081822961,-0.0373198563338698,0.0180912081822961
TL,2030,-0.027053766427274,-0.027053766427274,0.07,0.0266763579551227,0.0266763579551227,0.0314655802243648,0.0314655802243648,0.0314655802243648,0.0314655802243648,0.0314655802243648,0.0314655802243648,0.0314655802243648,0.065804789065385,0.0156640058478787,0.0122947726339249,0.0241200973874978,-0.0644395156901275,0.0106640058478787,0.0106640058478787,0.0195726310593486,0.0106640058478787,0.0106640058478787,-0.0186597091513148,-0.0644395156901275,0.0121640058478787,0.0120518800945632,0.0023396097475361,0.0178236605266083,-0.0614395156901275,0.0136640058478787
TL,2035,-0.0124852844355263,-0.0124852844355263,0.07,0.0237866573536072,0.0237866573536072,0.0289476708476055,0.0289476708476055,0.0289476708476055,0.0289476708476055,0.0289476708476055,0.0289476708476055,0.0289476708476055,0.0648874437400726,0.0147898981668832,0.0159519793973086,0.0248985493016075,-0.0407430227797312,0.0097898981668832,0.0097898981668832,0.0106793893405898,0.0097898981668832,0.0097898981668832,-0.0064222367390618,-0.0407430227797312,0.0112898981668832,0.0134898223098757,-0.004634501854858,0.0127898981668832,-0.0377430227797312,0.0127898981668832
TL,2040,-0.0113772546733523,-0.0113772546733523,0.07,0.0234047706701351,0.0234047706701351,0.0309251871668072,0.0309251871668072,0.0309251871668072,0.0309251871668072,0.0309251871668072,0.0309251871668072,0.0309251871668072,0.0643292008568214,0.014257967193185,0.0145187871310811,0.02570491969819,-0.041248413178833,0.0092579671931848,0.009257967193185,0.0107739474373493,0.009257967193185,0.0092579671931848,-0.0062717467403215,-0.041248413178833,0.0107579671931849,0.0513445805330605,-0.0036843312256405,0.012257967193185,-0.038248413178833,0.012257967193185
TL,2045,-0.0115374251754689,-0.0115374251754688,0.07,0.0218062078258864,0.0218062078258864,0.0321276790835425,0.0321276790835425,0.0321276790835425,0.0321276790835425,0.0321276790835425,0.0321276790835425,0.0321276790835425,0.062528260022499,0.0125419109024269,0.0128559517209867,0.0239931511824766,-0.0428788472324046,0.0075419109024269,0.0075419109024269,0.0096127494761928,0.0075419109024269,0.0075419109024269,-0.0079428480249639,-0.0428788472324046,0.0090419109024269,0.008327795691087,-0.0056996811657264,0.0105419109024269,-0.0398788472324046,0.0105419109024269
TL,2050,-0.0117571675114862,-0.0117571675114862,0.07,0.0199982251099809,0.0199982251099809,0.031279559459548,0.031279559459548,0.031279559459548,0.031279559459548,0.031279559459548,0.031279559459548,0.031279559459548,0.0606269168007975,0.0107301845345704,0.011156601921681,0.021988560572543,-0.0446001779264007,0.0057301845345704,0.0057301845345704,0.0079056145699854,0.0057301845345704,0.0057301845345704,-0.0098058086769288,-0.0446001779264007,0.0072301845345704,0.006581553172123,-0.0086153333435687,0.0087301845345704,-0.0407562283314656,0.0087301845345704
TG,2025,0.035315027586357,0.035315027586357,0.07,0.038488234763376,0.038488234763376,0.0320379898628417,0.0320379898628417,0.0320379898628417,0.0320379898628417,0.0320379898628417,0.0320379898628417,0.0320379898628417,0.0427008735372056,0.07,0.0249623078069038,0.067,0.017137043415737,0.021808039343334,0.021808039343334,0.067,0.0224440261729644,0.021808039343334,0.067,0.017137043415737,0.021808039343334,0.0208676757804083,0.07,0.024808039343334,0.0207773558902889,0.024808039343334
TG,2030,0.0252571775830297,0.0252571775830297,0.07,0.0196350564494815,0.0196350564494815,0.0329779198257744,0.0329779198257744,0.0329779198257744,0.0329779198257744,0.0329779198257744,0.0329779198257744,0.0329779198257744,0.0528389127641273,-0.068,0.0198181218198232,0.067,0.0143051395847014,0.0181873550337771,0.0181873550337771,-0.0110540693146087,0.0185680273146305,0.0181873550337771,0.0421289591682361,0.0143051395847014,0.0196873550337771,-0.0004924209992709,-0.029171503497214,0.0253470097125067,0.0178345866247019,0.0211873550337771
TG,2035,0.0246781045418799,0.0246781045418798,0.0694331685309743,0.018599389839519,0.018599389839519,0.0333652993694082,0.0333652993694082,0.0333652993694082,0.0333652993694082,0.0333652993694082,0.0333652993694082,0.0333652993694082,0.0521206009130164,-0.068,0.0236513930432905,0.067,0.013609750092474,0.0174893118128652,0.0174893118128652,-0.0130820772490337,0.017869723881228,0.0174893118128652,0.0417812805614097,0.013609750092474,0.0189893118128652,-0.005507062143348,0.0384504782152886,0.0204893118128652,0.0171388352234524,0.0204893118128652
TG,2040,0.0236307638386579,0.0236307638386579,0.0681134490062833,0.017608100291469,0.017608100291469,0.0377219143827518,0.0377219143827518,0.0377219143827518,0.0377219143827518,0.0377219143827518,0.0377219143827518,0.0377219143827518,0.0508222857574058,-0.068,0.0214884511985339,0.067,0.0123528660310253,0.0162276312606378,0.0162276312606378,-0.0132250888592326,0.0166075730070652,0.0162276312606378,0.0411528677016941,0.0123528660310253,0.0177276312606378,0.037045948991345,0.0388838544978147,0.0192276312606378,0.0158812970283323,0.0192276312606378
TG,2045,0.0227179452538807,0.0227179452538807,0.0669630739735196,0.016779374202972,0.016779374202972,0.0413660576712895,0.0413660576712895,0.0413660576712895,0.0413660576712895,0.0413660576712895,0.0413660576712895,0.0413660576712895,0.0496905685161812,-0.068,0.0204418885422783,0.067,0.011257263506157,0.0151278477237185,0.0151278477237185,-0.0132082989272492,0.0155073794992376,0.0151278477237185,0.0406050918670873,0.011257263506157,0.0166278477237185,-0.0125816424862333,0.07,0.0181278477237185,0.0147851243072749,0.0181278477237185
TG,2050,0.0216523566384412,0.0216523566384412,0.065620344091591,0.0155479783591087,0.0155479783591087,0.0439723668663689,0.0439723668663689,0.0439723668663689,0.0439723668663689,0.0439723668663689,0.0439723668663689,0.0439723668663689,0.0483696162054945,-0.068,0.0192705861569088,0.067,0.0099784646736385,0.0138441687697982,0.0138441687697982,-0.0142450935618032,0.0142232220229453,0.0138441687697982,0.0399657221304564,0.0099784646736385,0.0153441687697982,0.0178074514612812,0.0382382689592842,0.0168441687697982,0.0142394294906624,0.0168441687697982
TO,2025,0.01272240435479,0.01272240435479,0.0418298215513712,0.0097828517446079,0.0097828517446079,-0.0128951229750056,-0.0128951229750056,-0.0128951229750056,-0.0128951229750056,-0.0128951229750056,-0.0128951229750056,-0.0128951229750056,0.0368677811351141,0.0008158586550005,-0.0010298728814297,0.052603052551749,-0.0102516981423793,-0.0041841413449994,-0.0041841413449994,0.0106319085333166,-0.0041841413449995,-0.0041841413449995,0.052603052551749,-0.0102516981423793,-0.0041841413449994,-0.0440180259123653,0.055603052551749,-0.0011841413449995,-0.0072516981423793,-0.0011841413449994
TO,2030,0.001593163791848,0.001593163791848,0.0377116462010758,0.005489778312211,0.005489778312211,-0.0070141870050023,-0.0070141870050023,-0.0070141870050023,-0.0070141870050023,-0.0070141870050023,-0.0070141870050023,-0.0070141870050023,0.0336787450870144,-0.0018760856832134,-0.0052453188971672,0.0470703809204072,-0.0131027921412706,-0.0068760856832134,-0.0068760856832135,0.0020325395282564,-0.0068760856832134,-0.0068760856832134,0.0184627691385224,-0.0131027921412706,-0.0053760856832134,0.0617300455575684,0.0500703809204072,0.0002835689955162,-0.0101027921412706,-0.0038760856832134
TO,2035,0.0055176336002994,0.0055176336002995,0.041741774407094,0.0073956679425582,0.0073956679425582,-0.0064848959413644,-0.0064848959413644,-0.0064848959413644,-0.0064848959413644,-0.0064848959413644,-0.0064848959413644,-0.0064848959413644,0.0376931805965263,0.002,0.0031620812304254,0.0511563813781351,-0.0092509356201209,-0.003,-0.003,-0.0021105088262933,-0.003,-0.003,0.0224316158151732,-0.0092509356201209,-0.0015,-0.0408995720238996,0.0541563813781351,0.0,-0.0062509356201209,0.0
TO,2040,0.0055386419557179,0.0055386419557178,0.041741774407094,0.0075522902101726,0.0075522902101726,-0.0046693200436941,-0.0046693200436941,-0.0046693200436941,-0.0046693200436941,-0.0046693200436941,-0.0046693200436941,-0.0046693200436941,0.0376931805965263,0.002,0.002260819937896,0.0511563813781351,-0.0092509356201209,-0.003,-0.003,-0.0014840197558356,-0.003,-0.003,0.0224316158151732,-0.0092509356201209,-0.0015,0.0626882622851979,0.0541563813781351,0.0,-0.0062509356201209,0.0
TO,2045,0.0094780248779472,0.0094780248779472,0.045787584519767,0.0116168950192627,0.0116168950192627,-0.0013258096891567,-0.0013258096891567,-0.0013258096891567,-0.0013258096891567,-0.0013258096891567,-0.0013258096891567,-0.0013258096891567,0.0417232369497717,0.0058911681845044,0.0062052090030642,0.055258281150846,-0.005384090877425,0.0008911681845044,0.0008911681845044,0.0029620067582702,0.0008911681845044,0.0008911681845044,0.0264159059417413,-0.005384090877425,0.0023911681845044,-0.0430475592162073,0.058258281150846,0.0038911681845044,-0.002384090877425,0.0038911681845044
TO,2050,0.0075091507061987,0.0075091507061987,0.043733631492892,0.0096499700785562,0.0096499700785562,0.0021927636257552,0.0021927636257552,0.0021927636257552,0.0021927636257552,0.0021927636257552,0.0021927636257552,0.0021927636257552,0.0396772816986101,0.0039157228600665,0.0043421402471772,0.0531758528560263,-0.0073471878203185,-0.0010842771399334,-0.0010842771399334,0.0010911528954816,-0.0010842771399334,-0.0010842771399334,0.0243931850187352,-0.0073471878203185,0.0004157228600665,0.0631618528711769,0.0561758528560263,0.0019157228600665,-0.0037705881852709,0.0019157228600665
TT,2025,0.0029881610237979,0.0029881610237979,-0.0034806187749749,-0.008879164104954,-0.008879164104954,-0.0297699826798253,-0.0297699826798253,-0.0297699826798253,-0.0297699826798253,-0.0297699826798253,-0.0297699826798253,-0.0297699826798253,-0.0034988700767426,0.0084322605023947,0.0065865289659644,0.0090326636476886,-0.0085642521630293,0.0084960715867344,0.0034322605023947,-0.0388823073478629,0.0034322605023947,0.0034322605023947,0.0090326636476886,-0.0085642521630293,0.0084960715867344,-0.0541304429010844,-0.0233204833219256,-0.0327783920830891,-0.0055642521630293,0.0064322605023947
TT,2030,-0.0030945876309637,-0.0030945876309637,-0.0077353605677007,-0.0099183427151691,-0.0099183427151691,-0.0315442092131067,-0.0315442092131067,-0.0315442092131067,-0.0315442092131067,-0.0315442092131067,-0.0315442092131067,-0.0315442092131067,-0.0077830367532553,0.0023970355936522,-0.0009721976203016,0.0357450512221996,-0.0158246977454353,-0.0197164164299373,-0.0026029644063477,-0.0266844052947256,-0.0026029644063477,-0.0026029644063477,0.0115903101918266,-0.0158246977454353,-0.0096596904181425,-0.0696634310629787,-0.0075429349530635,-0.0277139509595179,-0.0128246977454353,0.0003970355936522
TT,2035,-0.0051063866615454,-0.0051063866615454,-0.0098352865909686,-0.0176851359692027,-0.0176851359692027,-0.0316132689720209,-0.0316132689720209,-0.0316132689720209,-0.0316132689720209,-0.0316132689720209,-0.0316132689720209,-0.0316132689720209,-0.0098828616758085,0.0002756231095636,0.001437704339989,0.0335423190658209,-0.0179180726112895,-0.021801538631791,-0.0047243768904363,-0.0514089284201296,-0.0047243768904363,-0.0047243768904364,0.0094419807235422,-0.0179180726112895,-0.0117629577611137,-0.0668597676625581,-0.0106589223551185,-0.0362001226117237,-0.0149180726112895,-0.0017243768904364
TT,2040,-0.006494675541917,-0.006494675541917,-0.0113164334306816,-0.018959555549161,-0.018959555549161,-0.0316914671036056,-0.0316914671036056,-0.0316914671036056,-0.0316914671036056,-0.0316914671036056,-0.0316914671036056,-0.0316914671036056,-0.0113639372058647,-0.0012206788371333,-0.0009598588992373,0.0319886596816313,-0.0193945987043702,-0.0232722438497227,-0.0062206788371333,-0.0520329273165125,-0.0062206788371333,-0.0062206788371333,0.007926693343247,-0.0193945987043702,-0.013246461343428,-0.0296280487598913,-0.0120986732005767,-0.0376447493254064,-0.0163945987043702,-0.0032206788371333
TT,2045,-0.0076789842640337,-0.0076789842640336,-0.0125947539314219,-0.0200865270979126,-0.0200865270979126,-0.0326220572443747,-0.0326220572443747,-0.0326220572443747,-0.0326220572443747,-0.0326220572443747,-0.0326220572443747,-0.0326220572443747,-0.0126421961620007,-0.0025120791240429,-0.0021980383054831,0.0306477564107833,-0.0206689312175659,-0.024541552590909,-0.0075120791240429,-0.0526797539815637,-0.0075120791240429,-0.0075120791240429,0.0066189074635431,-0.0206689312175659,-0.014526815857476,-0.004135588335179,-0.0133321579854296,-0.0388915507190993,-0.0176689312175659,-0.0045120791240429
TT,2050,-0.0085259077378128,-0.0085259077378128,-0.0135378333597439,-0.0209986434719246,-0.0209986434719246,-0.0332283005634829,-0.0332283005634829,-0.0332283005634829,-0.0332283005634829,-0.0332283005634829,-0.0332283005634829,-0.0332283005634829,-0.0135852301858641,-0.0034648081490472,-0.0030383907619366,0.0296585066182829,-0.0216090685128221,-0.0254779836043431,-0.0084648081490472,-0.0534797274037397,-0.0084648081490472,-0.0084648081490472,0.0056540899869523,-0.0216090685128221,-0.0154713958766952,-0.0038675482686051,-0.0142126068331827,-0.0398113769637021,-0.0178390741046672,-0.0054648081490472
TN,2025,0.0180366851678858,0.0180366851678858,0.0290144117347861,0.0165146820997667,0.0165146820997667,0.0459486389790237,0.0459486389790237,0.0459486389790237,0.0459486389790237,0.0459486389790237,0.0459486389790237,0.0459486389790237,0.0188792527102137,0.0351632160810577,0.0054594948598403,0.0280851197464972,-0.0058483211059287,0.0318732568630889,0.0060731566486284,0.0007061860404441,0.0265471978340913,0.0199260918143179,0.0280851197464972,-0.0058483211059287,0.0318732568630889,0.0155933269494446,0.0141348684068871,0.0228952893096601,-0.0023549578691294,0.0490644569765392
TN,2030,0.0041266001843412,0.0041266001843412,0.0257160033210719,0.0102834438800569,0.0102834438800569,0.0410054540868789,0.0410054540868789,0.0410054540868789,0.0410054540868789,0.0410054540868789,0.0410054540868789,0.0410054540868789,0.0145729064269788,0.0340003280879988,0.0096056279113179,0.0298549693160938,-0.0106581571518452,0.0324277542830296,0.0017141545804474,0.0034381405960974,0.0123713676725693,0.010751360824582,0.0103963173668523,-0.0106581571518452,0.0286882642269742,0.0094773207975006,0.0214715659701893,0.0135965601851472,-0.0067751649029627,0.057846262035345
TN,2035,0.0024233983555978,0.0024233983555979,0.0239655476855584,0.0049792525240317,0.0049792525240317,0.0353114998754289,0.0353114998754289,0.0353114998754289,0.0353114998754289,0.0353114998754289,0.0353114998754289,0.0353114998754289,0.0128415044124812,0.0322357070560983,0.009276297863635,0.0281279539843898,-0.0123549659987658,0.0306572726828867,-3.8097263134169793e-06,-0.0125776186423063,0.0106351805592338,0.0090179437667182,0.0086856057815316,-0.0123549659987658,0.0269267416495155,0.0035218059526378,0.0108892197396151,0.0069851978765754,-0.0084734835814707,0.0560374469490521
TN,2040,0.0016838112494277,0.0016838112494277,0.0231955302012063,0.0044484023622893,0.0044484023622893,0.0301120563969745,0.0301120563969745,0.0301120563969745,0.0301120563969745,0.0301120563969745,0.0301120563969745,0.0301120563969745,0.012079868529482,0.0314594582782079,0.0094665708290881,0.0273825017907724,-0.0131013845044531,0.0298784458676425,-0.0007595344227068,-0.0124131202886053,0.0098714397329872,0.0082554214752935,0.0079401985281331,-0.0131013845044531,0.0261518558676625,0.0022235256292427,0.0103684828466604,0.0062264675939307,-0.0092205662552163,0.0552417574073422
TN,2045,0.0013812054850584,0.0013812054850584,0.0228735108630142,0.0043259306216908,0.0043259306216908,0.0246660647351957,0.0246660647351957,0.0246660647351957,0.0246660647351957,0.0246660647351957,0.0246660647351957,0.0246660647351957,0.0117613543554913,0.0311348330290306,0.0088932820148775,0.0270578063680618,-0.0134135348102584,0.0295527424898517,-0.0010755765536108,-0.011946213753425,0.0095520452771259,0.0079365366075713,0.0076219965123748,-0.0134135348102584,0.025827800619934,0.0016663132118982,0.0101502508295746,0.0059091685345604,-0.0095329943144011,0.0549090020805676
TN,2050,0.0006321528079457,0.0006321528079457,0.0220952693968052,0.003596081984067,0.003596081984067,0.0186567556503447,0.0186567556503447,0.0186567556503447,0.0186567556503447,0.0186567556503447,0.0186567556503447,0.0186567556503447,0.0109915840082615,0.0303502937174893,0.0082378960200616,0.0262683590896652,-0.0141679252547305,0.0287655976068642,-0.001839372581264,-0.0125532739621642,0.0087801475053214,0.0071658703848495,0.0068506113873962,-0.0141679252547305,0.0250446388615731,0.001347142629152,0.0089268017237021,0.0051423348202332,-0.009516887675981,0.0541048143729228
TM,2025,0.0214908501235313,0.0214908501235313,0.0227289587596211,0.0314091289347022,0.0314091289347022,0.0529558333189799,0.0529558333189799,0.0529558333189799,0.0529558333189799,0.0529558333189799,0.0529558333189799,0.0529558333189799,0.023748671019693,0.0227370132777524,0.0219029394832627,0.0339000507505686,0.0118238286003323,0.018748671019693,0.018748671019693,0.0335647208980091,0.018748671019693,0.0495744528014135,0.0339000507505686,0.0118238286003323,0.018748671019693,0.0141150903770567,0.0149282578719785,0.0571386241594326,0.0148238286003323,0.0497067902418506
TM,2030,0.0129397987271861,0.0129397987271861,0.0295962536108145,0.0235557641324708,0.0235557641324708,0.0416622034053433,0.0416622034053433,0.0416622034053433,0.0416622034053433,0.0416622034053433,0.0416622034053433,0.0416622034053433,0.0157976087012221,0.0295766257754688,0.0124283754872683,0.0242537002408412,0.0007446659697503,0.0107976087012221,0.0107976087012221,0.019706233912692,0.0107976087012221,0.0479216052147472,0.0197877390469381,0.0007446659697503,0.0122976087012221,0.0061433387170547,0.0064859681320821,0.0214288507074341,0.0037446659697503,0.0497355196319872
TM,2035,0.0092373414259817,0.0092373414259817,0.0255573367136527,0.0175298201120141,0.0175298201120141,0.0320553735141462,0.0320553735141462,0.0320553735141462,0.0320553735141462,0.0320553735141462,0.0320553735141462,0.0320553735141462,0.0118129267040878,0.0255377860245555,0.0129750079345134,0.0219215778388123,-0.0032005034268642,0.006812926704088,0.006812926704088,0.0077024178777945,0.0068129267040878,0.0437910091620862,0.0166263415111436,-0.0032005034268642,0.008312926704088,0.0143603990998319,-0.0047619421344435,0.0528697739399451,-0.0002005034268642,0.0456095854307925
TM,2040,0.0087534765563238,0.0087534765563238,0.0248391493611672,0.0169714124112341,0.0169714124112341,0.0199451548606168,0.0199451548606168,0.0199451548606168,0.0199451548606168,0.0199451548606168,0.0199451548606168,0.0199451548606168,0.0111043832289723,0.0248196123899704,0.0113652031668684,0.0225513357339773,-0.0039020208970681,0.0061043832289723,0.0061043832289723,0.0076203634731366,0.0061043832289723,0.0430565197138551,0.0165864161000129,-0.0039020208970681,0.0076043832289723,0.0103412692451861,-0.0048410556086982,0.0523276611038626,-0.0009020208970681,0.0448759249381569
TM,2045,0.0081418852648054,0.0081418852648054,0.0242170079899346,0.0164907207572673,0.0164907207572673,0.0136624653339181,0.0136624653339181,0.0136624653339181,0.0136624653339181,0.0136624653339181,0.0136624653339181,0.0136624653339181,0.0104905960219698,0.0241974829020901,0.0108046368405296,0.0219418363020196,-0.0045097217140571,0.0054905960219698,0.0054905960219698,0.0075614345957357,0.0054905960219698,0.0424202563893937,0.0159743113888711,-0.0045097217140571,0.0069905960219698,0.0098879006417184,-0.0055842131381275,0.0518580471207757,-0.0015097217140571,0.0442403797098431
TM,2050,0.0067209465197471,0.0067209465197471,0.0228065637663701,0.0151126251685067,0.0151126251685067,0.0082694137964238,0.0082694137964238,0.0082694137964238,0.0082694137964238,0.0082694137964238,0.0082694137964238,0.0082694137964238,0.0090990913565611,0.0227870656190354,0.0095255087436718,0.0203574673945338,-0.0058874280467495,0.0040990913565611,0.0040990913565611,0.006274521391976,0.0040990913565611,0.0409777965689285,0.0144853285906422,-0.0058874280467495,0.0055990913565611,0.009058705551404,-0.0074328088933343,0.0507933946794222,-0.0024991483778396,0.0427995478707499
TC,2025,0.0197878528033536,0.0197878528033536,0.0181648756257999,0.0302705868224876,0.0302705868224876,0.0237215050080043,0.0237215050080043,0.0237215050080043,0.0237215050080043,0.0237215050080043,0.0237215050080043,0.0237215050080043,0.0219226391570952,0.033114552751513,0.0312688212150828,0.0156258364875651,0.0156231691709826,0.028114552751513,0.028114552751513,0.0429306026298292,0.028114552751513,0.028114552751513,0.0156258364875651,0.0156231691709826,0.028114552751513,0.07,0.0186258364875651,0.031114552751513,0.0186231691709826,0.031114552751513
TC,2030,-0.0011980739486606,-0.0011980739486606,-0.0127044621018925,0.0042680615764627,0.0042680615764627,0.023037111170512,0.023037111170512,0.023037111170512,0.023037111170512,0.023037111170512,0.023037111170512,0.023037111170512,0.004504943446663,0.0062195592159059,0.0028503260019521,-0.0076970181479337,-0.0104494603350386,0.0012195592159059,0.0012195592159059,0.0101281844273759,0.0012195592159059,0.0012195592159059,-0.0029300696948293,-0.0104494603350386,0.0027195592159059,0.0050706793844245,-0.0046970181479337,0.0083792138946356,-0.0074494603350386,0.0042195592159059
TC,2035,-0.0012815057159505,-0.0012815057159505,-0.0127900060811211,0.0021761283083479,0.0021761283083479,0.0216765925334854,0.0216765925334854,0.0216765925334854,0.0216765925334854,0.0216765925334854,0.0216765925334854,0.0216765925334854,0.0044179053360049,0.0061323722412267,0.0072944534716521,-0.0077834309797498,-0.0105356341980902,0.0011323722412267,0.0011323722412267,0.0020218634149333,0.0011323722412267,0.0011323722412267,-0.003016766165168,-0.0105356341980902,0.0026323722412267,0.0082129688961006,-0.0047834309797498,0.0041323722412267,-0.0075356341980902,0.0041323722412267
TC,2040,-0.0013614292777002,-0.0013614292777002,-0.0128720863950089,0.0022491295004438,0.0022491295004438,0.0215864564331158,0.0215864564331158,0.0215864564331158,0.0215864564331158,0.0215864564331158,0.0215864564331158,0.0215864564331158,0.0043343913878877,0.0060487154565744,0.0063095353944705,-0.0078663449664895,-0.0106183188918818,0.0010487154565744,0.0010487154565744,0.0025646957007388,0.0010487154565744,0.0010487154565744,-0.0030999523059408,-0.0106183188918818,0.0025487154565744,0.0040487154565744,-0.0048663449664895,0.0040487154565744,-0.0076183188918818,0.0040487154565744
TC,2045,-0.0014380541497159,-0.0014380541497159,-0.0129509092407618,0.0023075416226673,0.0023075416226673,0.0211415305692228,0.0211415305692228,0.0211415305692228,0.0211415305692228,0.0211415305692228,0.0211415305692228,0.0211415305692228,0.0042541918036163,0.0059683787044291,0.0062824195229889,-0.0079459683996609,-0.0106977221319053,0.0009683787044291,0.0009683787044291,0.0030392172781949,0.0009683787044291,0.0009683787044291,-0.0031798370923449,-0.0106977221319053,0.0024683787044291,0.0039683787044291,-0.0049459683996609,0.0039683787044291,-0.0076977221319053,0.0039683787044291
TC,2050,-0.0053876143781273,-0.0053876143781273,-0.0168445058096403,-0.0016329953027419,-0.0016329953027419,0.0203999778798624,0.0203999778798624,0.0203999778798624,0.0203999778798624,0.0203999778798624,0.0203999778798624,0.0203999778798624,0.0002925887536171,0.002,0.0024264173871106,-0.0118791114273872,-0.0146199883221312,-0.003,-0.003,-0.0008245699645849,-0.003,-0.003,-0.007125890134172,-0.0146199883221312,-0.0015,8.599457994616937e-05,-0.0088791114273872,0.0,-0.0111558904672798,0.0
TV,2025,-0.0131405949973505,-0.0131405949973505,0.0245190883072998,0.0017924034628351,0.0017924034628351,0.0237215050080043,0.0237215050080043,0.0237215050080043,0.0237215050080043,0.0237215050080043,0.0237215050080043,0.0237215050080043,0.0368828174338053,-0.0098430844869269,0.0296405356295235,-0.0097356160181978,-0.0148430844869269,-0.0148430844869269,-0.0148430844869269,-2.7034608610823196e-05,-0.0148430844869269,-0.0148430844869269,-0.0097356160181978,-0.0148430844869269,-0.0148430844869269,-0.0173600401320856,0.0078530950198141,-0.0118430844869269,-0.0118430844869269,-0.0118430844869269
TV,2030,-0.0222808232987393,-0.0222808232987393,0.0250710029439906,-0.0102827879634042,-0.0102827879634042,0.023037111170512,0.023037111170512,0.023037111170512,0.023037111170512,0.023037111170512,0.023037111170512,0.023037111170512,0.0215151358519827,-0.0188516376390232,0.0070705484365121,-0.0234267515973203,-0.0238516376390232,-0.0238516376390232,-0.0238516376390232,-0.0149430124275532,-0.0238516376390232,-0.0238516376390232,-0.0221391946181717,-0.0238516376390232,-0.0223516376390232,-0.0200005174705046,-0.0073563028066379,-0.0166919829602935,-0.0208516376390232,-0.0208516376390232
TV,2035,-0.0014276776196478,-0.0014276776196478,0.0468580034154426,0.0087789757156006,0.0087789757156006,0.0216765925334854,0.0216765925334854,0.0216765925334854,0.0216765925334854,0.0216765925334854,0.0216765925334854,0.0216765925334854,0.0432264116886957,0.002,0.027664842787874,-0.0025660657178873,-0.003,-0.003,-0.003,-0.0021105088262933,-0.003,-0.003,-0.0012830328589436,-0.003,-0.0015,0.0040805966548738,0.013782727267035,0.0,0.0,0.0
TV,2040,-0.0014276776196478,-0.0014276776196478,0.0468580034154426,0.008935597983215,0.008935597983215,0.0215864564331158,0.0215864564331158,0.0215864564331158,0.0215864564331158,0.0215864564331158,0.0215864564331158,0.0215864564331158,0.0432264116886957,0.002,0.0284167344090638,-0.0025660657178873,-0.003,-0.003,-0.003,-0.0014840197558356,-0.003,-0.003,-0.0012830328589436,-0.003,-0.0015,0.0,0.013782727267035,0.0,0.0,0.0
TV,2045,-0.0014276776196478,-0.0014276776196478,0.0468580034154426,0.0090743125656154,0.0090743125656154,0.0211415305692228,0.0211415305692228,0.0211415305692228,0.0211415305692228,0.0211415305692228,0.0211415305692228,0.0211415305692228,0.0432264116886957,0.002,0.029555546319852,-0.0025660657178873,-0.003,-0.003,-0.003,-0.0009291614262341,-0.003,-0.003,-0.0012830328589436,-0.003,-0.0015,0.0,0.013782727267035,0.0,0.0,0.0
TV,2050,0.0198695501353056,0.0198695501353056,0.0691089730426788,0.030615634227212,0.030615634227212,0.0203999778798624,0.0203999778798624,0.0203999778798624,0.0203999778798624,0.0203999778798624,0.0203999778798624,0.0203999778798624,0.0654000440730278,0.0232956876001351,0.0521900329194948,0.0187388628111585,0.0182956876001351,0.0182956876001351,0.0182956876001351,0.0204711176355501,0.0182956876001351,0.0182956876001351,0.0200172752056468,0.0182956876001351,0.0197956876001351,0.0213816821800812,0.0353719275213266,0.0212956876001351,0.0215770041317801,0.0212956876001351
TR,2025,0.00954186780546,0.00954186780546,0.0348346315489778,0.0096098456712912,0.0096098456712912,0.0237215050080043,0.0237215050080043,0.0237215050080043,0.0237215050080043,0.0237215050080043,0.0237215050080043,0.0237215050080043,0.0271055989671162,0.07,0.0156444460602299,0.0377311553229434,-0.07,0.0608944480934366,0.0093488430019826,-0.0650150592839339,0.0093488430019826,0.067,0.0377311553229434,-0.07,0.0608944480934366,0.0272874911060064,0.0069600928092469,0.0470350442484275,-0.07,0.0277265643401634
TR,2030,-0.0163208760978068,-0.0163208760978068,0.023316830229864,0.0093255975768082,0.0093255975768082,0.023037111170512,0.023037111170512,0.023037111170512,0.023037111170512,0.023037111170512,0.023037111170512,0.023037111170512,0.0212496829429595,0.07,-0.0211630494479051,-0.07,-0.0323774881572642,0.0511515694224714,-1.702727446961389e-05,-0.0377149798441733,-1.702727446961389e-05,0.0537847144829163,-0.0496887440786321,-0.0323774881572642,0.0270672710740009,-0.0079826244127016,0.0028869977788964,0.0387188957523939,-0.0293774881572642,0.0115007696240761
TR,2035,0.0119015714356419,0.0119015714356419,0.0230116569084704,0.0054975299347681,0.0054975299347681,0.0216765925334854,0.0216765925334854,0.0216765925334854,0.0216765925334854,0.0216765925334854,0.0216765925334854,0.0216765925334854,0.0209451272929726,0.07,-0.021080506077852,-0.07,0.0303763709766495,0.0508365849571504,-0.0003167223700838,-0.0521072284077348,-0.0003167223700838,0.0534689432239187,-0.0183118145116752,0.0303763709766495,0.0267599312935333,0.0061781729504103,-0.0194296779278939,0.0362156627396244,0.0333763709766495,0.0113412825626321
TR,2040,-0.0499966577431116,-0.0499966577431116,0.022220558833413,0.0050372748886824,0.0050372748886824,0.0215864564331158,0.0215864564331158,0.0215864564331158,0.0215864564331158,0.0215864564331158,0.0215864564331158,0.0215864564331158,0.0201556304019856,0.07,-0.0208112455073436,-0.07,-0.07,0.0500200535413301,-0.0010936192893874,-0.051563283767747,-0.0010936192893874,0.0526503722098786,-0.07,-0.07,0.0259632171259713,0.0019063807106126,-0.0201211749902806,0.0354127843291861,-0.07,0.0109278456778852
TR,2045,-0.0366617658706148,-0.0366617658706148,0.0212359018745253,0.0044179663963423,0.0044179663963423,0.0211415305692228,0.0211415305692228,0.0211415305692228,0.0211415305692228,0.0211415305692228,0.0211415305692228,0.0211415305692228,0.0191729663907329,0.07,-0.0219724604430334,-0.07,-0.07,0.0490037404366882,-0.002060600479267,-0.0510720208022508,-0.002060600479267,0.0516315204761544,-0.07,-0.07,0.0249715699787105,0.0011738949746028,-0.020993043178014,0.034413464726593,-0.07,0.0104132527108916
TR,2050,-0.0221602657803522,-0.0221602657803523,0.020127734408512,0.0035412096470641,0.0035412096470641,0.0203999778798624,0.0203999778798624,0.0203999778798624,0.0203999778798624,0.0203999778798624,0.0203999778798624,0.0203999778798624,0.0180670418578652,0.07,-0.0228667475547037,-0.07,-0.07,0.0478599460343006,-0.0031488750150834,-0.0512381972661122,-0.0031488750150834,0.050484869011587,-0.07,-0.07,0.0238555355096086,0.0008784037955525,-0.0219814444012996,0.0332887954072449,-0.0691560504050649,0.0098341117429488
UG,2025,0.0219632628698251,0.0219632628698251,0.0459637400625712,0.0164970948759041,0.0164970948759041,0.0206277207789484,0.0206277207789484,0.0206277207789484,0.0206277207789484,0.0206277207789484,0.0206277207789484,0.0206277207789484,0.038794424493584,0.0351939550100324,0.0514829183596307,0.067,-0.0313041664005568,0.0301939550100324,0.0301939550100324,-0.07,0.067,0.0301939550100324,0.067,-0.0313041664005568,0.0301939550100324,0.07,0.0480204232881904,0.0331939550100324,0.0189862774317253,0.0331939550100324
UG,2030,-0.0118421462643987,-0.0118421462643988,0.0512854409307479,0.0165325167580703,0.0165325167580703,0.0220904781136423,0.0220904781136423,0.0220904781136423,0.0220904781136423,0.0220904781136423,0.0220904781136423,0.0220904781136423,0.0462101282178184,0.027919938814463,0.0637774600509953,0.067,-0.0395536552141308,0.022919938814463,0.022919938814463,-0.07,0.067,0.022919938814463,0.012470785020936,-0.0395536552141308,0.024419938814463,0.0400370723653155,0.069563101267775,0.0300795934931927,0.016075582842209,0.025919938814463
UG,2035,-0.0094694668535232,-0.0094694668535232,0.0481791638561448,0.0150004270811744,0.0150004270811744,0.0223508846052367,0.0223508846052367,0.0223508846052367,0.0223508846052367,0.0223508846052367,0.0223508846052367,0.0223508846052367,0.043118875965739,0.0248828323589587,0.062298932874779,0.067,-0.0358505546029974,0.0198828323589587,0.0198828323589589,-0.07,0.067,0.0198828323589589,0.0145520254904111,-0.0358505546029974,0.0213828323589587,-0.0020176100670732,0.0684819223872527,0.0228828323589587,0.0130676193597014,0.0228828323589587
UG,2040,0.0095993058319363,0.0095993058319363,0.0455579643660055,0.0137075891972774,0.0137075891972774,0.0252648075765029,0.0252648075765029,0.0252648075765029,0.0252648075765029,0.0252648075765029,0.0252648075765029,0.0252648075765029,0.0405103550152767,0.0223200017738331,0.0614311146155576,0.067,-0.0075549659623703,0.0173200017738331,0.0173200017738331,-0.07,0.067,0.0173200017738331,0.0297443143429068,-0.0075549659623703,0.0188200017738331,-0.07,0.0680431330584053,0.0203200017738333,0.0105293807681826,0.0203200017738333
UG,2045,-0.0321734362363922,-0.0321734362363922,0.0435172811134694,0.0127455771339595,0.0127455771339595,0.02776025377676,0.02776025377676,0.02776025377676,0.02776025377676,0.02776025377676,0.02776025377676,0.02776025377676,0.03847954239017,0.0203247604830318,0.0602137486619958,0.067,-0.0662159308571848,0.0153247604830318,0.0153247604830318,-0.0698219943373635,0.067,0.0153247604830318,-0.0015,-0.0662159308571848,0.0168247604830319,0.07,0.0677015222660413,0.0183247604830318,0.0085532850897963,0.0183247604830318
UG,2050,-0.0131974595991119,-0.013197459599112,0.0416393938049499,0.0118711461218153,0.0118711461218153,0.0296398918284457,0.0296398918284457,0.0296398918284457,0.0296398918284457,0.0296398918284457,0.0296398918284457,0.0296398918284457,0.0366107382776605,0.0184886899940068,0.0592899449202403,0.067,-0.0418731662359047,0.0134886899940068,0.0134886899940068,-0.0696148437844058,0.067,0.0134886899940068,0.0115572712037406,-0.0418731662359047,0.0149886899940068,-0.0691468757059646,0.0673871635478834,0.0164886899940068,0.0074368970390608,0.0164886899940068
UA,2025,0.0056181512369022,0.0056181512369022,-0.0136128636140769,0.0450187236619212,0.0450187236619212,0.0282471187436197,0.0282471187436197,0.0282471187436197,0.0282471187436197,0.0282471187436197,0.0282471187436197,0.0282471187436197,-0.0136258165331266,0.0037938853432015,-0.0407381701498566,0.0442966376974786,0.0425578160132281,-0.07,0.0208983016889851,0.0597007111808115,0.067,0.067,0.0442966376974786,0.0425578160132281,-0.07,-0.0228686500729942,0.0058524470663346,-0.07,0.0450552646583379,-0.068076027336482
UA,2030,0.0254080993231292,0.0254080993231292,-0.0011125466457677,0.0321097494027238,0.0321097494027238,0.027258358067199,0.027258358067199,0.027258358067199,0.027258358067199,0.027258358067199,0.027258358067199,0.027258358067199,-0.0031595936103919,0.006882354214206,-0.0203706576700504,-0.04893278815235,0.0668834700423997,-0.07,0.0021356817661156,0.0623707415521025,0.067,0.0022278496691846,0.0105336059238249,0.0668834700423997,-0.0344109873313353,0.0118235422869061,-0.0261327525608827,-0.0689605802572481,0.0657580574557797,-0.0656868609317092
UA,2035,0.0178305050544608,0.0178305050544608,-0.0102899458316567,0.0238081561622021,0.0238081561622021,0.0248342065737769,0.0248342065737769,0.0248342065737769,0.0248342065737769,0.0248342065737769,0.0248342065737769,0.0248342065737769,-0.0123181475724963,-0.0023686464563809,-0.0289769430158008,-0.0577159819059007,0.0575137136627576,-0.07,-0.0071176510514563,0.0475771038723349,0.067,-0.0070263316510298,0.0016218425460376,0.0575137136627576,-0.0390194365417979,0.0027253177795487,0.0097210459970373,-0.07,0.0558464734972594,-0.0682137031832755
UA,2040,0.0176470689995408,0.0176470689995408,-0.0108034751081005,0.0236104878219083,0.0236104878219083,0.0222552615118178,0.0222552615118178,0.0222552615118178,0.0222552615118178,0.0222552615118178,0.0222552615118178,0.0222552615118178,-0.0128306223482106,-0.0028862941672979,-0.0285329486010608,-0.0582074530778272,0.0569639789099486,-0.07,-0.0076354292596666,0.0478167309737803,0.067,-0.0075441573379363,0.0011003003871687,0.0569639789099486,-0.0392773062868795,-0.0033448240563304,0.0097331318305519,-0.07,0.0553110206754518,-0.0680439199946585
UA,2045,0.0173585760063851,0.0173585760063851,-0.0113531887849944,0.0233354894612948,0.0233354894612948,0.0193213730913048,0.0193213730913048,0.0193213730913048,0.0193213730913048,0.0193213730913048,0.0193213730913048,0.0193213730913048,-0.0133792072219385,-0.0034404164726016,-0.0292867855604407,-0.0587335543877234,0.0563755086393232,-0.07,-0.0081896912573894,0.0478196352269265,0.067,-0.0080984701598086,0.0005420092225587,0.0563755086393232,-0.0395533461004421,-0.0078064339733625,0.0077256919965765,-0.07,0.0547378386720468,-0.0686535876989815
UA,2050,0.0166244277809948,0.0166244277809946,-0.0123612673140963,0.0225891826836298,0.0225891826836298,0.0171344802844743,0.0171344802844743,0.0171344802844743,0.0171344802844743,0.0171344802844743,0.0171344802844743,0.0171344802844743,-0.0143852157238911,-0.0044565796534583,-0.0301114835205463,-0.0596983319745488,0.055350009180127,-0.07,-0.0092061106096577,0.0468569291730689,0.067,-0.0091149827146584,-0.0004817989155442,0.055350009180127,-0.0400595547340021,-0.0060331124546051,0.0076659582966022,-0.07,0.0545608296661498,-0.0686215544309793
AE,2025,-0.0075353851210649,-0.0075353851210649,0.0408846668791689,0.0308501950957626,0.0308501950957626,0.034050379190444,0.034050379190444,0.034050379190444,0.034050379190444,0.034050379190444,0.034050379190444,0.034050379190444,0.0374939635495261,0.0286969223184028,0.0268511907819723,-0.07,0.0236969223184027,0.0236969223184025,0.0236969223184025,0.0385129721967188,0.0236969223184028,0.0236969223184028,-0.07,0.0236969223184027,0.0236969223184025,0.050950865204277,0.0353892044535458,-0.0296244848592007,-0.0142111536282137,0.0266969223184026
AE,2030,0.0005371354822901,0.0005371354822901,0.0282147847987226,0.0213916155559858,0.0213916155559858,0.0311864436022504,0.0311864436022504,0.0311864436022504,0.0311864436022504,0.0311864436022504,0.0311864436022504,0.0311864436022504,0.0385808992210787,0.0176923125971315,0.0143230793831777,-0.0692387500919172,0.0126923125971316,0.0126923125971315,0.0126923125971315,0.0216009378086016,0.0126923125971315,0.0126923125971315,-0.0267732187473928,0.0126923125971316,0.0141923125971315,0.052324322947789,-0.0025038244762452,-0.0177683604172551,-0.029697157027404,0.0156923125971315
AE,2035,-0.0031002839759313,-0.0031002839759313,0.0239584887569859,0.0151525194676992,0.0151525194676992,0.0254209084791394,0.0254209084791394,0.0254209084791394,0.0254209084791394,0.0254209084791394,0.0254209084791394,0.0254209084791394,0.0342816090104431,0.0134796592288823,0.0146417404593078,-0.07,0.0084796592288823,0.0084796592288823,0.0084796592288823,0.009369150402589,0.0084796592288823,0.0084796592288823,-0.0292601703855588,0.0084796592288823,0.0099796592288823,0.0621473634772901,-0.0011102182730211,-0.0301270378071576,-0.0337215544644767,0.0114796592288823
AE,2040,-0.0027880968480941,-0.0027880968480941,0.0243369943838223,0.0156856924078142,0.0156856924078142,0.0216173239010746,0.0216173239010746,0.0216173239010746,0.0216173239010746,0.0216173239010746,0.0216173239010746,0.0216173239010746,0.0346639380402313,0.013854283782287,0.0141151037201831,-0.07,0.008854283782287,0.008854283782287,0.008854283782287,0.0103702640264513,0.008854283782287,0.008854283782287,-0.0290728581088564,0.008854283782287,0.010354283782287,0.050733677136844,0.0007196755326042,-0.0297678232426276,-0.0333636712111454,0.011854283782287
AE,2045,-0.0029666235699037,-0.0029666235699037,0.0241205428945705,0.0156090734573349,0.0156090734573349,0.0170763496984658,0.0170763496984658,0.0170763496984658,0.0170763496984658,0.0170763496984658,0.0170763496984658,0.0170763496984658,0.0344453001072275,0.0136400517161154,0.0139540925346752,-0.07,0.0086400517161154,0.0086400517161154,0.0086400517161154,0.0107108902898813,0.0086400517161154,0.0086400517161154,-0.0291799741419422,0.0086400517161154,0.0101400517161154,0.0478787504535426,0.0011270996758211,-0.0299732429826281,-0.0335683296301213,0.0116400517161154
AE,2050,-0.0030252314371802,-0.0030252314371802,0.0240494848477679,0.0155645302856449,0.0155645302856449,0.0131937427908204,0.0131937427908204,0.0131937427908204,0.0131937427908204,0.0131937427908204,0.0131937427908204,0.0131937427908204,0.0343735242810139,0.0135697222753836,0.0139961396624943,-0.07,0.0085697222753836,0.0085697222753836,0.0085697222753836,0.0107451523107986,0.0085697222753836,0.0085697222753836,-0.0292151388623081,0.0085697222753836,0.0100697222753836,0.0469731105896843,-0.0017567520010676,-0.0300406794578844,-0.0336355161741568,0.0115697222753836
GB,2025,-0.0044631120800327,-0.0044631120800327,0.002866473018056,-0.001422351591454,-0.001422351591454,0.0136896511605575,0.0136896511605575,0.0136896511605575,0.0136896511605575,0.0136896511605575,0.0136896511605575,0.0136896511605575,-0.0146499716750458,-0.0004646561427054,0.0340934209350017,0.0148082407692829,0.0032367239168981,-0.0314343009262793,0.0032367239168981,0.0196877371639144,0.0032367239168981,-0.013963895771583,0.0148082407692829,0.0032367239168981,-0.0314343009262793,0.0456295596394777,0.0094003121756581,-0.0187332589161965,0.0351401488902958,0.0123754891338716
GB,2030,-0.0043104061892187,-0.0043104061892187,-0.0037883666693452,0.0005279809364333,0.0005279809364333,0.0124582278795413,0.0124582278795413,0.0124582278795413,0.0124582278795413,0.0124582278795413,0.0124582278795413,0.0124582278795413,-0.0163105674006486,0.0046976744814997,0.0358868980269011,-0.0023026225790587,0.0020727800182974,-0.0413527668093555,0.0020727800182974,0.0395211145474012,0.0020727800182974,-0.0231714034193165,0.0013850787196193,0.0020727800182974,-0.0103443858671777,0.0230131781118828,0.0398755032295765,-0.0268761464054769,-0.0400099220625789,0.021078253899417
GB,2035,-0.0051632370134308,-0.0051632370134307,-0.0049372355148898,-0.0059478537827042,-0.0059478537827042,0.012471623450009,0.012471623450009,0.012471623450009,0.012471623450009,0.012471623450009,0.012471623450009,0.012471623450009,-0.017444966121508,0.0035389995262964,0.0338352314587569,-0.0017017497082563,0.0009113604917526,-0.0424640056136288,0.0009113604917528,0.0170458423358418,0.0009113604917528,-0.0243036518369037,0.0011048053917482,0.0009113604917526,-0.0114897233064,0.00757711197017,0.0231029833794537,-0.0294078469385168,-0.0411192459284439,0.0198983391252976
GB,2040,-0.0057033237925968,-0.0057033237925969,-0.005718917797562,-0.006510492191584,-0.006510492191584,0.0136532148199586,0.0136532148199586,0.0136532148199586,0.0136532148199586,0.0136532148199586,0.0136532148199586,0.0136532148199586,-0.0182168030331106,0.0027506452355776,0.0327533844113625,-0.0010675792458292,0.0001211388139955,-0.0432200846808668,0.0001211388139955,0.0171277211500614,0.0001211388139955,-0.0250740256972826,0.0010267797840831,0.0001211388139955,-0.0122690028450461,0.0031211388139955,0.0224108462811341,-0.030171841639438,-0.0418740220850564,0.019095533411165
GB,2045,-0.0061275550066745,-0.0061275550066745,-0.0061512961784905,-0.0067615227181389,-0.0067615227181389,0.014306732379173,0.014306732379173,0.014306732379173,0.014306732379173,0.014306732379173,0.014306732379173,0.014306732379173,-0.0186437355625761,0.0023145763117002,0.0321291920116572,-0.0014920967068796,-0.0003159630331069,-0.0436383009436542,-0.0003159630331069,0.0174137566802611,-0.0003159630331069,-0.0255001489571339,0.0005959701300066,-0.0003159630331069,-0.012700052176315,0.0028501272627976,0.0219799245094012,-0.0305944363421002,-0.0422915176581221,0.0186514708520262
GB,2050,-0.0067477706743452,-0.0067477706743452,-0.0067455290217263,-0.0073176686761794,-0.0073176686761794,0.0134888409951174,0.0134888409951174,0.0134888409951174,0.0134888409951174,0.0134888409951174,0.0134888409951174,0.0134888409951174,-0.0192304839802683,0.0017152714252577,0.0316441094870938,-0.0022849027349423,-0.000916687502331,-0.0442130702889436,-0.000916687502331,0.0169622819449633,-0.000916687502331,-0.0260857851670817,-0.0001007951186367,-0.000916687502331,-0.0132924584597761,0.0028360073220149,0.0212819530593342,-0.0311752231315788,-0.0428652965341344,0.0180411800309984
US,2025,0.0147390306701693,0.0147390306701693,0.0107125275255177,-0.0127360184012688,-0.0127360184012688,0.017538648723975,0.017538648723975,0.017538648723975,0.017538648723975,0.017538648723975,0.017538648723975,0.017538648723975,-0.0007984643607721,0.0554735035198481,-0.031077037413167,0.0100079267219584,0.027331378391255,0.0068777868972945,0.067,0.0076983713545664,-0.07,0.0121560194011302,0.0100079267219584,0.027331378391255,0.0068777868972945,0.0648225748135174,0.0043807533074274,0.0153471911231865,0.0075263808029002,0.0252507027501824
US,2030,-0.0066727460688355,-0.0066727460688355,0.0073303120856031,-0.0049677477767367,-0.0049677477767367,0.0138038415379095,0.0138038415379095,0.0138038415379095,0.0138038415379095,0.0138038415379095,0.0138038415379095,0.0138038415379095,-0.0010557147038612,0.068294056972777,-0.024390249806037,0.003192118832065,-0.0118585509424081,-0.0024083688293311,0.067,0.0134373213625091,-0.0368525325819818,0.004599934816387,-0.0028220464506942,-0.0118585509424081,-0.0083299873090633,0.0553091445472003,0.0169633272761734,0.0071555911373667,-0.0020502698850648,0.0178418192767167
US,2035,-0.0068127002451225,-0.0068127002451225,0.0067812296466673,-0.0100709193388297,-0.0100709193388297,0.0111251382086556,0.0111251382086556,0.0111251382086556,0.0111251382086556,0.0111251382086556,0.0111251382086556,0.0111251382086556,-0.0016002169366824,0.067711677893596,-0.03159406414497,0.0050064409071726,-0.0123998838333362,-0.0029548631373385,0.067,-0.0053528587130095,-0.037380214480562,0.004049612774935,-0.0021855579591204,-0.0123998838333362,-0.0088724281429769,0.00646564392245,-0.0005156564179365,0.0043377834233197,-0.0025953212628652,0.0172859034131834
US,2040,-0.0069416335433494,-0.0069416335433494,0.0063191309219354,-0.0103241140172678,-0.0103241140172678,0.0095759847907375,0.0095759847907375,0.0095759847907375,0.0095759847907375,0.0095759847907375,0.0095759847907375,0.0095759847907375,-0.0020584610354885,0.0672215572655865,-0.0243026202103439,0.0064586283160553,-0.0128554606662761,-0.0034147837337662,0.067,-0.0050001629912687,-0.0378243028634842,0.00358647082117,-0.0016872578052427,-0.0128554606662761,-0.0093289374024603,0.0023594882730044,0.0009338591125683,0.0038758886394341,-0.0030540275130289,0.0168180537910121
US,2045,-0.0075311811076682,-0.0075311811076682,0.0057112503610574,-0.0107642454756604,-0.0107642454756604,0.0083160952321257,0.0083160952321257,0.0083160952321257,0.0083160952321257,0.0083160952321257,0.0083160952321257,0.0083160952321257,-0.0026612709219754,0.0665768145162417,-0.0247628880231315,0.005867919813217,-0.0134547618240348,-0.0040197990154642,0.0665860804077634,-0.0049644376748403,-0.0384084912216037,0.0029772179157777,-0.0022822693893268,-0.0134547618240348,-0.0099294651465302,0.0018493984077344,0.0003494255930571,0.0032682763581885,-0.0036574453493139,0.016202608052881
US,2050,-0.0082303074440538,-0.0082303074440538,0.0050399098697326,-0.011396988190051,-0.011396988190051,0.0070315599807495,0.0070315599807495,0.0070315599807495,0.0070315599807495,0.0070315599807495,0.0070315599807495,0.0070315599807495,-0.0033270113838597,0.0658647635937745,-0.025074834755828,0.0049341425447269,-0.014116627262074,-0.0046879751056609,0.0658706789967732,-0.0055116370365009,-0.0390536661533365,0.0023043618134931,-0.0030800982014413,-0.014116627262074,-0.0105926852208417,0.0015524409917859,-0.000295431488122,0.0025972321536539,-0.00396278932775,0.0155229126146457
UY,2025,-0.0065056660690881,-0.0065056660690881,0.0123126893956102,0.0139722290293646,0.0139722290293646,0.0308070283629897,0.0308070283629897,0.0308070283629897,0.0308070283629897,0.0308070283629897,0.0308070283629897,0.0308070283629897,0.0102042064104497,0.0015490868805907,-0.0012942346487582,0.0004489482539312,-0.0028063907024985,-0.0171595557586972,-0.07,0.0293881504944317,-0.0019996427713367,0.018296201983914,0.0004489482539312,-0.0028063907024985,-0.0171595557586972,-0.0010462671343694,0.0023881437910847,0.0034890197627255,-0.0120636715832488,0.0010003572286632
UY,2030,-0.0075837803394097,-0.0075837803394097,0.012804979394775,0.0003775935224478,0.0003775935224478,0.0265442415008492,0.0265442415008492,0.0265442415008492,0.0265442415008492,0.0265442415008492,0.0265442415008492,0.0265442415008492,0.0032973916627698,-0.013795675013439,-0.0372670716235446,-0.011310920794895,-0.0049645284501603,-0.0228427935702713,-0.07,-0.0109586370589211,-0.0037098078845465,0.012881427370489,-0.0067375220884763,-0.0049645284501603,-0.0117763007274089,0.0193890514900618,-0.0069921633478456,-0.0035237892238988,-0.0169114254517982,-0.0007098078845465
UY,2035,-0.0077043875491349,-0.0077043875491348,0.0126821314882048,6.9734809090196e-05,6.9734809090196e-05,0.0228164657667502,0.0228164657667502,0.0228164657667502,0.0228164657667502,0.0228164657667502,0.0228164657667502,0.0228164657667502,0.0031756992582732,-0.0139152900167547,-0.0366818105795242,-0.0114314454557665,-0.0050854647413645,-0.0229619167081406,-0.07,-0.0118234661765199,-0.0038312563445956,0.0127579624992032,-0.0068584202740186,-0.0050854647413645,-0.0118965865263681,0.0089296010174217,-0.003791650957796,-0.0061605712544082,-0.0170306905405111,-0.0008312563445955
UY,2040,-0.0081236619920644,-0.0081236619920644,0.0122553897485784,-0.0002045478117524,-0.0002045478117524,0.0203055545786672,0.0203055545786672,0.0203055545786672,0.0203055545786672,0.0203055545786672,0.0203055545786672,0.0203055545786672,0.0027529714329139,-0.0143308014896446,-0.040488691406036,-0.0118501168428841,-0.0055055660254103,-0.0233757195681441,-0.07,-0.0116471034939605,-0.0042531367702642,0.0123290775843011,-0.0072783891888861,-0.0055055660254103,-0.0123144281692041,0.0108671628743465,-0.0032633280542253,-0.0065802014759377,-0.0174449865008982,-0.0012531367702642
UY,2045,-0.0087905877745688,-0.0087905877745688,0.0115766627921942,-0.0007281697020793,-0.0007281697020793,0.0183799471548213,0.0183799471548213,0.0183799471548213,0.0183799471548213,0.0183799471548213,0.0183799471548213,0.0183799471548213,0.0020806285528009,-0.0149916668589054,-0.040630809865394,-0.0125160080129211,-0.0061737314271427,-0.0240338674117532,-0.07,-0.0117161174251423,-0.0049241318726481,0.0116469419366719,-0.0079463440592335,-0.0061737314271427,-0.0129789996422007,0.0025300769091766,-0.0035809538974297,-0.0072476176591188,-0.0181039186139883,-0.0019241318726481
UY,2050,-0.0097195918233482,-0.0097195918233482,0.0106312713656804,-0.0016366167456336,-0.0016366167456336,0.0172356155224133,0.0172356155224133,0.0172356155224133,0.0172356155224133,0.0172356155224133,0.0172356155224133,0.0172356155224133,0.0011441294369822,-0.0159121790741667,-0.0410391673884439,-0.0134435206116512,-0.0071044117785701,-0.0249505944149671,-0.07,-0.0125286453170921,-0.0058587536834655,0.0106968025810408,-0.0088767311637748,-0.0071044117785701,-0.0139046740492163,0.0022030251213838,-0.0060286791382623,-0.0081772544321405,-0.0184545334381482,-0.0028587536834655
UZ,2025,0.0354752573839717,0.0354752573839717,0.0336057021642401,-0.0027572821772086,-0.0027572821772086,0.031585373030418,0.031585373030418,0.031585373030418,0.031585373030418,0.031585373030418,0.031585373030418,0.031585373030418,0.07,0.015322729986791,0.0588817228093681,0.067,0.0154951348489732,0.023930637302942,0.0154951348489732,-0.0453590902066208,0.0154951348489732,-0.051165173351187,0.067,0.0154951348489732,0.023930637302942,0.011851598181359,0.0428747663817432,0.0285754417623305,0.07,-0.0268217674872802
UZ,2030,-0.0045618129688646,-0.0045618129688646,0.0302547898072564,-0.0134089020129104,-0.0134089020129104,0.0258005938582683,0.0258005938582683,0.0258005938582683,0.0258005938582683,0.0258005938582683,0.0258005938582683,0.0258005938582683,0.07,0.015089194835826,0.0482605271727519,-0.07,0.0140126052021861,-0.0224212986219324,0.0140126052021861,-0.07,0.0140126052021861,-0.0676482132538279,-0.0264936973989069,0.0140126052021861,-0.0027043467098731,0.0057570281466461,-0.06110913714003,-0.028366652552062,0.07,-0.0019518867283025
UZ,2035,0.0160551794494291,0.016055179449429,0.0275463755745053,-0.0128011267050957,-0.0128011267050957,0.0217566831758904,0.0217566831758904,0.0217566831758904,0.0217566831758904,0.0217566831758904,0.0217566831758904,0.0217566831758904,0.07,0.0124207266492066,0.0510975402510015,0.067,0.0113338027865581,-0.0250041344496581,0.011333802786558,-0.07,0.011333802786558,-0.062538309606941,0.0406669013932791,0.0113338027865581,-0.00533516583155,0.0052962762114413,0.0416512759561892,-0.0319341854087298,0.07,-0.0044756332054531
UZ,2040,0.0149506057644389,0.0149506057644389,0.0261965637882191,-0.0094772034395067,-0.0094772034395067,0.0188732084061347,0.0188732084061347,0.0188732084061347,0.0188732084061347,0.0188732084061347,0.0188732084061347,0.0188732084061347,0.07,0.0110908230598394,0.0510244527020733,0.067,0.0099987488535139,-0.0262913608274217,0.0099987488535139,-0.07,0.0099987488535139,-0.0479075626115407,0.0399993744267569,0.0099987488535139,-0.0066463059869539,0.0094956712176814,0.0413174680714588,-0.0327413163887715,0.07,-0.0058204118068641
UZ,2045,0.0148789987552138,0.0148789987552138,0.0261090585485539,0.010458809231685,0.010458809231685,0.015548290579388,0.015548290579388,0.015548290579388,0.015548290579388,0.015548290579388,0.015548290579388,0.015548290579388,0.07,0.011004608423472,0.0511790227546263,0.067,0.0099122003320357,-0.0263748087968599,0.0099122003320356,0.0099122003320358,0.0099122003320356,-0.0479891637373314,0.0399561001660178,0.0099122003320357,-0.006731304232412,0.0092087136656783,0.0413023925777892,-0.0328239569735187,0.07,-0.0059480222076049
UZ,2050,0.0145280969276289,0.0145280969276289,0.0256802492901586,0.0101467795370261,0.0101467795370261,0.0121837914494069,0.0121837914494069,0.0121837914494069,0.0121837914494069,0.0121837914494069,0.0121837914494069,0.0121837914494069,0.07,0.0105821236165621,0.0512387615869337,0.067,0.0094880793599397,-0.0267837358739854,0.0094880793599397,0.0094880793599397,0.0094880793599397,-0.0483890405717748,0.0397440396799698,0.0094880793599397,-0.0071478282570228,0.0034573185016092,0.0412038070368034,-0.0332289275557881,0.07,-0.006293849605363
VU,2025,0.0093883373299939,0.0093883373299939,0.0371544206772844,0.0137123851281175,0.0137123851281175,0.0072450523023994,0.0072450523023994,0.0072450523023994,0.0072450523023994,0.0072450523023994,0.0072450523023994,0.0072450523023994,-0.0218206861531304,0.0256180589290948,0.0237723273926645,0.0090049993031845,-0.0014580462422976,0.0206180589290948,0.0206180589290948,0.0354341088074109,0.0206180589290948,0.0206180589290948,0.0090049993031845,-0.0014580462422976,0.0206180589290948,-0.0176650114339982,0.0120049993031845,0.0236180589290948,0.0015419537577023,0.0236180589290948
VU,2030,0.0044281417251078,0.0044281417251078,0.0237419170036072,0.0114967762862887,0.0114967762862887,0.0134050005241197,0.0134050005241197,0.0134050005241197,0.0134050005241197,0.0134050005241197,0.0134050005241197,0.0134050005241197,-0.0198423016320624,0.0239735938552492,0.0206043606412953,0.0088206271390959,-0.0031541544134877,0.0189735938552492,0.0189735938552492,0.0278822190667191,0.0189735938552492,0.0189735938552492,0.0042621971597303,-0.0031541544134877,0.0204735938552492,0.0252513772906108,0.0118206271390959,0.0261332485339788,-0.0001541544134877,0.0219735938552492
VU,2035,0.0023374508346149,0.002337450834615,0.0215655315009959,0.0073384465562521,0.0073384465562521,0.0161996130331674,0.0161996130331674,0.0161996130331674,0.0161996130331674,0.0161996130331674,0.0161996130331674,0.0161996130331674,-0.0219258495403628,0.0217967148638882,0.0229587960943136,0.0066653747142891,-0.0052838996720185,0.0167967148638882,0.0167967148638882,0.0176862060375948,0.0167967148638882,0.0167967148638882,0.0021198496367939,-0.0052838996720185,0.0182967148638882,0.0260027681735882,0.0096653747142891,0.0197967148638882,-0.0022838996720185,0.0197967148638882
VU,2040,0.0015377325671586,0.0015377325671586,0.0206949635443585,0.0066336367243883,0.0066336367243883,0.0198902906140374,0.0198902906140374,0.0198902906140374,0.0198902906140374,0.0198902906140374,0.0198902906140374,0.0198902906140374,-0.0227592818725065,0.0209259495086318,0.0211867694465278,0.0058032601223428,-0.0061358112362394,0.0159259495086318,0.0159259495086318,0.0174419297527961,0.0159259495086318,0.0159259495086318,0.0012628970871596,-0.0061358112362394,0.0174259495086318,0.0218678984182627,0.0088032601223428,0.0189259495086318,-0.0031358112362394,0.0189259495086318
VU,2045,0.0008106712410147,0.0008106712410147,0.0198922398254302,0.0059780514784695,0.0059780514784695,0.0224639964377901,0.0224639964377901,0.0224639964377901,0.0224639964377901,0.0224639964377901,0.0224639964377901,0.0224639964377901,-0.0235277639835613,0.0201230437745578,0.0204370845931176,0.0050083309888809,-0.0069213324742032,0.0151230437745578,0.0151230437745578,0.0171938823483237,0.0151230437745578,0.0151230437745578,0.0004727277128531,-0.0069213324742032,0.0166230437745578,0.0213239506006214,0.0080083309888809,0.0181230437745578,-0.0039213324742032,0.0181230437745578
VU,2050,-0.0009800946939877,-0.0009800946939877,0.0180028783550862,0.0041346650867768,0.0041346650867768,0.0240835504541512,0.0240835504541512,0.0240835504541512,0.0240835504541512,0.0240835504541512,0.0240835504541512,0.0240835504541512,-0.0253365313801622,0.0182332538972849,0.0186596712843955,0.0031373155435893,-0.0087702046654063,0.0132332538972849,0.0132332538972849,0.0154086839326999,0.0132332538972849,0.0132332538972849,-0.001387084742737,-0.0087702046654063,0.0147332538972849,0.0202651801590801,0.0061373155435893,0.0162332538972849,-0.0049328997674231,0.0162332538972849
VN,2025,0.0013890013246839,0.0013890013246839,0.0507394339335776,0.052484716645052,0.052484716645052,0.0237215050080043,0.0237215050080043,0.0237215050080043,0.0237215050080043,0.0237215050080043,0.0237215050080043,0.0237215050080043,0.07,0.07,0.021006133645568,0.067,-0.07,0.0071670039740517,0.0480637473962225,0.0657718626061563,0.067,0.0071670039740517,0.067,-0.07,0.0071670039740517,0.0045267786936548,0.0514685569076804,-0.07,-0.0698295223527935,-0.07
VN,2030,-0.0098581948766596,-0.0098581948766597,0.0556411145142625,0.0159872963064771,0.0159872963064771,0.023037111170512,0.023037111170512,0.023037111170512,0.023037111170512,0.023037111170512,0.023037111170512,0.023037111170512,0.07,-0.068,0.0357414564602869,0.0543419970599842,-0.07,0.0022902256883362,0.0347199418027631,0.0616589595375722,-0.07,0.0022902256883362,0.0190531189635111,-0.07,0.0037902256883362,0.0525886154774476,0.0292323815206229,-0.0616806906425407,-0.0316452477660085,-0.07
VN,2035,-0.0205781936793967,-0.0205781936793967,0.0547092588587254,0.051350283067011,0.051350283067011,0.0216765925334854,0.0216765925334854,0.0216765925334854,0.0216765925334854,0.0216765925334854,0.0216765925334854,0.0216765925334854,0.07,0.07,0.0340516080749824,0.0534068682896425,-0.07,0.0014011322680441,0.0338021670658895,0.067,0.067,0.0014011322680441,0.0075845603489377,-0.07,0.0029011322680441,-0.0294545727541168,0.0606147754111916,0.07,-0.0501869280687389,-0.07
VN,2040,-0.0377860071728168,-0.0377860071728168,0.053930741499276,0.0511645851378959,0.0511645851378959,0.0215864564331158,0.0215864564331158,0.0215864564331158,0.0215864564331158,0.0215864564331158,0.0215864564331158,0.0215864564331158,0.07,0.07,0.0340408112211728,0.0526256164115154,-0.07,0.0006583405515837,0.0330354135880578,0.067,0.067,0.0006583405515837,-0.0086871917942422,-0.07,0.0021583405515837,0.0367909260148599,0.0606350025706311,0.0693378129491538,-0.07,-0.07
VN,2045,-0.0382029030509343,-0.0382029030509343,0.0526529801044572,0.0508598036939871,0.0508598036939871,0.0211415305692228,0.0211415305692228,0.0211415305692228,0.0211415305692228,0.0211415305692228,0.0211415305692228,0.0211415305692228,0.07,0.07,0.0339278412958866,0.0513433669184452,-0.07,-0.0005607852240513,0.0317769599628111,0.067,0.067,-0.0005607852240513,-0.0093283165407774,-0.07,0.0009392147759486,0.0147827142362626,0.0605103244218573,-0.07,-0.07,0.0024392147759486
VN,2050,-0.0387765879563861,-0.0387765879563861,0.0508946695443084,0.0504403979790116,0.0504403979790116,0.0203999778798624,0.0203999778798624,0.0203999778798624,0.0203999778798624,0.0203999778798624,0.0203999778798624,0.0203999778798624,0.07,0.07,0.0330134186936346,0.0495788803456368,-0.07,-0.0022384080839535,0.030045218569073,0.067,0.067,-0.0022384080839535,-0.0102105598271815,-0.07,-0.0007384080839536,0.0076473018667832,0.0596473290137985,0.07,-0.069861989454612,0.0007615919160461
YE,2025,0.0174035387029792,0.0174035387029792,0.0321804884637799,0.0005752185747478,0.0005752185747478,0.0211950212347038,0.0211950212347038,0.0211950212347038,0.0211950212347038,0.0211950212347038,0.0211950212347038,0.0211950212347038,-0.0177735103859301,0.0317075191927189,0.0298617876562886,-0.0012044222765,0.0267075191927189,0.0267075191927189,0.0267075191927189,-0.0333406537005165,0.0267075191927189,0.0267075191927189,-0.0012044222765,0.0267075191927189,0.0267075191927189,-0.07,-0.002778936324682,0.0297075191927189,0.0257189310778964,0.0297075191927189
YE,2030,0.0179984884405614,0.0179984884405614,0.07,0.0463316702625984,0.0463316702625984,0.0291630281999706,0.0291630281999706,0.0291630281999706,0.0291630281999706,0.0291630281999706,0.0291630281999706,0.0291630281999706,0.07,0.0291633405251969,0.0257941073112431,-0.0218257719826162,0.0241633405251969,0.0241633405251969,0.0241633405251969,0.067,0.0241633405251969,0.0241633405251969,0.0026687842712903,0.0241633405251969,0.0256633405251969,0.0648974329845459,0.0032869039419278,0.0313229952039266,0.022615651137932,0.0271633405251969
YE,2035,0.0142526804491565,0.0142526804491564,-0.068,-0.0243053147074836,-0.0243053147074836,0.0326380547750546,0.0326380547750546,0.0326380547750546,0.0326380547750546,0.0326380547750546,0.0326380547750546,0.0326380547750546,-0.068,0.0253893705850327,0.0265514518154581,-0.0254307702302249,0.0203893705850327,0.0203893705850327,0.0203893705850327,-0.07,0.0203893705850327,0.0203893705850327,-0.0010206998225961,0.0203893705850327,0.0218893705850327,-0.0660920275021137,-0.0214694667998886,0.0233893705850328,0.0188583901693282,0.0233893705850327
YE,2040,0.011743883381905,0.011743883381905,-0.044999150665455,0.0103126515960943,0.0103126515960943,0.0339116486590649,0.0339116486590649,0.0339116486590649,0.0339116486590649,0.0339116486590649,0.0339116486590649,0.0339116486590649,-0.0614728170868077,0.0228617117355924,0.0231225316734885,-0.0278452583865321,0.0178617117355924,0.0178617117355924,0.0178617117355924,0.067,0.0178617117355924,0.0178617117355924,-0.0034917733254698,0.0178617117355924,0.0193617117355924,0.0208617117355924,-0.0016989427845036,0.0208617117355924,0.0163419223416765,0.0208617117355924
YE,2045,0.0101730089543911,0.0101730089543911,0.07,0.008184014950531,0.008184014950531,0.0330188680589313,0.0330188680589313,0.0330188680589313,0.0330188680589313,0.0330188680589313,0.0330188680589313,0.0330188680589313,0.07,0.0212790270697438,0.0215930678883036,-0.0293570816223721,0.0162790270697438,0.0162790270697438,0.0162790270697438,-0.0698219943373635,0.0162790270697438,0.0162790270697438,-0.0050390272763141,0.0162790270697438,0.0177790270697438,0.0681513774038167,-0.0242980391309703,0.0192790270697438,0.0147662448946159,0.0192790270697438
YE,2050,0.008615939979,0.008615939979,-0.068,0.0071051258244804,0.0071051258244804,0.0316667943386947,0.0316667943386947,0.0316667943386947,0.0316667943386947,0.0316667943386947,0.0316667943386947,0.0316667943386947,-0.068,0.0197102516489608,0.0201366690360715,-0.0308556183708043,0.0147102516489608,0.0147102516489608,0.0147102516489608,0.067,0.0147102516489608,0.0147102516489608,-0.0065726833609217,0.0147102516489608,0.0162102516489608,-0.0653343291785797,-0.0041923770188926,0.0177102516489608,0.0132044151104719,0.0177102516489608
ZM,2025,0.0218984328424473,0.0218984328424473,0.0410762648963671,0.0351180325352642,0.0351180325352642,0.0418278111536907,0.0418278111536907,0.0418278111536907,0.0418278111536907,0.0418278111536907,0.0418278111536907,0.0418278111536907,0.0450718169352539,0.0242104589535085,0.030015689572732,0.0185700175159001,0.0202638599022795,0.0268614211091623,0.0268614211091623,0.0416774709874784,0.0268614211091623,0.0268614211091623,0.0185700175159001,0.0202638599022795,0.0268614211091623,0.0389423854029619,0.0509530484118577,0.0298614211091623,0.0250498593266952,0.0298614211091623
ZM,2030,0.0235005264850501,0.0235005264850501,0.0335694841770068,0.0296505559832887,0.0296505559832887,0.0432681956453904,0.0432681956453904,0.0432681956453904,0.0432681956453904,0.0432681956453904,0.0432681956453904,0.0432681956453904,0.0373314007071003,0.0128913934366265,0.0257514994575744,0.0406452612079094,0.0168641041756429,0.0241207326715283,0.0241207326715281,0.0330293578829982,0.0241207326715283,0.0241207326715281,0.030160919445688,0.0168641041756429,0.0256207326715282,0.0274082456798298,-0.0203186681571812,0.0312803873502578,0.0212909520693637,0.0271207326715283
ZM,2035,0.0212795871680873,0.0212795871680873,0.0313322169635137,0.0254137018868227,0.0254137018868227,0.0418871413231463,0.0418871413231463,0.0418871413231463,0.0418871413231463,0.0418871413231463,0.0418871413231463,0.0418871413231463,0.0350859746515304,0.0106989728526245,0.0280551951377768,0.0383818040571964,0.0146522235825375,0.0218931139073513,0.0218931139073513,0.0227826050810579,0.0218931139073513,0.0218931139073513,0.0279234539274448,0.0146522235825375,0.0233931139073513,0.0279855055975051,-0.0223937510283673,0.0248931139073513,0.0190759769294922,0.0248931139073513
ZM,2040,0.0188695107786472,0.0188695107786472,0.0289045355430943,0.0231482816462803,0.0231482816462803,0.0429691174004214,0.0429691174004214,0.0429691174004214,0.0429691174004214,0.0429691174004214,0.0429691174004214,0.0429691174004214,0.0326494399885466,0.0083199549662376,0.0247367220553661,0.0359257036693835,0.0122520894422423,0.01947590211747,0.01947590211747,0.0209918823616344,0.0194759021174703,0.01947590211747,0.025495557324523,0.0122520894422423,0.02097590211747,0.0223925113875885,-0.0246138039774757,0.02247590211747,0.0166724848650102,0.02247590211747
ZM,2045,0.0165331215849491,0.0165331215849491,0.026550946034821,0.0209388735352159,0.0209388735352159,0.0435831396884529,0.0435831396884529,0.0435831396884529,0.0435831396884529,0.0435831396884529,0.0435831396884529,0.0435831396884529,0.0302872674352996,0.0060135437994761,0.0224465035291592,0.0335445625297753,0.0099252064815979,0.0171324627105994,0.0171324627105994,0.0192033012843652,0.0171324627105994,0.0171324627105994,0.0231417592010353,0.0099252064815979,0.0186324627105994,0.042147147115838,-0.0267636881374719,0.0201324627105994,0.0143423464627459,0.0201324627105994
ZM,2050,0.01466447362579,0.01466447362579,0.0246680218483978,0.0190864707881821,0.0190864707881821,0.0434752034268968,0.0434752034268968,0.0434752034268968,0.0434752034268968,0.0434752034268968,0.0434752034268968,0.0434752034268968,0.0283974766211501,0.0041683633402389,0.020684076219165,0.0316395964227739,0.0080636481299091,0.0152576588320544,0.0152576588320544,0.0174330888674694,0.0152576588320544,0.0152576588320544,0.0212586681177803,0.0080636481299091,0.0167576588320544,-0.0214979365357818,-0.0514186131130859,0.0182576588320544,0.0130939153405341,0.0182576588320544
ZW,2025,0.0168074016136084,0.0168074016136084,0.0154243278596839,-0.0072823044928053,-0.0072823044928053,0.0186636547296015,0.0186636547296015,0.0186636547296015,0.0186636547296015,0.0186636547296015,0.0186636547296015,0.0186636547296015,0.0154269076453921,-0.068,0.067,0.067,-0.0292997323508678,0.0127219371916932,0.067,-0.07,0.0127219371916932,0.0127219371916932,0.067,-0.0292997323508678,0.0127219371916932,0.0298394582853261,0.0197766969191559,0.0157219371916932,0.0201146128889253,0.0157219371916932
ZW,2030,-0.0190278412751122,-0.0190278412751122,0.0076125584439581,-0.0017438989269388,-0.0017438989269388,0.0319451155852386,0.0319451155852386,0.0319451155852386,0.0319451155852386,0.0319451155852386,0.0319451155852386,0.0319451155852386,0.0076284829388617,-0.068,-0.0443836722629138,-0.07,-0.0175822291810744,0.0159135403831135,-0.07,-0.0464311594128443,0.0159135403831135,0.0159135403831135,-0.0423168057612146,-0.0175822291810744,0.0174135403831135,-0.0253711071383315,-0.0080294728692929,0.0230731950618431,0.0243210367487383,0.0189135403831135
ZW,2035,0.0036189306976613,0.0036189306976613,0.0073347698643604,-0.007846288727664,-0.007846288727664,0.0404421058442898,0.0404421058442898,0.0404421058442898,0.0404421058442898,0.0404421058442898,0.0404421058442898,0.0404421058442898,0.0073506899603104,-0.0479574754031153,-0.0218456057378241,0.067,-0.0178544391893601,0.0156320775645167,0.067,-0.07,0.0156320775645167,0.0156320775645165,0.0260470963315246,-0.0178544391893601,0.0171320775645166,0.0179251917472113,0.0594787156159786,0.0186320775645167,0.0240380801732049,0.0186320775645167
ZW,2040,0.0028282646381562,0.0028282646381562,0.0063135446744964,-0.0086189654061198,-0.0086189654061198,0.0467115467133454,0.0467115467133454,0.0467115467133454,0.0467115467133454,0.0467115467133454,0.0467115467133454,0.0467115467133454,0.0063294485987157,-0.0488677416729789,-0.0582469075538937,0.067,-0.0188551560575516,0.0145973448884025,0.067,-0.07,0.0145973448884023,0.0145973448884025,0.0255467639874677,-0.0188551560575516,0.0160973448884024,0.0093548900297762,0.0593772684059233,0.0175973448884023,0.0229978560466744,0.0175973448884023
ZW,2045,0.0018198900785914,0.0018198900785914,0.005017324887528,-0.0095552063472728,-0.0095552063472728,0.0490311921056252,0.0490311921056252,0.0490311921056252,0.0490311921056252,0.0490311921056252,0.0490311921056252,0.0490311921056252,0.0050332082853081,-0.0500927415947833,-0.0522862972937327,0.067,-0.0201253450605032,0.013283980331482,0.067,-0.0698219943373635,0.013283980331482,0.013283980331482,0.0249117026015328,-0.0201253450605032,0.014783980331482,0.0087318055692227,0.0592485035827368,0.016283980331482,0.0216775213065276,0.016283980331482
ZW,2050,0.0003476243021229,0.0003476243021229,0.0031452038766421,-0.0109198979133421,-0.0109198979133421,0.0486574787676759,0.0486574787676759,0.0486574787676759,0.0486574787676759,0.0486574787676759,0.0486574787676759,0.0486574787676759,0.0031610576282317,-0.0518620002614076,-0.0557565220832553,0.067,-0.0219598699953399,0.0113870972514028,0.067,-0.0696148437844058,0.0113870972514028,0.0113870972514028,0.0239944879626543,-0.0219598699953399,0.0128870972514028,0.015509047722388,0.0590625294652499,0.0143870972514028,0.0206140179536164,0.0143870972514028
DEFAULT,2025,0.005976768693494223,0.005976768693494223,0.027092483708472143,0.012703587127643655,0.012703587127643655,0.02304084866352353,0.02304084866352353,0.02304084866352353,0.02304084866352353,0.02304084866352353,0.02304084866352353,0.02304084866352353,0.01757365049072958,0.01853545354936128,0.010460834740556849,0.014515335893886202,-0.008393870254153927,0.011808840440750404,0.008540528390603578,0.013389450303414078,0.010734822709660872,0.009116425006770117,0.014515335893886202,-0.008393870254153927,0.011808840440750404,0.013931886420250767,0.013811505095052488,0.009164954199378924,-0.0028770161490226155,0.014197517574853965
DEFAULT,2030,-0.0009590722023400032,-0.0009590722023400092,0.02472866696452136,0.008945679595041714,0.008945679595041714,0.022554636750972218,0.022554636750972218,0.022554636750972218,0.022554636750972218,0.022554636750972218,0.022554636750972218,0.022554636750972218,0.015167998611516334,0.010299617545188567,0.003350078089728544,0.005770986529205814,-0.010852086856609182,0.002970877317866167,0.003054992055494755,0.010632370047550297,0.0076949068542779145,0.002287442866822306,-0.0005833138473008675,-0.010852086856609182,0.0030737005785395283,0.0010490280502944694,0.013190666522371827,0.0068996258468933,-0.005249615624132053,0.010353105853891487
DEFAULT,2035,0.001186718174354402,0.0011867181743544031,0.02394024058720036,0.007900178791834937,0.007900178791834937,0.021283419049708433,0.021283419049708433,0.021283419049708433,0.021283419049708433,0.021283419049708433,0.021283419049708433,0.021283419049708433,0.015566539662312471,0.0139112179269296,0.006567938787406928,0.010576972834240405,-0.009666465750391255,0.006482631669549254,0.003899300602026568,0.004233327640565898,0.007457794461734413,0.0043430534027269745,0.0024161439818982645,-0.009666465750391255,0.004940244112875896,0.011615155590740278,0.013115334279630943,0.0054117750658574095,-0.003624543340926273,0.011139789079437655
DEFAULT,2040,-7.856763748055105e-05,-7.856763748055201e-05,0.023173305364331296,0.007776999144526581,0.007776999144526581,0.02128792655732413,0.02128792655732413,0.02128792655732413,0.02128792655732413,0.02128792655732413,0.02128792655732413,0.02128792655732413,0.014834197886416534,0.013148157984857039,0.005083110851267083,0.009439712199830922,-0.010950080064168208,0.005419712457236208,0.0032473407795998517,0.005416884981243462,0.0072902552780574606,0.003566658432388897,0.0006455874364791984,-0.010950080064168208,0.0033805958436087724,0.007372153891855327,0.01234308957407365,0.004569371517440697,-0.00513894651449555,0.010087888943279992
DEFAULT,2045,0.00011531119568267397,0.0001153111956826753,0.022818266428153565,0.006786133000015593,0.006786133000015593,0.020936379530359567,0.020936379530359567,0.020936379530359567,0.020936379530359567,0.020936379530359567,0.020936379530359567,0.020936379530359567,0.014065083682297128,0.012884485128394,0.0048192735917940216,0.010014742928886537,-0.010983797022687005,0.005071502673204962,0.0017947235257766083,0.004093675368349327,0.005812038392791489,0.003173734556624441,0.0009952668900600338,-0.010983797022687005,0.0028704293346307067,0.008664442675204121,0.011970067412691897,0.004253096060580857,-0.005303161057325249,0.009794001450385637
DEFAULT,2050,-0.0010192507505257286,-0.0010192507505257253,0.021277822201554365,0.0063782950357358014,0.0063782950357358014,0.02027269059286456,0.02027269059286456,0.02027269059286456,0.02027269059286456,0.02027269059286456,0.02027269059286456,0.02027269059286456,0.01314039950276606,0.012411030102991672,0.0036012303157004657,0.009841081033848969,-0.013313417487427471,0.003438649856769955,0.0008037665989864949,0.005324387707878815,0.005488555799360055,0.0015598371329382948,-0.0002041520611913921,-0.013313417487427471,0.0020640095878387077,0.004207582882114329,0.011312790499238187,0.0019875876646837554,-0.0069255482741586,0.00854647803781551
