country,year,chemical and petrochemical,construction,food and tobacco,iron and steel,machinery,mining and quarrying,non-ferrous metals,non-metallic minerals,paper pulp and print,textile and leather,transport equipment,wood and wood products,other
AF,2025,0.0328281072919425,-0.0214243966916751,0.0391743142832015,0.0304452894548358,0.0360477799022399,0.0253972499054304,0.0253972499054304,0.033660901525562,0.0280343743796487,0.0519104300322942,0.0253972499054304,0.0253972499054304,-0.0257279984746604
AF,2030,0.026830882178692,0.0254477318167918,0.0329711884888293,0.026830882178692,0.026830882178692,0.026830882178692,0.026830882178692,0.026830882178692,0.026830882178692,0.03263204466316,0.0353648633050531,0.026830882178692,-0.0261202150398465
AF,2035,0.0255173502090952,0.0248596425565469,0.0321393100117756,0.0255173502090952,0.0255173502090952,0.0255173502090952,0.0255173502090952,0.0255173502090952,0.0255173502090952,0.0319249589588889,0.0353648633050531,0.0255173502090952,-0.0205975902984113
AF,2040,0.0226602373889953,0.0235758952848183,0.0293563948197285,0.022650025133994,0.022650025133994,0.022650025133994,0.022650025133994,0.022650025133994,0.022650025133994,0.0294036060880393,0.0353648633050531,0.022650025133994,-0.0238814424271041
AF,2045,0.0206957073294057,0.0226568150533217,0.0273894260331761,0.0206170941690982,0.0205972053525338,0.0205972053525338,0.0205972053525338,0.0205972053525338,0.0205972053525338,0.027633657682071,0.0353648633050531,0.0205972053525338,-0.0252419005763141
AF,2050,0.01928978718347,0.0219844667972409,0.0259932364804787,0.0192877439424458,0.0190954759574129,0.0190954759574129,0.0190954759574129,0.0190954759574129,0.0190954759574129,0.026485859435194,0.0353648633050531,0.0190954759574129,-0.0259357121478816
AL,2025,-0.029913535329583,0.0145167865986076,-0.0492836452238768,0.069986658158763,0.0072052721010431,0.07,-0.0034452578957663,0.0354723001430147,-0.0542362930188315,0.0110509554556528,-0.0034452578957663,0.0014305193361041,-0.0006323904078803
AL,2030,-0.0066105222041362,0.0108108266283023,-0.0012838946221119,0.0543960360972315,-0.0072947251175817,0.0598020774675065,-0.0072947251175817,0.0509865599400547,-0.0072467955590235,-0.0071648246306639,-0.0007656298098229,-0.0034110679072641,-0.001402118549412
AL,2035,-0.0069638190247604,0.0104974822870357,-0.001635701445572,0.0540210424260097,-0.0076477786029185,0.0594251611493561,-0.0076477786029186,0.0508766393532443,-0.0075998660904043,-0.0075158440543459,-0.0007656298098229,-0.0037655026068937,0.0407825271867279
AL,2040,-0.0078291842139733,0.0097299766958735,-0.0024974170359136,0.0531025329735973,-0.0085125477667085,0.0585019423657921,-0.0085125477667085,0.050607399881359,-0.008464677006772,-0.0083778329392019,-0.0007656298098229,-0.0046336549168028,-0.0229239763036075
AL,2045,-0.0084596747552578,0.0091707850139769,-0.003125248540763,0.0524334481874923,-0.0091426040538814,0.0578293006674328,-0.0091426040538814,0.0504107236611491,-0.0090947637141718,-0.0090066630235046,-0.0007656298098229,-0.0052661761074112,0.0385431789206793
AL,2050,-0.0088980141798489,0.0087820150895632,-0.0035617393087532,0.0519724622354022,-0.0095806415695857,0.057361656260882,-0.0095806415695857,0.050272941150278,-0.0095328223790986,-0.0094414104174939,-0.0007656298098229,-0.0057059273115579,-0.0222757296818975
DZ,2025,0.0699916871084156,0.0663410475510309,0.040028275982978,0.0699421543939097,0.0294406671647636,0.0187901371679541,0.0187901371679541,0.0699966001730925,0.0214272616421724,0.0620278633140623,0.0187901371679541,0.0187901371679541,0.0464286221119081
DZ,2030,0.0619933737224216,0.057255365199026,0.0379314018549558,0.0685836232998172,0.0115156345195654,0.0115156345195654,0.0115156345195654,0.0699963873125723,0.0115156345195654,0.0617650305000404,0.0205863824289497,0.0115156345195654,0.0453313355544465
DZ,2035,0.0615286975792782,0.0549624385206275,0.0356803400590022,0.0685304944569434,0.0093218631423748,0.0093218631423748,0.0093218631423748,0.0699412333122479,0.0093218631423748,0.061456133579767,0.0205863824289497,0.0093218631423748,0.0354382398391217
DZ,2040,0.0614305830016514,0.0544782958851602,0.0352050370321937,0.0685192765064304,0.0088586567667974,0.0088586567667974,0.0088586567667974,0.0699271320558931,0.0088586567667974,0.0611067796156093,0.0193253081859723,0.0088586567667974,0.0334666011754155
DZ,2045,0.0613929463518098,0.054292579274181,0.0350227112858941,0.0685149734373199,0.0086809712833175,0.0086809712833175,0.0086809712833175,0.0699217228286346,0.0086809712833175,0.060919891918413,0.0205863824289497,0.0086809712833175,0.0406991629277674
DZ,2050,0.0612395235116526,0.0535355201299518,0.0342794747345876,0.0684974322495919,0.0079566503980939,0.0079566503980939,0.0079566503980939,0.0698996725395535,0.0079566503980939,0.0601580589334127,0.0205863824289497,0.0079566503980939,0.031636466981928
AS,2025,-0.0048791101969875,0.0122086707712611,0.0068172240104824,-0.0072619280340943,-0.0016594375866902,-0.0123099675834996,-0.0123099675834996,-0.0040463159633681,-0.0096728431092814,0.0145241629636055,-0.0123099675834996,-0.0123099675834996,-0.0428628430149592
AS,2030,-0.0133976972498334,0.0056216945127483,-0.0097931076709607,-0.0133976972498334,-0.0133976972498334,-0.0133976972498334,-0.0133976972498334,-0.0133976972498334,-0.0133976972498335,-0.0075965347653654,-0.0073808808581883,-0.0133976972498335,-0.0117525860900281
AS,2035,-0.0094803848890345,0.0096145235211758,-0.0058497962723348,-0.0094803848890346,-0.0094803848890346,-0.0094803848890346,-0.0094803848890345,-0.0094803848890346,-0.0094803848890345,-0.0030727761392409,-0.0073808808581883,-0.0094803848890345,-0.0064347265094475
AS,2040,-0.007370668603187,0.0142512378754254,-0.0012884853565253,-0.0073808808581883,-0.0073808808581883,-0.0073808808581883,-0.0073808808581883,-0.0073808808581883,-0.0073808808581883,-0.000627299904143,-0.0073808808581883,-0.0073808808581883,-0.0032526770832439
AS,2045,-0.0101077163361395,0.0088746977213384,-0.0065743121278627,-0.0101863294964471,-0.0102062183130114,-0.0102062183130114,-0.0102062183130114,-0.0102062183130114,-0.0102062183130114,-0.0031697659834743,-0.0073808808581883,-0.0102062183130114,-0.0081989653608478
AS,2050,-0.0071865696321312,0.0176319270445232,3.413452157522774e-05,-0.0071886128731553,-0.0073808808581883,-0.0073808808581883,-0.0073808808581883,-0.0073808808581883,-0.0073808808581883,9.502619592771397e-06,-0.0073808808581883,-0.0073808808581883,0.0030929422705014
AD,2025,0.0189425115166697,0.0538240927974568,0.0252887185079287,0.016559693679563,0.0221621841269671,0.0115116541301576,0.0115116541301576,0.0197753057502891,0.0141487786043761,0.0383457846772629,0.0115116541301576,0.0115116541301576,-0.0003482248212635
AD,2030,0.0095711228171615,0.0526860105526907,0.0157114291272989,0.0095711228171615,0.0095711228171615,0.0095711228171615,0.0095711228171615,0.0095711228171615,0.0095711228171615,0.0153722853016295,0.0163116938710109,0.0095711228171615,0.0100536992334032
AD,2035,0.0,0.0439820187058564,0.0066219598026803,0.0,0.0,0.0,0.0,0.0,0.0,0.0064076087497936,0.0163116938710109,0.0,-0.0664099464462837
AD,2040,1.0212255001306874e-05,0.0439820187058564,0.0067063696857345,0.0,0.0,0.0,0.0,0.0,0.0,0.0067535809540453,0.0163116938710109,0.0,0.0699754636855374
AD,2045,-0.0045965411698704,0.0397080908603378,0.0020971775338999,-0.004675154330178,-0.0046950431467424,-0.0046950431467424,-0.0046950431467425,-0.0046950431467424,-0.0046950431467424,0.0023414091827947,0.0163116938710109,-0.0046950431467424,-0.0683193167452478
AD,2050,-0.0046136038851279,0.039605342788226,0.0020898454118807,-0.0046156471261521,-0.004807915111185,-0.004807915111185,-0.004807915111185,-0.004807915111185,-0.004807915111185,0.002582468366596,0.0154939814067609,-0.004807915111185,0.0699541121962622
AO,2025,0.0416091119898023,-0.0431571311726078,0.0466767450048937,0.0392262941526956,0.0448287846000997,0.0341782546032902,0.0341782546032902,0.07,0.0368153790775085,0.0583782907350781,0.0341782546032902,0.0341782546032902,-0.055813172059725
AO,2030,0.0297063348954664,0.0351087270686201,0.0358466412056038,0.0297063348954664,0.0297063348954664,0.0297063348954664,0.0297063348954664,0.07,0.0297063348954664,0.0355074973799345,0.033223017809064,0.0297063348954664,-0.0257662386608677
AO,2035,0.0280687931744658,0.0334921249196575,0.0346907529771462,0.0280687931744658,0.0280687931744658,0.0280687931744658,0.0280687931744658,0.07,0.0280687931744658,0.0344764019242595,0.0245901122352052,0.0280687931744658,-0.0481495488206001
AO,2040,0.0263536451603513,0.0317837370475401,0.0330498025910845,0.02634343290535,0.0263434329053501,0.02634343290535,0.02634343290535,0.07,0.02634343290535,0.0330970138593953,0.0308305322185762,0.0263434329053501,-0.019477602514396
AO,2045,0.0245478623021625,0.0299082964902229,0.031241581005933,0.024469249141855,0.0244493603252906,0.0244493603252906,0.0244493603252906,0.07,0.0244493603252906,0.0314858126548278,0.0384321491122143,0.0244493603252906,-0.0127329676442376
AO,2050,0.0228644157841215,0.0281465432908856,0.0295678650811302,0.0228623725430973,0.0226701045580643,0.0226701045580643,0.0226701045580643,0.07,0.0226701045580643,0.0300604880358455,0.0384321491122143,0.0226701045580643,-0.0139073894317698
AI,2025,0.007430857386512,0.0066022613678344,0.013777064377771,0.0050480395494053,0.0106505299968094,0.0,0.0,0.0082636516201315,0.0026371244742182,0.0268341305471051,0.0,0.0,0.0050627103748874
AI,2030,0.0,0.0,0.0061403063101373,0.0,0.0,0.0,0.0,0.0,0.0,0.005801162484468,0.0230371111705121,0.0,0.0040474683429192
AI,2035,0.0,0.0,0.0066219598026803,0.0,0.0,0.0,0.0,0.0,0.0,0.0064076087497936,0.0216765925334854,0.0,0.0056428146389234
AI,2040,1.0212255001306874e-05,0.0,0.0067063696857345,0.0,0.0,0.0,0.0,0.0,0.0,0.0067535809540453,0.0215864564331158,0.0,0.0059071706769312
AI,2045,9.85019768719234e-05,7.760195616967393e-06,0.0067922206806423,1.9888816564363516e-05,0.0,0.0,0.0,0.0,0.0,0.0070364523295371,0.0211415305692228,0.0,0.0062807190891026
AI,2050,0.0001943112260571,4.858651650609126e-05,0.0068977605230658,0.0001922679850329,0.0,0.0,0.0,0.0,0.0,0.0073903834777811,0.0203999778798624,0.0,0.0067226285163193
AG,2025,0.0129413751696747,-0.0625601922329368,0.0192875821609337,0.010558557332568,0.0161610477799721,0.0055105177831626,0.0055105177831626,0.0137741694032942,0.0081476422573809,0.0323446483302678,0.0055105177831626,0.0055105177831626,0.07
AG,2030,0.0042195592159059,0.0042195592159059,0.0103598655260433,0.0042195592159059,0.0042195592159059,0.0042195592159059,0.0042195592159059,0.0042195592159059,0.0042195592159059,0.010020721700374,0.0085369435389308,0.0042195592159059,0.0042195592159059
AG,2035,0.0020747066387576,0.0020747066387576,0.008696666441438,0.0020747066387576,0.0020747066387576,0.0020747066387576,0.0020747066387576,0.0020747066387576,0.0020747066387576,0.0084823153885512,0.0085369435389308,0.0020747066387576,0.0045998448915738
AG,2040,1.0212255001306874e-05,0.0,0.0067063696857345,0.0,0.0,0.0,0.0,0.0,0.0,0.0067535809540453,0.0085369435389308,0.0,0.0
AG,2045,9.85019768719234e-05,0.0,0.0067922206806423,1.9888816564363516e-05,0.0,0.0,0.0,0.0,0.0,0.0070364523295371,0.0085369435389308,0.0,0.0006227541283519
AG,2050,-0.0039638370160552,-0.0041581482421123,0.0027396122809534,-0.0039658802570794,-0.0041581482421123,-0.0041581482421123,-0.0041581482421123,-0.0041581482421123,-0.0041581482421123,0.0032322352356687,0.0085369435389308,-0.0041581482421123,-0.0015723668605846
AR,2025,0.0136711657028214,0.0100226672165225,0.0200173726940804,0.0112883478657147,0.0168908383131188,0.0062403083163093,0.0062403083163093,0.0145039599364409,0.0088774327905276,0.0330744388634145,0.0062403083163093,0.0062403083163093,0.0160436307850261
AR,2030,0.0032124991828887,0.0122682803210257,0.0093528054930261,0.0032124991828887,0.0032124991828887,0.0032124991828887,0.0032124991828887,0.0032124991828887,0.0032124991828887,0.0090136616673568,0.0331859625128214,0.0344872274650001,0.0189550079497191
AR,2035,0.0028813377697303,0.0119264347740455,0.0095032975724107,0.0028813377697303,0.0028813377697303,0.0028813377697303,0.0028813377697305,0.0028813377697303,0.0028813377697303,0.0092889465195239,0.0299367724210972,0.0341457422338843,0.0118494750496285
AR,2040,0.0024564151306883,0.0114877608909189,0.0091525725614216,0.002446202875687,0.002446202875687,0.002446202875687,0.002446202875687,0.002446202875687,0.002446202875687,0.0091997838297324,0.0262509799448003,0.0336970421922893,0.011104722812343
AR,2045,0.0017551696201402,0.0106918043013376,0.0084488883239106,0.0016765564598326,0.0016566676432683,0.0016566676432683,0.0016566676432683,0.0016566676432683,0.0016566676432683,0.0086931199728054,0.0226211950077364,0.0328828935306287,0.0104047260817936
AR,2050,0.0007998142785562,0.0096320904995938,0.007503263575565,0.0007977710375321,0.0006055030524991,0.0006055030524991,0.0006055030524991,0.0006055030524991,0.0006055030524991,0.0079958865302802,0.0201058715172384,0.0317989593252636,0.0096560500636474
AM,2025,-0.0572389348814846,0.046800176183957,0.0244954643955763,0.0187152486869161,0.0329038595985556,0.0354744080638337,-0.07,0.0695244263767661,0.0575511199984066,0.07,-0.07,-0.0190488682828503,0.0523294471898704
AM,2030,-0.0068937430812528,-0.0001388506361151,-0.0049886737061205,0.0016616452140058,0.0056162092135582,0.0244555743248346,-0.0202855394077007,0.0121119009202961,-0.0019040829203861,0.07,-0.0014947373627007,-0.0069817246277826,-0.0144313781082628
AM,2035,-0.0066433454990193,0.0001143768555857,-0.0047374874623088,0.0018841829410891,0.0058700657132912,0.0247141946502873,-0.0202855394077007,0.0123674050780265,-0.0016521170007528,0.07,-0.0014947373627007,-0.0067310405415288,-0.0241259534127566
AM,2040,-0.0065806152772114,0.0001765114672948,-0.0046745595541714,0.0019399336430569,0.0059336624716687,0.0247789848540704,-0.0202855394077007,0.0124314146117622,-0.0015889938751793,0.07,-0.0014947373627007,-0.0066682385440248,-0.0039904932395615
AM,2045,-0.0065034493170102,0.0002539323669244,-0.0045971501889093,0.0020085144993348,0.0060118943794231,0.0248586848478287,-0.0202855394077007,0.0125101542844491,-0.0015113445945711,0.07,-0.0014947373627007,-0.0065909842908072,-0.0159167663771441
AM,2050,-0.0064899383656505,0.0002675425397281,-0.0045835960672797,0.0020205314279164,0.006025591967034,0.0248726394819215,-0.0202855394077007,0.0125239407763811,-0.0014977490188707,0.07,-0.0014947373627007,-0.0065774578802653,-0.0155935678172915
AW,2025,0.0121595434998554,0.0113309474811779,0.0185057504911144,0.0097767256627488,0.0153792161101529,0.0047286861133434,0.0047286861133435,0.0129923377334749,0.0073658105875617,0.0315628166604485,0.0047286861133435,0.0047286861133434,0.0127294583864606
AW,2030,0.0,0.0,0.0061403063101373,0.0,0.0,0.0,0.0,0.0,0.0,0.005801162484468,0.0079414425501475,0.0,-0.0007466482867526
AW,2035,-0.0018587489150827,-0.0018587489150827,0.0047632108875976,-0.0018587489150827,-0.0018587489150827,-0.0018587489150827,-0.0018587489150827,-0.0018587489150827,-0.0018587489150827,0.0045488598347108,0.0079414425501475,-0.0018587489150827,0.0087242182178508
AW,2040,-0.0037563731601689,-0.0037665854151701,0.0029397842705643,-0.0037665854151701,-0.0037665854151701,-0.0037665854151702,-0.0037665854151701,-0.0037665854151701,-0.0037665854151701,0.0029869955388751,0.0079414425501475,-0.0037665854151701,-0.0006508668569731
AW,2045,-0.0037403829774661,-0.0038311247587211,0.0029533357263042,-0.0038189961377737,-0.003838884954338,-0.003838884954338,-0.0038388849543381,-0.003838884954338,-0.0038388849543381,0.0031975673751991,0.0079414425501475,-0.0038388849543381,0.0067222303843647
AW,2050,-0.0057000091505522,-0.0058457338601032,0.0010034401464565,-0.0057020523915763,-0.0058943203766093,-0.0058943203766093,-0.0058943203766093,-0.0058943203766093,-0.0058943203766093,0.0014960631011716,0.0079414425501475,-0.0058943203766093,0.0058165061578464
AU,2025,-0.0161543353630034,-0.0042965741897566,-0.010355747130162,0.009979440499381,-0.0563406919291158,0.0201152473491831,0.0001373267438253,-0.0147389352007899,-0.0080770030335855,-0.0023942902050903,0.0128350412369744,-0.0150804823961511,-0.0056469747849525
AU,2030,-0.0048447557172745,0.0015993430609933,0.0090512313896018,0.0089233194745079,-0.0450575897102725,0.0289857435525606,0.0089858679640606,-0.0133023569599856,0.0056905345679143,0.0025737635737962,0.0160314394169966,0.0089858679640606,0.0088036932306493
AU,2035,-0.0048534564045784,0.0015300321760765,0.0078761377480677,0.0077518483310787,-0.0450575897102725,0.0277900522208759,0.0078133953652421,-0.0133254185732114,0.0048187117002906,0.0025743902356707,0.0160314394169966,0.0078133953652421,-0.0085668588813861
AU,2040,-0.0048549737577311,0.0014933477727193,0.0072605994606735,0.0071325110972584,-0.0450575897102725,0.0333338780665729,0.0071935286786786,-0.0133376806073568,0.0043577935067491,0.0025747149037865,0.0160314394169966,0.0071935286786786,-0.0111233588844384
AU,2045,-0.0048554502747338,0.0014808525265965,0.0070511825661407,0.0069215283037254,-0.0450575897102725,0.0269425181615113,0.0069823344144086,-0.0133418583948326,0.0042007544516044,0.0025750690167988,0.0160314394169966,0.0069823344144086,-0.0227509119089073
AU,2050,-0.0048558609484714,0.0014698723719747,0.0068670953561056,0.0067367124010621,-0.0450575897102725,0.0267529915020929,0.0067964914927654,-0.0133455346889459,0.0040625660546748,0.0025754825873818,0.0160314394169966,0.0067964914927654,0.0013526217625219
AT,2025,0.0028726673582024,0.0024504209600621,0.0062217121213645,-0.0049762648184636,0.013426979118502,-0.0694870286171017,0.0145757648641615,0.0144395946243006,-0.000668750141573,0.0062033002115023,0.0510189973063042,0.0006177923358963,-0.0090063611670192
AT,2030,0.0008154460570608,-0.0002922665999203,0.0036293642184361,-0.0006371045625948,-7.243665989024382e-05,-0.0006709963316177,0.0161208574459292,-0.0006508579454863,-0.0006867666188982,-0.000686740707338,0.0051957225529699,-0.0006809750842621,-0.0145635515674002
AT,2035,8.27741181336974e-05,-0.001039746793069,0.002894627488072,-0.0013688074313712,-0.0008040247323654,-0.001402708637806,0.0153767822434021,-0.001381814387184,-0.0014184771984088,-0.0014184047119036,0.005215580193423,-0.0014127468025618,-0.0091981829838083
AT,2040,-0.0002846834519613,-0.001420578887872,0.0025261207771371,-0.0017357926660369,-0.0011709523909993,-0.0017696986058011,0.0150035916704789,-0.0017486491364824,-0.0017854663003893,-0.0017853434644104,0.0062819017055131,-0.0017797665686738,-0.0099965783321687
AT,2045,-0.0004585029076051,-0.0015943191783053,0.0023516936753086,-0.0019094994171478,-0.0013446329881555,-0.0019434086963106,0.0148269466015307,-0.001922285756172,-0.0019591759809818,-0.0019590305699299,0.0064451561742056,-0.0019534907637476,-0.0100576837526087
AT,2050,-0.0011624016030075,-0.0022975402416412,0.001645683523725,-0.0026125581364039,-0.0020476187345074,-0.0026465138193074,0.0141119619246745,-0.0026250935003022,-0.0026622794448074,-0.0026620689977749,0.0047485440817292,-0.0026566529760669,-0.0104126286677607
AZ,2025,0.0540943902552125,0.004307268300008,-0.0540695820667349,-0.0254629968241747,-0.0021072665031188,0.0501450595296292,0.07,0.069983568526893,0.0418452985161341,0.0512255520255525,-0.07,0.0587654320987654,-0.0025407013383893
AZ,2030,0.0424728112406911,0.0222217090992365,0.0125686464046144,0.0150299868655469,0.0220525996615138,0.0341442659925991,0.07,0.0699909154375072,0.0472261197487573,0.0660273784787663,0.0060103725789517,0.064661222490933,0.0048483257870251
AZ,2035,0.0416278646404684,0.0215140471350403,0.0118480078707177,0.014207268948513,0.0212242767795663,0.033536773015327,0.07,0.0699908011927381,0.0467478276920464,0.0653795830527349,-0.0028101177851458,0.064661222490933,0.0068969319012891
AZ,2040,0.0406661189157729,0.0207085632518982,0.011026629708183,0.0132708246346016,0.0202814525872319,0.0328453047337576,0.07,0.069990671155623,0.0462034201039503,0.0646422412120804,0.0005721747800337,0.0646611289043144,0.0011456250620863
AZ,2045,0.039195882601427,0.0194772722746213,0.0097708638683423,0.0118392669979806,0.0188399902758299,0.0317881312558833,0.07,0.0699904723657725,0.0453711753793086,0.0635150547610463,0.0041105432103252,0.0645473620384409,-0.00041821343608
AZ,2050,0.0378830511149581,0.018378089747905,0.0086496021000253,0.0105609732150611,0.0175528522215582,0.0308440096498582,0.07,0.069517024528563,0.0446280315266532,0.0625085459096466,0.0058367389274385,0.0644457751559934,-0.0030032405754171
BS,2025,0.0122322051316545,-0.0246643921051084,0.0185784121229135,0.0098493872945478,0.0154518777419519,0.0048013477451425,0.0048013477451422,0.013064999365274,0.0074384722193607,0.0316354782922475,0.0048013477451425,0.0048013477451425,-0.0471282829614219
BS,2030,0.0039487902241552,-0.0105889235299196,0.0100890965342926,0.0039487902241552,0.0039487902241552,0.0039487902241552,0.0039487902241552,0.0039487902241552,0.0039487902241552,0.0097499527086233,0.0090818761449724,0.0039487902241552,0.008451935286297
BS,2035,0.002427213030145,-0.0106844567399499,0.0090491728328253,0.002427213030145,0.0024272130301449,0.002427213030145,0.002427213030145,0.002427213030145,0.0024272130301449,0.0088348217799386,0.0090818761449724,0.002427213030145,0.0672843280313747
BS,2040,0.0024083213390694,-0.0106862840500622,0.0091044787698027,0.0023981090840681,0.0023981090840682,0.0023981090840681,0.0023981090840683,0.0023981090840681,0.0023981090840681,0.0091516900381134,0.0090818761449724,0.0023981090840682,0.0102202377221963
BS,2045,0.0015230091785102,-0.0107474122750949,0.0082167278822806,0.0014443960182027,0.0014245072016383,0.0014245072016383,0.0014245072016383,0.0014245072016383,0.0014245072016383,0.0084609595311755,0.0090818761449724,0.0014245072016383,0.0099093878947604
BS,2050,0.0006666779932537,-0.0108071930292098,0.0073701272902624,0.0006646347522295,0.0004723667671966,0.0004723667671966,0.0004723667671966,0.0004723667671966,0.0004723667671966,0.0078627502449777,0.0090818761449724,0.0004723667671966,0.0107660172262094
BH,2025,0.0257699126959241,0.0204322109025317,0.032116119687183,0.0234093429185602,0.0289895853062214,0.018339055309412,0.018339055309412,0.0266027069295435,0.0209761797836302,0.0451731858565172,0.018339055309412,0.018339055309412,0.0006067137385336
BH,2030,0.0155020257002562,0.0225467832046113,0.0216423320103936,0.0474889384491907,0.0155020257002562,0.0155020257002562,0.0155020257002562,0.0155020257002562,0.0155020257002562,0.0213031881847243,0.0382797770761987,0.0155020257002562,0.0001422597776951
BH,2035,0.0101560675078562,0.0171637389423257,0.0167780273105365,0.0419745899494037,0.010156067507856,0.0101560675078561,0.010156067507856,0.0101560675078561,0.0101560675078561,0.0165636762576497,0.0382797770761987,0.0101560675078561,0.0010930750638874
BH,2040,0.0100918264582984,0.0170887691390669,0.0167879838890316,0.0418977914684723,0.0100816142032971,0.0100816142032971,0.0100816142032971,0.0100816142032971,0.0100816142032971,0.0168351951573424,0.0382797770761987,0.0100816142032971,-9.428104367435606e-05
BH,2045,0.0096962209601791,0.0166015170331267,0.0163899396639495,0.0413986542166697,0.0095977189833071,0.0095977189833071,0.0095977189833071,0.0095977189833071,0.0095977189833071,0.0166341713128443,0.0382797770761987,0.0095977189833071,-0.0002986502738961
BH,2050,0.0091630600780045,0.0159681835997342,0.0158665093750131,0.0407498723939452,0.0089687488519473,0.0089687488519474,0.0089687488519474,0.0089687488519473,0.0089687488519473,0.0163591323297284,0.0348531444707003,0.0089687488519472,0.0113819144195435
BD,2025,0.0164035694567865,0.0331127591266508,0.0227497764480455,0.0140207516196798,0.0196232420670839,0.0089727120702745,0.0089727120702745,0.07,0.0116098365444927,0.0358068426173796,0.0089727120702745,0.0089727120702745,0.0350107819066748
BD,2030,0.0092708904740964,0.0401622251534278,0.0154111967842337,0.0092708904740964,0.0092708904740964,0.0092708904740964,0.0092708904740964,0.07,0.0092708904740963,0.0150720529585644,0.0092708904740964,0.0092708904740963,0.0431518003989218
BD,2035,0.0092708904740964,0.0382600737161028,0.0158928502767767,0.0092708904740964,0.0092708904740964,0.0092708904740964,0.0092708904740964,0.07,0.0092708904740963,0.01567849922389,0.0092708904740964,0.0092708904740963,0.0334636483867981
BD,2040,0.0077111395534646,0.0362035190935816,0.0144072969841979,0.0077009272984633,0.0077009272984633,0.0077009272984633,0.0077009272984633,0.07,0.0077009272984633,0.0144545082525087,0.0092708904740964,0.0077009272984633,0.0310447160481544
BD,2045,0.0064682570635249,0.0348879629304976,0.0131619757672953,0.0063896439032174,0.006369755086653,0.006369755086653,0.006369755086653,0.07,0.006369755086653,0.0134062074161902,0.0092708904740964,0.006369755086653,0.0298301689012129
BD,2050,0.0056595740722446,0.0339940813343756,0.0123630233692533,0.0056575308312204,0.0054652628461875,0.0054652628461875,0.0054652628461875,0.07,0.0054652628461875,0.0128556463239686,0.0092708904740964,0.0054652628461875,0.029234753821498
BB,2025,0.0087686625901868,0.0067740371007362,0.0151148695814458,0.0063858447530801,0.0119883352004842,0.0013378052036747,0.0013378052036747,0.0096014568238063,0.003974929677893,0.0281719357507799,0.0013378052036747,0.0013378052036747,-0.0125877194180844
BB,2030,0.0,0.0274736416642125,0.0061403063101373,0.0,0.0,0.0,0.0,0.0,0.0,0.005801162484468,-0.005626227175666,0.0,-0.016166137824813
BB,2035,-0.0014174401433311,0.0260205008505057,0.0052045196593491,-0.0014174401433311,-0.0014174401433311,-0.0014174401433312,-0.0014174401433311,-0.0014174401433311,-0.0014174401433312,0.0049901686064624,-0.0054943180554556,-0.0014174401433311,0.0033318391755566
BB,2040,-0.0028531132159428,0.0245381984115776,0.0038430442147903,-0.0028633254709441,-0.0028633254709441,-0.0028633254709441,-0.0028633254709441,-0.0028633254709442,-0.0028633254709441,0.0038902554831011,-0.0053203490877906,-0.0028633254709442,0.0010108946885027
BB,2045,-0.0042716580230635,0.0229934116607001,0.0024220606807068,-0.0043502711833711,-0.0043701599999355,-0.0043701599999355,-0.0043701599999355,-0.0043701599999355,-0.0043701599999355,0.0026662923296016,-0.0051416931147695,-0.0043701599999355,0.0001243222809571
BB,2050,-0.0042734773578773,0.0228933241327288,0.0024299719391313,-0.0042755205989015,-0.0044677885839344,-0.0044677885839344,-0.0044677885839344,-0.0044677885839344,-0.0044677885839344,0.0029225948938466,-0.0047951276951048,-0.0044677885839344,0.0012980106617322
BY,2025,0.0011469344294652,0.0033144847495672,0.0112399825040333,-0.0077964365430848,0.0366450069204556,-0.0300401036830485,0.07,-0.0281344721542028,0.07,-0.0219571009207907,0.0359960930595443,0.0242594785362189,0.0041910650999526
BY,2030,0.007716500479243,-0.0059560055717148,-0.0018586582718856,-0.0007846505955876,-0.0069190590956164,-0.0119919943103312,0.07,-0.0227197928497841,0.056939653445889,-0.0066699931231106,0.012170858135043,0.0369568860865944,-0.0199803499764052
BY,2035,0.0072732908691071,-0.0062456657181313,-0.0022963705983226,-0.0012240324019261,-0.0073559649756155,-0.0121406352787376,0.07,-0.0227888362060138,0.0567415253675222,-0.0071050006552145,0.008594759256338,0.0367691987834475,-0.0264013231105941
BY,2040,0.0071874188260148,-0.0063017904065129,-0.0023812139705387,-0.0013091672306777,-0.0074406200676965,-0.012169436023803,0.07,-0.0228022140797087,0.0567031359763837,-0.0071869702722964,0.005101363640376,0.0367328324019048,-0.0267204809612205
BY,2045,0.0070508341602313,-0.0063910569267598,-0.0025163450687644,-0.0014446002006189,-0.0075753001359737,-0.0122152559055904,0.07,-0.022823497299635,0.0566420612590507,-0.00732047362084,0.0013337668083883,0.0366749761450775,-0.0267696070610702
BY,2050,0.0066139247694576,-0.0066765019217985,-0.0029489917761774,-0.0018774269474298,-0.0080060366771767,-0.0123617979860323,0.07,-0.0228915657276806,0.0564467308524397,-0.0077481008017892,-0.0020546074665099,0.0364899390844974,-0.026985631183643
BE,2025,-0.0067714612333629,-0.0081460730223456,0.0031693955596403,-0.0148499206632198,0.0051299586640677,-0.0124212591597323,-0.0034553148719681,-0.0056013215049307,0.0010753046640466,-0.0347541366838804,-0.0183853533261337,-0.0124669544407416,-0.0146183923175924
BE,2030,0.0033264183895905,0.0005415548880011,0.0071920296563153,0.0047017930889402,-0.0033026695462041,0.0011717190149553,0.0011717190149553,0.00138071817749,0.0135461762171225,-0.0068304260704173,0.0211428161307933,0.029456723484084,-0.0157711655130142
BE,2035,0.0028466270996635,-0.0002229107501541,0.0067103884220792,0.0015117073623397,-0.0036825002106229,0.000692837408931,0.000692837408931,0.0009025395785726,0.0131727582829207,-0.0069333655072751,0.0215925129850076,0.0291746384298945,-0.0009638505173452
BE,2040,0.0026588379770253,-0.0004936199304821,0.0065218453244571,0.0005148126844,-0.0038311754939618,0.0005053910936883,0.0005053910936883,0.0007153684380082,0.0130265931036131,-0.0069735804583539,0.0210496121206331,0.0290642232389002,-0.0146466882235573
BE,2045,0.0023547536677719,-0.0007783946738069,0.0062164456234298,0.0002251766497349,-0.0040719970970424,0.000201768856592,0.000201768856592,0.0004121919240049,0.0127898373227941,-0.0070388484710908,0.0193109759170653,0.0288853746589444,-0.0230347690957561
BE,2050,0.0017146116954922,-0.0013777776734584,0.0055736216095737,-0.0004133350161038,-0.0045788692063807,-0.0004372836278626,-0.0004372836278626,-0.0002259224195132,0.0122915228008131,-0.0071761955421879,0.0171527268869919,0.0285089410009389,-0.0018897235449794
BZ,2025,0.0256955428338916,0.050372630107179,0.0320417498251506,0.0233127249967849,0.028915215444189,0.0182646854473795,0.0182646854473795,0.0265283370675111,0.0209018099215978,0.0450988159944847,0.0182646854473795,0.0182646854473795,0.0484449483952288
BZ,2030,0.0125387356179753,0.0504828813040657,0.0186790419281127,0.0125387356179753,0.0125387356179753,0.0125387356179753,0.0125387356179753,0.0125387356179753,0.0125387356179753,0.0183398981024434,0.0219305501258815,0.0125387356179753,0.0585502343501255
BZ,2035,0.0105147958685514,0.0486602989817575,0.0171367556712317,0.0105147958685514,0.0105147958685514,0.0105147958685514,0.0105147958685514,0.0105147958685514,0.0105147958685514,0.016922404618345,0.0219305501258815,0.0105147958685514,0.049391572085666
BZ,2040,0.0079510340788223,0.0463424040971195,0.0146471915095555,0.007940821823821,0.007940821823821,0.007940821823821,0.007940821823821,0.007940821823821,0.007940821823821,0.0146944027778663,0.0219305501258815,0.007940821823821,0.0382031902559542
BZ,2045,0.0057485791869069,0.0442795607544768,0.0124422978906774,0.0056699660265994,0.005650077210035,0.0056500772100349,0.0056500772100351,0.005650077210035,0.005650077210035,0.0126865295395722,0.0219305501258815,0.005650077210035,0.0468400629764754
BZ,2050,0.0049115017860098,0.0434394849974583,0.0116149510830186,0.0049094585449857,0.0047171905599527,0.0047171905599527,0.0047171905599527,0.0047171905599527,0.0047171905599527,0.0121075740377338,0.0219305501258815,0.0047171905599527,0.0552040368741967
BJ,2025,-0.0659775632312317,0.0406336338176378,0.0578693874818025,-0.0670880236900634,-0.0581676545860285,-0.07,0.0277472253063861,0.0572603193912192,0.0303843497806044,0.0670778829994899,0.0277472253063861,-0.07,0.0600857006906778
BJ,2030,0.0234536105963902,0.0655512505612256,0.0657096650029411,0.0234536105963902,0.0234536105963902,0.0234536105963902,0.0234536105963902,0.0664314353077214,0.0234536105963902,0.0237098030876153,0.0300135587697868,0.0234536105963902,0.0359276831974153
BJ,2035,0.0217054427221265,0.0629944718776733,0.0657487279117176,0.0217054427221265,0.0217054427221263,0.0217054427221263,0.0217054427221263,0.0662995330400845,0.0217054427221264,0.0220271139262672,0.0300135587697868,0.0217054427221263,0.0362768313573097
BJ,2040,0.0204304941528927,0.0628303816893316,0.0656590835421165,0.0204269467023492,0.0204269467023492,0.0204269467023492,0.0204269467023492,0.0662030683202735,0.0204269467023492,0.0207783471297819,0.0300135587697868,0.0204269467023492,0.0344330010291934
BJ,2045,0.0189979465208552,0.0626425832530055,0.0655500866078294,0.0189667528743045,0.0189637297008342,0.0189637297008342,0.0189637297008342,0.066092666085233,0.0189637297008342,0.0193443154238977,0.0300135587697868,0.0189637297008342,0.0339648010325043
BJ,2050,0.0174046638962518,0.0624338198310478,0.0654322909356879,0.0174428981820056,0.0173371656341743,0.0173371656341743,0.0173371656341743,0.0659699390336679,0.0173371656341743,0.0177461559087649,0.0300135587697868,0.0173371656341743,0.0339936114640226
BM,2025,0.0113450659072975,-0.0039921808612791,0.0176912728985565,0.0089622480701908,0.0145647385175949,0.0039142085207855,0.0039142085207855,0.012177860140917,0.0065513329950037,0.0307483390678906,0.0039142085207855,0.0039142085207855,-0.0129551412880867
BM,2030,-0.0030960346765314,0.0047895102422781,0.0030442716336059,-0.0030960346765314,-0.0030960346765314,-0.0030960346765314,-0.0030960346765314,-0.0030960346765314,-0.0030960346765314,0.0027051278079366,0.0052223464106992,-0.0030960346765314,-0.0160186869202015
BM,2035,-0.0031447163822682,0.0030353978021333,0.0034772434204121,-0.0031447163822682,-0.0031447163822682,-0.0031447163822682,-0.0031447163822683,-0.0031447163822682,-0.0031447163822682,0.0032628923675253,0.0052223464106992,-0.0031447163822683,-0.0314123857141226
BM,2040,-0.0064211896197945,-0.0064314018747958,0.0002749678109386,-0.0064314018747958,-0.0064314018747958,-0.0064314018747958,-0.0064314018747958,-0.0064314018747958,-0.0064314018747958,0.0003221790792494,0.0052223464106992,-0.0064314018747958,-0.0093056796202306
BM,2045,-0.0065466050525329,-0.0066451070294049,0.0001471136512374,-0.0066252182128405,-0.0066451070294049,-0.0066451070294049,-0.0066451070294049,-0.0066451070294049,-0.0066451070294049,0.0003913453001322,0.0052223464106992,-0.0066451070294049,-0.032475242071811
BM,2050,-0.006679192652922,-0.0068735038789791,2.4256644086714508e-05,-0.0066812358939461,-0.0068735038789791,-0.0068735038789791,-0.0068735038789791,-0.0068735038789791,-0.0068735038789791,0.0005168795988019,0.0052223464106992,-0.0068735038789791,-0.0191474584503445
BT,2025,0.0151884336845258,0.017734975395355,0.0215346406757848,0.0128056158474191,0.0184081062948232,0.0077575762980137,0.0077575762980137,0.0160212279181453,0.010394700772232,0.0345917068451189,0.0077575762980137,0.0077575762980137,-0.0365318152951612
BT,2030,0.0059735459617635,0.0179864836949969,0.0121138522719009,0.0059735459617635,0.0059735459617634,0.0059735459617635,0.0059735459617635,0.0059735459617635,0.0059735459617634,0.0117747084462315,0.0108206577120143,0.0059735459617635,0.0644375078610658
BT,2035,0.0055612714496615,0.0175692859639268,0.0121832312523419,0.0055612714496615,0.0055612714496615,0.0055612714496615,0.0055612714496615,0.0055612714496615,0.0055612714496615,0.0119688801994551,0.0108206577120143,0.0055612714496615,-0.0534204923272982
BT,2040,0.0047218461503856,0.0167095023744222,0.0114180035811188,0.0047116338953843,0.0047116338953843,0.0047116338953843,0.0047116338953843,0.0047116338953843,0.0047116338953843,0.0114652148494296,0.0108206577120143,0.0047116338953843,0.0646660285574224
BT,2045,0.003329587101487,0.0152112734765107,0.0100233058052574,0.0032509739411794,0.0032310851246151,0.0032310851246151,0.0032310851246151,0.0032310851246151,0.0032310851246151,0.0102675374541522,0.0108206577120143,0.0032310851246151,0.0078237667003918
BT,2050,0.0017892156652629,0.0135555541692627,0.0084926649622716,0.0017871724242387,0.0015949044392058,0.0015949044392058,0.0015949044392058,0.0015949044392058,0.0015949044392058,0.0089852879169869,0.0108206577120143,0.0015949044392058,-0.0534250649278879
BO,2025,0.0208165756119507,0.0048106696825272,0.0271627826032097,0.018433757774844,0.0240362482222481,0.0133857182254386,0.0133857182254386,0.0216493698455701,0.0160228426996569,0.0402198487725438,0.0133857182254386,0.0133857182254386,0.0068643482003186
BO,2030,0.0128971274180418,0.0130522305855643,0.0190374337281792,0.0128971274180418,0.0128971274180418,0.0128971274180418,0.0128971274180418,0.0128971274180418,0.0128971274180418,0.0186982899025098,0.0157176990752464,0.0128971274180418,0.015208481509369
BO,2035,0.011499804467115,0.0116605349251472,0.0181217642697954,0.011499804467115,0.011499804467115,0.011499804467115,0.011499804467115,0.011499804467115,0.011499804467115,0.0179074132169087,0.0157176990752464,0.011499804467115,0.0067852606445742
BO,2040,0.0100415305908735,0.0101979626723421,0.0167376880216067,0.0100313183358722,0.0100313183358722,0.0100313183358722,0.0100313183358722,0.0100313183358722,0.0100313183358722,0.0167848992899175,0.0157176990752464,0.0100313183358722,0.0053700968911701
BO,2045,0.0087272113211537,0.0088010022591723,0.0154209300249241,0.0086485981608461,0.0086287093442816,0.0086287093442817,0.0086287093442818,0.0086287093442817,0.0086287093442817,0.0156651616738188,0.0157176990752464,0.0086287093442817,0.00409437256738
BO,2050,0.0075143391585776,0.0074975911612521,0.0142177884555863,0.0075122959175534,0.0073200279325205,0.0073200279325205,0.0073200279325205,0.0073200279325205,0.0073200279325205,0.0147104114103016,0.0157176990752464,0.0073200279325205,0.0029936908324959
BA,2025,0.0546370744643396,-0.0205229626817394,0.0569458453845167,-0.0219809160213636,0.0222000936826852,0.0091990680054525,-0.0154218886809927,0.023795546566699,0.0182760011439299,0.0159062112093742,-0.0501985364838709,0.0472395484840871,-0.0303635165959866
BA,2030,0.0544979368454681,0.0135529970378663,0.0638574496540824,0.0082778187011138,0.012589167100491,0.0262856106703422,0.0349933426250201,0.02884090658624,0.019343776180266,0.0333914288076274,0.0074856510919736,0.0504566533996114,0.059520491542926
BA,2035,0.053836994389856,0.0129275123740242,0.0635791945132636,0.0076503545101152,0.0119720232146721,0.0256445202499152,0.0343427973438277,0.0283009862224648,0.0187317798903925,0.0327425247625731,0.0036679503290222,0.0498933172914365,0.0448201138665499
BA,2040,0.0531022295148644,0.0122310379328715,0.0628478753625394,0.0069526609134627,0.0112858050311871,0.0249316752977669,0.0336194392884492,0.0276883888395674,0.0180512854514345,0.0320266906734903,0.0003510291993069,0.0492669293619338,0.0219581586754919
BA,2045,0.0517194181757577,0.0109193121058174,0.0614594503671937,0.0056386328822303,0.0099933845230943,0.023589106042945,0.0322570696981865,0.0265346254448994,0.0167696450202735,0.0306738568285356,-0.0045655792320162,0.0480871929084349,0.0034562497625468
BA,2050,0.0511506344025384,0.0103789716088819,0.060889811272616,0.0050973867705111,0.0094609426188555,0.023036004226521,0.0316958106850602,0.0260593064793991,0.0162416442129171,0.0301195208041528,-0.0086874389592217,0.0476011737530069,0.0283868266867266
BW,2025,-0.006409209114056,-0.0324020587195044,-0.0069033130547463,-0.006410935206543,0.0254050014377918,-0.0655206961545808,0.0147544714409824,-0.0064133172486459,0.0061612326868666,0.0074538192396411,0.0147544714409824,-0.0064118174396978,0.0101750016107651
BW,2030,-0.0015497332632969,0.026198893236401,0.0001023128206925,-0.0003227520100781,0.0155586213049383,0.000324578888459,0.0155586213049383,-0.0008676749588528,0.0092189946922732,0.0008027643793426,0.0158926149679519,0.0049371364469279,0.0451914581749265
BW,2035,-0.0015497332632969,0.024097808319909,3.591932379522741e-05,-0.0003227520100781,0.0134704809971846,4.829737092704204e-05,0.0134704809971846,-0.0008676749588528,0.0089316450809125,0.0008133426851211,0.0158926149679519,0.0049371364469279,-0.0090519629571625
BW,2040,-0.0015497332632969,0.0221970921854252,-2.4142594591290622e-05,-0.0003227520100781,0.0115814750161031,-0.0002016367149877,0.0115814750161031,-0.0008676749588528,0.0086716984037154,0.0008129702973964,0.0158926149679519,0.0049371364469279,-0.0049804931770912
BW,2045,-0.0015497332632969,0.0206902894721409,-7.175699631490244e-05,-0.0003227520100781,0.0100839555885234,-0.0003997732762375,0.0100839555885234,-0.0008676749588528,0.0084656243080608,0.0007681122137586,0.0158926149679519,0.0049371364469279,0.0222294970082278
BW,2050,-0.0015497332632969,0.019788198741047,-0.0001002627257529,-0.0003227520100781,0.0091874225631028,-0.0005183934206124,0.0091874225631027,-0.0008676749588528,0.0083422521306884,0.0007544881637434,0.0158926149679519,0.0049371364469279,0.0239280446593154
BR,2025,-0.0074569913683725,-0.0015148312347802,0.0116030285837691,-0.00306046423887,0.0166316044249746,-0.0103135320820686,-0.0149166980517582,0.0659137446303315,0.0203776180292938,0.0002371464335885,0.0059810744281652,0.0059810744281652,0.0131956193870883
BR,2030,0.0031365180195712,0.0039565062318117,0.0032698858329723,0.0156252334607289,0.0031650554847468,0.0341266882820424,0.0031650554847468,0.0047724149535994,0.0268751738979056,0.0105697631690364,0.0080729803965644,0.0031650554847468,-0.0067518422351374
BR,2035,0.0020349860524263,0.0028629628438119,0.0021718785923814,0.0145092638364684,0.002062777111625,0.0329903892479712,0.002062777111625,0.0036683704129156,0.0257594691073519,0.0100828452642295,0.0080729803965644,0.002062777111625,-0.0091463546354421
BR,2040,0.0010228182502778,0.001858101204731,0.0011610005734703,0.0134837946341443,0.0010498888578132,0.0319462392650871,0.0010498888578132,0.0026538592202695,0.0247263080319457,0.0091173762526661,0.0080729803965644,0.0010498888578132,0.0015744861891973
BR,2045,-9.080984059866972e-05,0.0007522526587367,4.849175394945892e-05,0.0123553390564187,-6.479296421069147e-05,0.0307971539627281,-6.479296421069147e-05,0.0015373913567845,0.0235893160038087,0.0079946704105245,0.0080729803965644,-6.479296421069147e-05,-0.0041879675046739
BR,2050,-0.0013179223958101,-0.000466282609052,-0.0011773250464563,0.011112391628435,-0.0012930616248868,0.0295309760835835,-0.0012930616248868,0.0003071546558031,0.0223364637117854,0.0067575314621894,0.0080729803965644,-0.0012930616248868,-0.0159697769568095
VG,2025,0.0285321674622678,-0.0579471051720029,0.0348783744535268,0.0261493496251611,0.0317518400725651,0.0211013100757557,0.0211013100757557,0.0293649616958872,0.0237384345499738,0.0479354406228608,0.0211013100757555,0.0211013100757557,0.07
VG,2030,0.0049507371194887,0.0049507371194885,0.011091043429626,0.0049507371194887,0.0049507371194886,0.0049507371194885,0.0049507371194887,0.0049507371194886,0.0049507371194885,0.0107518996039567,0.0281018989713983,0.0049507371194886,0.0049507371194885
VG,2035,0.0,0.0,0.0066219598026803,0.0,0.0,0.0,0.0,0.0,0.0,0.0064076087497936,0.0216765925334854,0.0,0.0025251382528161
VG,2040,1.0212255001306874e-05,0.0,0.0067063696857345,0.0,0.0,0.0,0.0,0.0,0.0,0.0067535809540453,0.0215864564331158,0.0,0.0
VG,2045,9.85019768719234e-05,0.0,0.0067922206806423,1.9888816564363516e-05,0.0,0.0,0.0,0.0,0.0,0.0070364523295371,0.0211415305692228,0.0,0.0006227541283519
VG,2050,-0.0047320368392013,-0.0049263480652584,0.0019714124578073,-0.0047340800802255,-0.0049263480652584,-0.0049263480652584,-0.0049263480652584,-0.0049263480652584,-0.0049263480652584,0.0024640354125226,0.0153731324230441,-0.0049263480652584,-0.0023405666837308
BN,2025,0.07,0.0635943826012475,0.0249594806136147,0.0162304557852489,0.021832946232653,0.0111824162358438,0.0111824162358435,0.0194460678559752,0.0138195407100618,0.0380165467829488,0.0111824162358435,0.0111824162358435,-0.0413436288099905
BN,2030,0.07,0.0643098332493007,0.0129292201184794,0.0067889138083421,0.0067889138083421,0.0067889138083421,0.0067889138083421,0.0067889138083421,0.0067889138083421,0.0125900762928101,0.0146585410732781,0.0067889138083421,-0.0133520868506499
BN,2035,0.07,0.0641801152353551,0.0119698584493636,0.0053478986466832,0.0053478986466832,0.0053478986466832,0.0053478986466832,0.0053478986466832,0.0053478986466832,0.0117555073964769,0.0146585410732781,0.0053478986466832,0.0314251225958972
BN,2040,0.07,0.0640960738079253,0.0111206665337916,0.0044142968480571,0.0044142968480571,0.0044142968480571,0.0044142968480571,0.0044142968480571,0.0044142968480571,0.0111678778021024,0.0146585410732781,0.0044142968480571,-0.0506751031925342
BN,2045,0.07,0.0639821223006009,0.0099406497840917,0.0031683179200137,0.0031484291034493,0.0031484291034493,0.0031484291034493,0.0031484291034493,0.0031484291034493,0.0101848814329865,0.0146585410732781,0.0031484291034493,0.0305350672932029
BN,2050,0.07,0.063908296767473,0.0092260744449837,0.0025205819069508,0.0023283139219179,0.0023283139219179,0.0023283139219179,0.0023283139219179,0.0023283139219179,0.009718697399699,0.0146585410732781,0.0023283139219179,-0.05000983171825
BG,2025,-0.0619194311656193,-0.0210682327182882,0.0200602936963176,-0.0057796189049077,0.0068298337641254,0.0022059320667693,0.0467902134143505,0.0075571919072678,-0.0324258695990313,-0.0219182444812371,-0.0151952911752916,0.024690607694903,0.0018449743423281
BG,2030,-0.0057309235302896,0.0020192729614904,0.003538969229195,0.0079299205431489,0.0067289641100898,0.0402786221576729,0.07,0.0208150424589282,-0.004288852392942,-0.0075600371994903,0.0164071366211711,0.0243652006869146,0.0118257595588184
BG,2035,-0.0067949668231897,0.0009365670851034,0.002465611275382,0.0068509829813476,0.0056520281537679,0.039641429310518,0.0692445668098875,0.0197268727056239,-0.0053547638108119,-0.008622065204383,0.010648079025413,0.0232686150294125,0.0072414787495012
BG,2040,-0.0072180100509247,0.0005120964627497,0.0020386592204195,0.0064220180776499,0.0052238590500611,0.0393880936421776,0.0687889965049612,0.0192942372594601,-0.0057785497692444,-0.0090440612187892,0.0064226723717346,0.0228326335809762,0.0023888120071401
BG,2045,-0.0071572812238479,0.0005730356806491,0.0021001351088032,0.0064836041902094,0.0052853237084078,0.039424460559283,0.0688543946686839,0.0193563430715259,-0.0057177143214699,-0.0089832793478623,0.0032295406426867,0.0228952197193538,0.0063339641254868
BG,2050,-0.0070316007473673,0.000699169073733,0.0022272244304992,0.0066110820538443,0.0054125270139808,0.0394997231930261,0.068989738504112,0.0194848732676182,-0.0055918131896477,-0.008857399579234,0.0014220375287465,0.023024743967903,0.0108509964348172
BF,2025,0.0336934683162059,0.0506294792551237,0.0467648436025184,0.0313106504790992,0.0369131409265034,0.07,0.0262626109296939,-0.07,0.0288997354039121,0.0525594508004918,0.0262626109296939,0.0262626109296939,-0.0619046387646894
BF,2030,0.0213205625642099,0.060731396890553,0.0611298459909115,0.02132056256421,0.0213205625642099,0.07,0.0213205625642098,0.0213205625642098,0.02132056256421,0.027121725048678,0.03024666934782,0.0213205625642101,0.0183052882599552
BF,2035,0.019852747387522,0.060820969185604,0.0613449957108654,0.019852747387522,0.019852747387522,0.07,0.019852747387522,0.019852747387522,0.019852747387522,0.0262603561373157,0.03024666934782,0.019852747387522,0.0132053864688195
BF,2040,0.0180563495834363,0.0596934379320152,0.0610764209024074,0.018046137328435,0.018046137328435,0.07,0.018046137328435,0.0180461373284348,0.0180461373284349,0.0247997182824803,0.03024666934782,0.018046137328435,0.0097389240506035
BF,2045,0.0161570167661137,0.0592950707356589,0.060769486516501,0.0160784036058061,0.0160585147892418,0.07,0.0160585147892418,0.0160585147892418,0.0160585147892418,0.0230949671187789,0.03024666934782,0.0160585147892418,0.0085107524467669
BF,2050,0.0142230028917176,0.058888245530724,0.0604716075192072,0.0142209596506934,0.0140286916656605,0.07,0.0140286916656604,0.0140286916656604,0.0140286916656605,0.0214190751434416,0.03024666934782,0.0140286916656604,0.008143000293941
BI,2025,0.0336320407967241,0.0273280025875563,0.0399782477879831,0.0312492229596174,0.0368517134070214,0.026201183410212,0.026201183410212,0.0344648350303435,0.0288383078844303,0.0525133801608804,0.026201183410212,0.026201183410212,0.0361459798871654
BI,2030,0.0238410551395271,0.0283127096941232,0.0299813614496645,0.0238410551395271,0.0238410551395271,0.023841055139527,0.0238410551395271,0.0238410551395271,0.0238410551395271,0.0296422176239952,0.0318531347494442,0.0238410551395271,-0.0015598167779316
BI,2035,0.0226174757626509,0.0274225627918867,0.0292394355653313,0.0226174757626509,0.0226174757626509,0.0226174757626509,0.0226174757626509,0.0226174757626509,0.0226174757626509,0.0290250845124445,0.0318531347494442,0.0226174757626509,0.0063066122613676
BI,2040,0.0217780948226743,0.0268044886685701,0.0284742522534075,0.021767882567673,0.021767882567673,0.021767882567673,0.021767882567673,0.021767882567673,0.021767882567673,0.0285214635217183,0.0318531347494442,0.021767882567673,0.0043788580001977
BI,2045,0.0200436561716418,0.025478464345652,0.0267373748754122,0.0199650430113343,0.0199451541947699,0.0199451541947699,0.0199451541947699,0.0199451541947699,0.0199451541947699,0.0269816065243071,0.0318531347494442,0.0199451541947699,0.0037456275733715
BI,2050,0.0173800424797023,0.0234670506332056,0.024083491776711,0.0173779992386781,0.0171857312536451,0.0171857312536451,0.0171857312536451,0.0171857312536451,0.0171857312536451,0.0245761147314263,0.0318531347494442,0.0171857312536451,0.0034066300616391
CV,2025,0.0096114084267762,0.0426802554692553,0.0159576154180352,0.0072285905896695,0.0128310810370735,0.0021805510402641,0.0021805510402641,0.0104442026603956,0.0048176755144824,0.0290146815873693,0.0021805510402641,0.0021805510402641,0.07
CV,2030,0.0024601189171248,0.0508450245674514,0.0086004252272621,0.0024601189171248,0.0024601189171248,0.0024601189171248,0.0024601189171248,0.0024601189171248,0.0024601189171248,0.0082612814015928,0.0024601189171248,0.0024601189171248,0.0041479554057552
CV,2035,0.0024601189171248,0.0507568225799663,0.0090820787198052,0.0024601189171248,0.0024601189171248,0.0024601189171248,0.0024601189171248,0.0024601189171248,0.0024601189171248,0.0088677276669184,0.0024601189171248,0.0024601189171248,0.00658881115894
CV,2040,0.0024703311721261,0.0499192327783177,0.0091664886028593,0.0024601189171248,0.0024601189171248,0.0024601189171248,0.0024601189171248,0.0024601189171248,0.0024601189171248,0.0092136998711701,0.0024601189171248,0.0024601189171248,0.0032633036155709
CV,2045,0.0022436772225162,0.0487491067744358,0.0089373959262866,0.0021650640622086,0.0021451752456442,0.0021451752456442,0.0021451752456442,0.0021451752456442,0.0021451752456442,0.0091816275751814,0.0024601189171248,0.0021451752456442,0.0027679293739962
CV,2050,0.0012577663065291,0.0476170821087218,0.0079612156035378,0.0012557230655049,0.001063455080472,0.001063455080472,0.001063455080472,0.001063455080472,0.001063455080472,0.0084538385582531,0.0024601189171248,0.001063455080472,0.0036492364619996
KH,2025,0.0212870011849688,0.0537856944663447,0.0276332081762278,0.0189041833478621,0.0245066737952662,0.0138561437984567,0.0138561437984567,0.0221197954185883,0.016493268272675,0.0406902743455619,0.0138561437984567,0.0138561437984567,0.0537856944663447
KH,2030,0.010917090471991,0.0605440095112298,0.0170573967821284,0.010917090471991,0.010917090471991,0.010917090471991,0.010917090471991,0.010917090471991,0.010917090471991,0.0167182529564591,0.0149914950283472,0.010917090471991,-0.0050349435899217
KH,2035,0.0094076547232473,0.0599439795919561,0.0160296145259277,0.0094076547232473,0.0094076547232473,0.0094076547232473,0.0094076547232473,0.0094076547232473,0.0094076547232473,0.0158152634730409,0.0149914950283472,0.0094076547232473,0.0160708074967562
KH,2040,0.0083259078449678,0.0597416908221513,0.0150220652757011,0.0083156955899665,0.0083156955899665,0.0083156955899665,0.0083156955899665,0.0083156955899665,0.0083156955899665,0.0150692765440119,0.0149914950283472,0.0083156955899665,0.0134664266800353
KH,2045,0.0073616253903995,0.0595466986065884,0.0140553440941699,0.007283012230092,0.0072631234135276,0.0072631234135276,0.0072631234135276,0.0072631234135276,0.0072631234135276,0.0142995757430648,0.0147764179361009,0.0072631234135276,0.0129959190376134
KH,2050,0.0063121431388301,0.0593345298525623,0.0130155924358388,0.0063100998978059,0.006117831912773,0.006117831912773,0.006117831912773,0.006117831912773,0.006117831912773,0.0135082153905541,0.0120414645903608,0.006117831912773,0.0133051015816265
CM,2025,0.0439693956715365,0.0278299159874018,0.0286630750050251,0.0286733917971928,0.03882370285309,0.028475185592983,0.0281731728562806,0.0285356452727458,0.0308102973304988,0.0399546701628649,0.0281731728562806,0.0281731728562806,0.0591343511766603
CM,2030,0.0339924216643554,0.0377203654192076,0.0249905270804442,0.0249905270804442,0.0249905270804442,0.07,0.0249905270804442,0.0257468039137582,0.0249905270804442,0.0329002274433403,0.0299824355687984,0.0249905270804442,0.0103645686205236
CM,2035,0.0327464401685105,0.0362340138009291,0.0234330502106381,0.0234330502106381,0.0234330502106381,0.07,0.0234330502106381,0.0241881778785266,0.0234330502106381,0.0313307317547872,0.0299824355687984,0.0234330502106381,0.0651719550048038
CM,2040,0.0315693734926593,0.0347765423032779,0.0219489515470725,0.0219489515470725,0.0219489515470725,0.07,0.0219489515470725,0.0227029841907555,0.0219489515470725,0.029835180521244,0.0299824355687984,0.0219489515470725,0.0667075434408197
CM,2045,0.0303373891225244,0.0331184535913864,0.0202986089320655,0.0202986089320655,0.0202986089320656,0.07,0.0202986089320655,0.0210514238904591,0.0202986089320656,0.0281721024562635,0.0299824355687984,0.0202986089320655,-0.0642116886204217
CM,2050,0.0291000987479985,0.0314442577169944,0.0186322344024267,0.0186322344024267,0.0186322344024267,0.07,0.0186322344024267,0.0193838198465767,0.0186322344024267,0.0264928687607364,0.0299824355687984,0.0186322344024267,0.0666551182447188
CA,2025,-0.0222048840252608,0.0157210384700439,0.062790787204507,-0.0085987122929248,-0.039236633910766,0.0362508636197707,0.0413753510314129,0.0532122112580653,0.0186625517384653,-0.0326986622208195,0.07,0.0567787802346492,0.0273629310790315
CA,2030,0.0074229040512564,0.0086262909396405,0.0630734264453328,0.0075955441529708,0.0071352705900071,0.0350670944263912,0.0448086131587326,0.0299326227962485,0.0181072125536179,-0.0055855846847203,0.0208829427420491,0.0455034266960061,0.0093053992558196
CA,2035,0.0072307845024904,0.0069641227652074,0.0615553918256799,0.0060574737529825,0.0060866364554752,0.0333590737940133,0.0430845175152998,0.0282490777721023,0.0166881499790768,-0.0055855846847203,0.0200385680858605,0.0437781845028821,0.0023509813448031
CA,2040,0.0063842597452609,0.0057878753653501,0.0603137159895007,0.0049235229142659,0.004909841089723,0.0321503785135721,0.0418644466170077,0.0270585482049597,0.0154989542776753,-0.0055855846847203,0.0190382752514974,0.0425573022389813,0.0177258057917904
CA,2045,0.0055621825724949,0.0049672411985123,0.0594474305454535,0.0041025002761409,0.0040888210889553,0.0313071027589625,0.0410132343850389,0.026227946203477,0.0146692828801728,-0.0055855846847203,0.0174009570167799,0.0417055239379981,0.0170388255185639
CA,2050,0.0049556841663692,0.0043618115876998,0.0588083044636943,0.0034969738116304,0.0034830908417917,0.0306849527129354,0.0403852289830064,0.0256151465698722,0.0140571698254318,-0.0055855846847203,0.0155632128153992,0.0410771009028703,0.0168684797929182
KY,2025,0.0283711231529178,0.0025125201168347,0.0347173301441768,0.0259883053158111,0.0315907957632152,0.0209402657664057,0.0209402657664057,0.0292039173865372,0.0235773902406239,0.0477743963135109,0.0209402657664057,0.0209402657664057,-0.017162771301914
KY,2030,0.0180064221926257,0.0162539735887968,0.024146728502763,0.0180064221926257,0.0180064221926257,0.0180064221926257,0.0180064221926257,0.0180064221926257,0.0180064221926257,0.0238075846770937,0.0267755780896045,0.0180064221926257,0.0180064221926257
KY,2035,0.0142237214661282,0.0142237214661282,0.0208456812688086,0.0142237214661282,0.0142237214661282,0.0142237214661282,0.0142237214661282,0.0142237214661282,0.0142237214661282,0.0206313302159219,0.0267755780896045,0.0142237214661282,0.0167488597189444
KY,2040,0.0132891987448616,0.0132789864898603,0.0199853561755949,0.0132789864898603,0.0132789864898603,0.0132789864898603,0.0132789864898603,0.0132789864898603,0.0132789864898603,0.0200325674439056,0.0267755780896045,0.0132789864898603,0.0132789864898603
KY,2045,0.0105174183765114,0.0104189163996395,0.0172111370802818,0.0104388052162039,0.0104189163996395,0.0104189163996395,0.0104189163996395,0.0104189163996395,0.0104189163996395,0.0174553687291767,0.0267755780896045,0.0104189163996395,0.0110416705279915
KY,2050,0.0100972336294025,0.0099029224033455,0.0168006829264112,0.0100951903883784,0.0099029224033455,0.0099029224033455,0.0099029224033453,0.0099029224033455,0.0099029224033455,0.0172933058811266,0.0267755780896045,0.0099029224033454,0.0124887037848732
CF,2025,0.0198161923874014,0.0699250714855157,0.0261623993786603,0.0174333745502947,0.0230358649976987,0.0123853350008893,0.0123853350008893,0.0206489866210209,0.0150224594751075,0.0392194655479945,0.0123853350008893,0.0123853350008893,0.0699250714855157
CF,2030,0.0165190547499957,0.0625086180597459,0.022659361060133,0.0165190547499957,0.0165190547499957,0.0165190547499957,0.0165190547499957,0.0165190547499957,0.0165190547499957,0.0223202172344638,0.0165190547499957,0.0165190547499957,-0.0143107807939678
CF,2035,0.0165190547499957,0.0607332413173774,0.023141014552676,0.0165190547499957,0.0165190547499957,0.0165190547499957,0.0165190547499957,0.0165190547499957,0.0165190547499957,0.0229266634997893,0.0165190547499957,0.0165190547499957,0.0699380107624443
CF,2040,0.016529267004997,0.0583353322980015,0.0232254244357302,0.0165190547499957,0.0165190547499957,0.0165190547499957,0.0165190547499957,0.0165190547499957,0.0165190547499957,0.023272635704041,0.0165190547499957,0.0165190547499957,-0.0143159555879524
CF,2045,0.0166175567268676,0.0563965047343276,0.023311275430638,0.0165389435665601,0.0165190547499957,0.0165190547499957,0.0165190547499957,0.0165190547499957,0.0165190547499957,0.0235555070795329,0.0165190547499957,0.0165190547499957,0.0699326332925887
CF,2050,0.0167133659760528,0.0554073119698748,0.0234168152730615,0.0167113227350287,0.0165190547499957,0.0165190547499957,0.0165190547499957,0.0165190547499957,0.0165190547499957,0.0239094382277768,0.0165190547499957,0.0165190547499957,-0.0127634816407266
TD,2025,0.0408051965175858,0.0118485151696198,0.0460068154447133,0.0384223786804791,0.0440248691278832,0.0333743391310737,0.0333743391310739,0.0416379907512053,0.036011463605292,0.0578932469515267,0.0333743391310739,0.0333743391310737,0.0144574521911482
TD,2030,0.0285950908936021,0.029261146904846,0.0347353972037394,0.0285950908936021,0.0285950908936021,0.0285950908936021,0.0285950908936021,0.0285950908936021,0.0285950908936021,0.0343962533780701,0.0348526276634835,0.0285950908936021,0.0216705993870747
TD,2035,0.0275970164029715,0.0282624261215002,0.0342189762056518,0.0275970164029715,0.0275970164029715,0.0275970164029715,0.0275970164029715,0.0275970164029715,0.0275970164029715,0.0340046251527651,0.0348526276634835,0.0275970164029715,0.0217265844036554
TD,2040,0.0250798470300918,0.0257334079140352,0.031776004460825,0.0250696347750905,0.0250696347750905,0.0250696347750905,0.0250696347750905,0.0250696347750905,0.0250696347750905,0.0318232157291358,0.0348526276634835,0.0250696347750905,0.0194985703064925
TD,2045,0.0229049925151966,0.0234687982018489,0.0295987112189668,0.0228263793548888,0.0228064905383246,0.0228064905383245,0.0228064905383245,0.0228064905383245,0.0228064905383245,0.0298429428678616,0.0348526276634835,0.0228064905383245,0.0181524373702173
TD,2050,0.021366153937867,0.0218330918762021,0.0280696032348757,0.0213641106968428,0.0211718427118098,0.0211718427118099,0.0211718427118099,0.0211718427118098,0.0211718427118099,0.028562226189591,0.0348526276634835,0.0211718427118099,0.0180458227015334
CL,2025,0.0692502147003997,0.0213377093256367,-0.0451586259309825,-0.0405308007313534,0.0216807055773381,0.0207923057457638,0.0110301755805286,0.0038831706399808,0.0351318302147775,0.0378643061276338,0.0110301755805286,0.0110301755805286,0.0044576706649992
CL,2030,0.0038859069516292,0.019562909161239,0.0144082773513358,0.0187651443481111,0.0038859069516292,0.0170308001481381,0.0038859069516292,0.0193231500358816,0.0368954664807098,0.0096870694360973,0.014067682860171,0.0038859069516292,0.0587072574551167
CL,2035,0.0023352538885699,0.0180243464232646,0.0128599156370824,0.017201109229997,0.0023352538885699,0.0154632580008915,0.0023352538885699,0.0177491670499568,0.0355273608499244,0.0087428626383635,0.014067682860171,0.0023352538885699,0.0542991250294407
CL,2040,0.0009765643617425,0.0166762504962952,0.0115014146182611,0.01583069428342,0.0009765643617425,0.0140897701788496,0.0009765643617425,0.0163700357346895,0.0341262762924988,0.0077301453157878,0.014067682860171,0.0009765643617425,0.0483461697982461
CL,2045,-0.0002825354594666,0.0154269739439337,0.0102486073657292,0.0145608807092067,-0.0002825354594666,0.0128169567531037,-0.0002825354594666,0.0150919924744813,0.0328278889266429,0.0067539168700705,0.014067682860171,-0.0002825354594666,-0.0167100932171352
CL,2050,-0.001633723913794,0.0140863530246036,0.0089080781299765,0.0131985726084838,-0.001633723913794,0.0114510517022006,-0.001633723913794,0.0137204750870309,0.0314345394968064,0.005756659563987,0.014067682860171,-0.001633723913794,0.0524263687830439
CN,2025,0.059123912367501,0.0569489885510832,-0.0085651463906016,0.0512810755827088,-0.0430612455662254,0.0005228548477021,0.0028267168728812,0.0082204244969221,-0.054076841508293,-0.0406435608558132,0.0028267168728812,0.0028267168728812,0.0519572966207827
CN,2030,0.0561109578816415,0.0537720813026655,-0.0076387479964382,0.0407428338605442,-0.0113315362899104,-0.0024743121497237,-0.0024743121497237,-0.0026706388815227,-0.032179186896645,-0.018117509717615,0.0064156753084698,-0.0024743121497237,-0.002247904458878
CN,2035,0.055068602705539,0.0533200742252717,-0.0076198598960353,0.0398476082171048,-0.0121628144967073,-0.0034619110440102,-0.0034619110440102,-0.0036517710773818,-0.0326770493643504,-0.0178679659958024,0.0064156753084698,-0.0034619110440102,0.0392181811279409
CN,2040,0.0540731000925361,0.0528740015639216,-0.0076054196169697,0.0389926165732634,-0.0129567326845154,-0.0044051244207381,-0.0044051244207381,-0.0045888083875958,-0.0328938481231667,-0.0175254316123623,0.003190117856082,-0.0044051244207382,0.0378355323812852
CN,2045,0.0530151058089945,0.0523907320856199,-0.0075665450137276,0.0380839188290085,-0.0138005254243803,-0.0054075911882822,-0.0054075911882822,-0.0055847111033708,-0.0331242663469966,-0.0173734228857545,-0.0005148051293965,-0.0054075911882822,0.0374992119125367
CN,2050,0.051419299390773,0.0516618240915109,-0.0075089397443183,0.0367132701964422,-0.0150732269243644,-0.0069196223998116,-0.0069196223998116,-0.0070868416863003,-0.0334718085872141,-0.016970284830318,-0.0054481066516471,-0.0069196223998116,0.0373276138922499
HK,2025,0.0092403228862434,-0.0034608462899794,0.0155865298775024,0.0068575050491367,0.0124599954965408,0.0018094654997313,0.0018094654997313,0.0100731171198629,0.0044465899739496,0.0286435960468365,0.0018094654997313,0.0018094654997313,0.0613022317542607
HK,2030,-0.0034028283580259,-0.000920115600338,0.0027374779521114,-0.0034028283580259,-0.0034028283580259,-0.0034028283580259,-0.0034028283580259,-0.0034028283580259,-0.0034028283580259,0.002398334126442,0.0072067874569531,-0.0034028283580259,-0.0594768702383263
HK,2035,-0.005224830234386,-0.0027466564292777,0.0013971295682942,-0.005224830234386,-0.0052248302343861,-0.005224830234386,-0.005224830234386,-0.0052248302343861,-0.0052248302343861,0.0011827785154075,0.0072067874569531,-0.005224830234386,0.0633961213811689
HK,2040,-0.0067723058888176,-0.0043082248350186,-7.614845808438595e-05,-0.0067825181438189,-0.0067825181438188,-0.0067825181438189,-0.0067825181438189,-0.0067825181438189,-0.0067825181438188,-2.8937189773587182e-05,0.0072067874569531,-0.0067825181438189,-0.0598933267637429
HK,2045,-0.0092464290663003,-0.0068770211913762,-0.0025527103625299,-0.0093250422266079,-0.0093449310431723,-0.0093449310431722,-0.0093449310431722,-0.0093449310431723,-0.0093449310431723,-0.0023084787136351,0.0072067874569531,-0.0093449310431723,-0.006329453482499
HK,2050,-0.0124270403356703,-0.0101616038954688,-0.0057235910386616,-0.0124290835766945,-0.0126213515617275,-0.0126213515617275,-0.0126213515617275,-0.0126213515617275,-0.0126213515617275,-0.0052309680839463,0.0072067874569531,-0.0126213515617275,0.0624846976211828
MO,2025,0.0251622958046868,-0.0017479305717824,0.0315085027959459,0.0227794779675802,0.0283819684149843,0.0177314384181748,0.0177314384181748,0.0259950900383063,0.020368562892393,0.04456556896528,0.0177314384181748,0.0177314384181748,0.0203519992974046
MO,2030,0.0011055858963944,0.0232385502865379,0.0072458922065317,0.0011055858963944,0.0011055858963944,0.0011055858963944,0.0011055858963944,0.0011055858963944,0.0011055858963944,0.0069067483808624,0.0200936599409559,0.0011055858963944,-0.0163673886207402
MO,2035,-0.0002756339999914,0.0223010599897055,0.0063463258026888,-0.0002756339999915,-0.0002756339999915,-0.0002756339999914,-0.0002756339999915,-0.0002756339999915,-0.0002756339999915,0.0061319747498021,0.0200936599409559,-0.0002756339999915,0.0194658183315011
MO,2040,-0.004724057824305,0.0192748017723125,0.0019720996064281,-0.0047342700793063,-0.0047342700793063,-0.0047342700793063,-0.0047342700793063,-0.0047342700793063,-0.0047342700793063,0.0020193108747389,0.0167499902389998,-0.0047342700793063,0.0146302272630376
MO,2045,-0.0050387561649763,0.0190012773325323,0.001654962538794,-0.0051173693252839,-0.0051372581418482,-0.0051372581418482,-0.0051372581418482,-0.0051372581418482,-0.0051372581418482,0.0018991941876888,0.0158956629273268,-0.0051372581418482,0.0147236433492223
MO,2050,-0.0053746166080892,0.0187082855004388,0.0013288326889195,-0.0053766598491133,-0.0055689278341463,-0.0055689278341463,-0.0055689278341463,-0.0055689278341463,-0.0055689278341463,0.0018214556436347,0.0147174440410851,-0.0055689278341463,0.0156315583481075
CO,2025,-0.0699676052227264,-0.036619567024422,0.0067769773616175,-0.0214718563000334,-0.0675747977803922,-0.0054577701820182,0.07,0.0461150799978395,0.020406776257409,-0.0537402511807713,-0.07,-0.0235282304838399,0.0050803088273839
CO,2030,0.0087836193978755,0.0097847786255609,0.0121663043714344,0.0070296790343977,-0.0091962556079484,0.0109154508286388,0.07,0.0365669732129217,0.0055234810866923,-0.0001294457933937,-0.045681317960493,0.0087683763538186,0.0112112912497766
CO,2035,0.0063124478371598,0.0064854500778394,0.0098317522551537,0.004834434412349,-0.0097563734729257,0.0085284302598703,0.07,0.0340254865112874,0.0034955879283611,-0.0018931239818448,-0.045681317960493,0.0062946138024853,0.004394740521564
CO,2040,0.0041255386371889,0.0043079259853905,0.0077641468603335,0.0027349815321711,-0.0102520611397968,0.0064159879856817,0.07,0.0317763462993995,0.0017009627411107,-0.0034541262284247,-0.045681317960493,0.0041054074512232,0.0044330402263949
CO,2045,0.0022721395262607,0.002462327074568,0.006011837545014,0.0009556959649183,-0.0106721624049461,0.004625667727074,0.07,0.029870172892915,0.0001799962898139,-0.0047770889418927,-0.045681317960493,0.0022500287131497,0.0027947858429741
CO,2050,0.0008068786385009,0.0010032222160293,0.004626523718091,-0.0004502595090176,-0.011004288628831,0.0032102654030064,0.07,0.0283631786796495,-0.0010224586562461,-0.0058229098032039,-0.045681317960493,0.0007831920590546,0.001822519588653
KM,2025,0.0273668082618827,0.0108879293460439,0.0337130152531417,0.024983990424776,0.0305864808721801,0.0199359508753707,0.0199359508753707,0.0281996024955022,0.0225730753495889,0.0467700814224758,0.0199359508753707,0.0199359508753707,0.0108879293460439
KM,2030,0.0178645001987924,0.0178645001987924,0.0240048065089298,0.0178645001987924,0.0178645001987924,0.0178645001987924,0.0178645001987924,0.0178645001987924,0.0178645001987924,0.0236656626832605,0.0211710541993944,0.0178645001987924,0.0113220565744822
KM,2035,0.0167906197749621,0.0167906197749621,0.0234125795776424,0.0167906197749621,0.0167906197749621,0.0167906197749621,0.0167906197749621,0.0167906197749621,0.0167906197749621,0.0231982285247557,0.0211710541993944,0.0167906197749621,0.0102550786432047
KM,2040,0.016042232559961,0.0160320203049597,0.0227383899906942,0.0160320203049597,0.0160320203049597,0.0160320203049597,0.0160320203049597,0.0160320203049597,0.0160320203049597,0.022785601259005,0.0211710541993944,0.0160320203049597,0.0095013551603939
KM,2045,0.0151077972923977,0.0150092953155258,0.0218015159961682,0.0150291841320902,0.0150092953155258,0.0150092953155258,0.0150092953155258,0.0150092953155258,0.0150092953155258,0.022045747645063,0.0211710541993944,0.0150092953155258,0.0084852038559499
KM,2050,0.0141554401181533,0.0139611288920962,0.020858889415162,0.0141533968771291,0.0139611288920962,0.0139611288920962,0.0139611288920962,0.0139611288920962,0.0139611288920962,0.0213515123698773,0.0211710541993944,0.0139611288920962,0.007443774645315
CG,2025,0.0318475896154193,0.0335924144872478,-0.0201639366209296,0.0294647717783126,0.0350672622257167,0.0244167322289072,0.0244167322289072,0.0326803838490388,0.0270538567031255,0.0511750417749018,0.0244167322289072,0.0386095485594231,0.0365200228533473
CG,2030,0.0235520538981546,0.0273121241736817,0.0603442096280647,0.0235520538981546,0.0235520538981546,0.0235520538981546,0.0235520538981546,0.0235520538981546,0.0235520538981546,0.0293532163826226,0.026553022390054,0.0348810921254794,-0.0251704341305842
CG,2035,0.023130507934344,0.0270000382454716,0.0243173661085601,0.023130507934344,0.023130507934344,0.023130507934344,0.023130507934344,0.023130507934344,0.0231305079343441,0.0295381166841377,0.026553022390054,0.0344548803409903,-0.0155150693712702
CG,2040,0.0218115546085398,0.0260160082472226,0.0230740033478235,0.0218013423535385,0.0218013423535385,0.0218013423535385,0.0218013423535385,0.0218013423535385,0.0218013423535385,0.0285549233075839,0.026553022390054,0.0331110030827297,-0.0456536606315408
CG,2045,0.0205156602249706,0.0249912460185566,0.0217728185378373,0.0204370470646631,0.0204171582480987,0.0204171582480987,0.0204171582480987,0.0204171582480987,0.0204171582480987,0.0274536105776359,0.026553022390054,0.0317114983352333,0.0190670851448392
CG,2050,0.0188683991858664,0.0237007871942361,0.0201300147721987,0.0188663559448422,0.0186740879598092,0.0186740879598092,0.0186740879598092,0.0186740879598092,0.0186740879598092,0.0260644714375903,0.026553022390054,0.0299491351249534,0.0204528661904022
CK,2025,-0.0165465081654432,-0.0173751041841208,-0.0102003011741842,-0.0189293260025499,-0.0133268355551458,-0.0239773655519552,-0.0239773655519552,-0.0157137139318237,-0.021340241077737,0.0028567649951499,-0.0239773655519552,-0.0239773655519552,-0.0205920282955467
CK,2030,-0.0158810858664757,-0.0158810858664757,-0.0097407795563383,-0.0158810858664757,-0.0158810858664757,-0.0158810858664757,-0.0158810858664757,-0.0158810858664757,-0.0158810858664757,-0.0100799233820077,0.0,-0.0158810858664757,-0.0116488183362516
CK,2035,-0.0172517303438539,-0.0172517303438539,-0.0106297705411735,-0.0172517303438539,-0.0172517303438539,-0.0172517303438539,-0.0172517303438539,-0.0172517303438539,-0.0172517303438539,-0.0108441215940603,0.0,-0.0172517303438539,-0.0116159885204528
CK,2040,-0.0188712920187343,-0.0188815042737356,-0.0121751345880011,-0.0188815042737356,-0.0188815042737356,-0.0188815042737356,-0.0188815042737356,-0.0188815042737356,-0.0188815042737356,-0.0121279233196903,0.0,-0.0188815042737356,-0.0130336077144346
CK,2045,9.85019768719234e-05,7.760195616967393e-06,0.0067922206806423,1.9888816564363516e-05,0.0,0.0,0.0,0.0,0.0,0.0070364523295371,0.0,0.0,0.0063710260285295
CK,2050,-0.020657326412966,-0.0208030511225171,-0.0139538771159573,-0.0206593696539902,-0.0208516376390232,-0.0208516376390232,-0.0208516376390232,-0.0208516376390232,-0.0208516376390232,-0.013461254161242,-0.0008770327057556,-0.0208516376390232,-0.0141872974807005
CR,2025,-0.0671847891735502,0.0009520087933028,-0.0540542601630298,0.0126657235574564,0.0182682140048605,-0.07,0.007617684008051,0.0524453321088449,-0.0498734874034009,-0.0287349836934389,0.007617684008051,-0.07,0.0186696280442064
CR,2030,0.0022008183523806,0.0082455377021726,0.0034478111418191,0.0038979261796503,0.0038979261796503,0.0038979261796503,0.0038979261796503,0.0306222246385903,0.0136905468804671,0.0118308325035591,0.0110939615341548,0.0038979261796503,-0.0068707915975455
CR,2035,0.0012518042216988,0.0060974962709358,0.0058073002551558,0.0028824386947206,0.0028824386947206,0.0147908976825816,0.0028824386947206,0.0296310579548675,0.0109656577699075,0.017878136042636,0.0110939615341548,0.0604265221996206,-0.0063104954847889
CR,2040,0.0002417840187424,0.0050420543418752,0.0032735971570108,0.0017983706192299,0.0017983706192299,0.0097816467711734,0.0017983706192299,0.0285729531773493,0.0100121480695454,0.0140051252604263,0.0110939615341548,0.0539515467937115,-0.0079804444238431
CR,2045,-0.0008903940660315,0.0038347811793497,0.002214417756754,0.0005782364566147,0.0005583476400503,0.0085265623411508,0.0005583476400503,0.0273626285970333,0.0089214656981597,0.0130612075134563,0.0110939615341548,0.0107656736616574,-0.0084658059284667
CR,2050,-0.0021833686410063,0.0024576487390145,0.0010096222326414,-0.0006638976542364,-0.0008561656392694,0.0054981503714951,-0.0008561656392693,0.025981992737949,0.0076773075464569,0.0120597580401415,0.0110939615341548,-0.0008561656392693,-0.0084363983531614
HR,2025,-0.0649676375252828,0.0088821486499234,0.0080128394261162,0.0260189179216947,0.0281180959864604,-0.0241780981196196,0.07,0.0396880473496045,0.0644365114577704,-0.0165401065857096,-0.0082331603502249,0.0436949137766323,0.0314559581350531
HR,2030,-0.0049561501932223,0.0095833228499114,0.0007781134979394,0.0352251275032508,0.0313367657377599,-0.0008655759213517,0.07,0.0291524216553304,0.0450360560029629,-0.0145294293135739,-0.0049260692158533,0.0378813073615969,0.0132885368594571
HR,2035,-0.0049516637698045,0.0095872700893402,0.000788266471532,0.035229761862033,0.0313414157975721,-0.0008614237047035,0.07,0.0291570534175156,0.0450407678297182,-0.0145266056707355,-0.0036215885664527,0.0378859869292394,0.0247525045783663
HR,2040,-0.0051669302894203,0.0093978735448226,0.00057298885841,0.0350073959389023,0.0311182965072024,-0.0010606554714769,0.07,0.0289348120843648,0.0448146848362943,-0.0145794555265787,-0.0034037571960058,0.0376614517934045,0.0225437523714982
HR,2045,-0.0056913804175874,0.0089364436285708,4.708455184974543e-05,0.034465645197025,0.0305747073106218,-0.0015460471014626,0.07,0.0283933618693957,0.0442638751212212,-0.0147102192521767,-0.0045497957058213,0.0371144131492317,0.0221657806503866
HR,2050,-0.006265653813383,0.0084311775126906,-0.000528675377817,0.0338725268026522,0.0299794767191122,-0.0020775513124505,0.07,0.0278004734644082,0.0436607380563667,-0.0148530708149766,-0.0054269256137077,0.0365154054099355,0.0219940970115026
CU,2025,0.004768059412408,-0.0629482947515857,-0.0477591582900552,0.0351094323187908,0.0079877320227053,0.0309527484637768,-0.002662797974104,0.0056008536460274,-2.5673499885819516e-05,0.0241713325730011,-0.002662797974104,-0.002662797974104,-0.0638507684602052
CU,2030,-0.0042888437124434,-0.0014111102132542,-0.0003611034152371,0.0259942880216539,-0.0042888437124434,-0.0042888437124434,-0.0042888437124434,-0.0042888437124434,-0.0042888437124434,0.0015123187720246,-0.0004841967645125,-0.0042888437124434,-0.0021309999184858
CU,2035,-0.0050098569796163,-0.0033465457560006,0.0017889986821649,0.0252513461664423,-0.0050098569796163,-0.0050098569796163,-0.0050098569796163,-0.0050098569796163,-0.0050098569796163,0.0013977517701773,-0.0004841967645125,-0.0050098569796163,-0.0472307466396234
CU,2040,-0.0058124592073002,-0.0060094756309825,0.001467701216167,0.0244138110929521,-0.0058226714623015,-0.0058226714623014,-0.0058226714623015,-0.0058226714623014,-0.0058226714623014,0.0009309094917438,-0.0004841967645125,-0.0058226714623014,-0.0557689799629259
CU,2045,-0.0068281743863624,-0.0069608378435377,0.000839153486173,0.0232762294608168,-0.0069266763632344,-0.0069266763632344,-0.0069266763632342,-0.0069266763632344,-0.0069266763632344,0.0001097759663027,-0.0004841967645125,-0.0069266763632344,-0.0569793816759028
CU,2050,-0.0078635720082968,-0.0079352641019014,0.00028231820386,0.0221106185494488,-0.0080578832343539,-0.0080578832343539,-0.0080578832343539,-0.0080578832343539,-0.0080578832343539,-0.0006674997565728,-0.0004841967645125,-0.0080578832343539,-0.0527248606318303
CW,2025,0.0230324592476744,0.0071865169306043,0.0293786662389333,0.0206496414105677,0.0262521318579718,0.0156016018611623,0.0156016018611624,0.0238652534812938,0.0182387263353804,0.0424357324082675,0.0156016018611624,0.0156016018611622,0.0062709334893551
CW,2030,-0.0010775887108253,-0.0036985548943675,0.005062717599312,-0.0010775887108253,-0.0010775887108253,-0.0010775887108253,-0.0010775887108253,-0.0010775887108253,-0.0010775887108253,0.0047235737736427,0.0219346979287593,-0.0010775887108253,-0.0108722680783129
CW,2035,-0.0021715731632921,-0.0043716533891665,0.0044503866393881,-0.0021715731632922,-0.0021715731632922,-0.0021715731632922,-0.0021715731632921,-0.0021715731632922,-0.0021715731632921,0.0042360355865013,0.0194579470635758,-0.0021715731632921,-0.0106394656969376
CW,2040,-0.0021851986126926,-0.0043863200719663,0.0045109588180406,-0.0021954108676939,-0.0021954108676939,-0.0021954108676939,-0.0021954108676939,-0.0021954108676939,-0.0021954108676939,0.0045581700863514,0.0193436544243736,-0.0021954108676939,-0.0069828970968159
CW,2045,-0.003238613628754,-0.0050887795437386,0.0034551050750163,-0.0033172267890616,-0.0033371156056259,-0.0033371156056259,-0.0033371156056259,-0.0033371156056259,-0.0033371156056259,0.0036993367239111,0.0177338632320074,-0.0033371156056259,-0.0114031014509703
CW,2050,-0.0043410231581526,-0.0058260105477863,0.002362426138856,-0.0043430663991768,-0.0045353343842098,-0.0045353343842098,-0.0045353343842097,-0.0045353343842097,-0.0045353343842097,0.0028550490935713,0.0157721227745371,-0.0045353343842097,-0.0119526895575466
CY,2025,0.0291999588919816,0.0313419455777088,0.0253931872057877,0.052088282829628,0.0299976143934039,0.0290631956053791,0.012544213947961,0.0355182693593415,-0.0194186287478416,0.0041452242129596,0.012544213947961,0.0307805730586876,0.0304625037694894
CY,2030,0.0318994164585388,0.0227863227417008,0.0117070743401192,0.0358458150086571,0.007647695268516,0.0192562075842697,0.007647695268516,0.0368698256297982,-0.0018336273674104,-0.0079544978360296,0.0155652079329466,0.0190602723326887,-0.042529846025951
CY,2035,0.0295331825576051,0.0205327543704019,0.0095525821105793,0.033435625133225,0.0053031163379939,0.0173481333428273,0.0053031163379939,0.0351398669197956,-0.001964920028843,-0.0079544978360296,0.0155652079329466,0.0166891387959753,-0.0375979959282295
CY,2040,0.0278974372853185,0.0189741649217076,0.0079875390851454,0.0317687147536509,0.0036815831157133,0.0160284909401773,0.0036815831157133,0.0339434109229745,-0.0020557232897541,-0.0079544978360296,0.0155652079329466,0.0150492401539665,-0.0394302609791916
CY,2045,0.0263568421443079,0.0175006267710265,0.0065084395451406,0.0301928163315255,0.0027704626064225,0.0147808606375402,0.0021485359956847,0.0329206677252078,-0.0021415714707941,-0.0079544978360296,0.0155652079329466,0.0134988298042275,0.0127983656731286
CY,2050,0.0254046277632396,0.0165869180197211,0.0056053097822586,0.0292172922650035,0.0018285669289001,0.0140072323976562,0.0011979270351456,0.0322007810426846,-0.0021948040486298,-0.0079544978360296,0.0143642332085531,0.0125374542850282,0.013344237473606
CZ,2025,0.0475214399990444,0.003697453769572,-0.0103029823691993,-0.0217907960089706,-0.0006560129702504,-0.0286482140727879,0.0478397316217475,-0.0063441092722268,0.011867599953907,0.0593902708506869,0.0420926113468891,-0.017631828713116,-0.0058275901011595
CZ,2030,0.0169438485880181,-0.0022954421981172,-0.0007917300800604,-0.004362420250658,0.0008108789564517,-0.0044573122351056,0.0202988552983205,-0.0028690628785049,0.0077939343889306,0.0553086995134984,0.0183972957838978,0.0009759230847925,0.011598890102356
CZ,2035,0.0184660218935128,-0.0008071851809124,0.0007038049624474,-0.0028721384146,0.0023087980377552,-0.0029688489462491,0.0218260504166332,-0.0013920409699892,0.0093024089265709,0.0568882977712449,0.0185652691917979,0.0024741954148509,-0.0047488791354593
CZ,2040,0.0183776823417265,-0.0008935789525294,0.000617099946455,-0.0029586319194155,0.0022218612797963,-0.0030552369055783,0.0217374145256734,-0.0014777648904356,0.0092148593693576,0.0567966204883261,0.0183870623365705,0.0023872381549157,-0.0052665477614773
CZ,2045,0.018674142657751,-0.0006037041206927,0.0009083619375549,-0.0026684241425903,0.0025135562840104,-0.0027653832607888,0.0220348105546261,-0.0011901392655227,0.009508610471421,0.0571042211632898,0.0182398216339447,0.0026790019484912,-0.004866019723459
CZ,2050,0.018715183587547,-0.0005636053010431,0.0009487626026394,-0.0026282879095456,0.0025538982031526,-0.0027252960048117,0.0220759409352631,-0.0011503601485141,0.0095492367524207,0.0571467628639641,0.0175413240633708,0.00271935338132,-0.004486072122036
CI,2025,0.0667985558909055,0.0370676783621693,-0.0387480896846379,0.07,0.0376242595496932,-0.0644941273088977,0.0269737295528837,-0.07,0.029610854027102,-0.0289330877467869,0.0269737295528837,-0.07,0.0425442798147221
CI,2030,0.0689350570373441,0.027632617560772,0.0234270734658064,0.062729082285587,0.02342976179147,0.02342976179147,0.02342976179147,0.02342976179147,0.02342976179147,0.02342976179147,0.0280024711842137,0.02342976179147,0.0168752453718219
CI,2035,0.0689162849722686,0.0268125161895823,0.0226135594114098,0.0618766523641058,0.0226088544068623,0.0226088544068623,0.0226088544068623,0.0226088544068623,0.0226088544068623,0.0226088544068623,0.0280024711842137,0.0226088544068623,0.0244384905276885
CI,2040,0.0689037367608548,0.0262643183570549,0.0220669059214545,0.0613068444699189,0.0220601177936134,0.0220601177936135,0.0220601177936135,0.0220601177936135,0.0220601177936135,0.0220601177936135,0.0280024711842137,0.0220601177936135,0.0234971404267861
CI,2045,0.0688794924396819,0.0252051487367953,0.0210097705237508,0.0602059221840269,0.0209999071984745,0.0209999071984745,0.0209999071984745,0.0209999071984745,0.0209999071984745,0.0209999071984745,0.0280024711842137,0.0209999071984745,0.0225475246836084
CI,2050,0.068839739099579,0.0234644585005123,0.0192759778250122,0.058400743241471,0.0192614830921182,0.0192614830921182,0.0192614830921182,0.0192614830921182,0.0192614830921182,0.0192614830921182,0.0280024711842137,0.0192614830921182,0.0211337937974827
CD,2025,0.07,0.0377020921289314,0.07,0.07,0.0445339707998456,0.07,0.0338834408030361,0.0688273463487915,0.0365205652772544,0.07,0.0338834408030361,0.0338834408030361,-0.0369989056910571
CD,2030,0.0313851309382071,0.0565698417214868,0.0313851309382071,0.0313851309382071,0.0313851309382071,0.07,0.0313851309382071,0.0305359191955433,0.0313851309382071,0.0313851309382071,0.035088956063314,0.0313851309382071,0.0094330342572447
CD,2035,0.0290064493337618,0.054133307117946,0.0290064493337618,0.0290064493337618,0.0290064493337618,0.07,0.0290064493337618,0.0281771616601588,0.0290064493337618,0.0290064493337618,0.035088956063314,0.0290064493337618,0.0039033722725139
CD,2040,0.0265498232438936,0.0516169323056386,0.0265498232438938,0.0265498232438936,0.0265498232438937,0.0692319173660465,0.0265498232438938,0.0257411125099616,0.0265498232438938,0.0265498232438936,0.035088956063314,0.0265498232438936,0.0004212957330923
CD,2045,0.0247302987737152,0.0497531543517947,0.0247302987737152,0.0247302987737152,0.0247302987737152,0.0673367403430786,0.0247302987737152,0.0239368285541647,0.0247302987737152,0.0247302987737152,0.035088956063314,0.0247302987737152,-0.0003808657253155
CD,2050,0.023091101364502,0.048074089275528,0.023091101364502,0.023091101364502,0.023091101364502,0.0656293880557286,0.023091101364502,0.0223113612222871,0.023091101364502,0.023091101364502,0.035088956063314,0.023091101364502,-5.70918112236047e-05
DK,2025,-0.0142473915895617,-6.930840434885919e-05,-0.0079440745735429,-0.0029813088686263,-0.0129346864457191,0.0295461468222402,0.0058844371870718,0.0280433061967246,-0.0521335019896399,0.0397468158867561,-0.07,0.0151319896727158,0.0130588133662174
DK,2030,0.0047058623475495,0.0041919850726795,0.0049162403179644,0.0032197240072061,-0.010093796481911,0.0211778450279522,0.0028546287253963,0.0149983264185395,-0.0342149996766669,0.0104721994646472,-0.0589181592755849,0.0028546287253963,0.0093876126708776
DK,2035,0.003162813939692,0.0026493622012253,0.0033801396607772,0.0016785176504182,-0.0101899972155754,0.0196463809482031,0.0013129866346348,0.0134384100090331,-0.0346379802966997,0.0089194098835644,-0.0589181592755849,0.0013129866346348,0.0024536535782326
DK,2040,0.0024042107676824,0.0018911046347504,0.002623552576769,0.0009209563545505,-0.0104892033826592,0.0188936083504781,0.0005552111590159,0.0126716520136316,-0.0348458912913745,0.0081561549942535,-0.0589181592755849,0.0005552111590159,0.0018355018289456
DK,2045,0.0018806925138621,0.0013681640221398,0.0021020759158616,0.0003985476807236,-0.0106955541837978,0.0183744505064744,3.260302563012907e-05,0.0121428489873678,-0.0349892793797112,0.0076213675967766,-0.0589181592755849,3.260302563012907e-05,-0.0255877967489543
DK,2050,0.001554446338177,0.0010417826371294,0.0017771714801056,7.26499342063275e-05,-0.0108243433018153,0.0180504300496981,-0.0002935708501007,0.0118128087113831,-0.0350787717651501,0.0073012355104998,-0.0589181592755849,-0.0002935708501007,-0.0253166314826039
DJ,2025,0.0229850928606234,0.0048734586537025,0.0293312998518824,0.0206022750235167,0.0262047654709208,0.0155542354741113,0.0155542354741113,0.0238178870942429,0.0181913599483296,0.0423883660212165,0.0155542354741113,0.0155542354741113,0.0038844029846443
DJ,2030,0.012916049680103,0.07,0.0190563559902404,0.012916049680103,0.012916049680103,0.012916049680103,0.012916049680103,0.012916049680103,0.012916049680103,0.0187172121645711,0.0184603957661855,0.012916049680103,-0.0584336205125281
DJ,2035,0.0113718693423139,0.07,0.0179938291449943,0.0113718693423139,0.0113718693423139,0.0113718693423139,0.0113718693423139,0.0113718693423139,0.0113718693423139,0.0177794780921075,0.0184603957661855,0.0113718693423139,0.07
DJ,2040,0.0104813841766772,0.07,0.0171775416074104,0.0104711719216759,0.0104711719216759,0.0104711719216759,0.0104711719216759,0.0104711719216759,0.0104711719216759,0.0172247528757212,0.0184603957661855,0.0104711719216759,0.07
DJ,2045,0.009773653438068,0.07,0.0164673721418384,0.0096950402777604,0.0096751514611961,0.0096751514611961,0.0096751514611961,0.0096751514611961,0.0096751514611961,0.0167116037907332,0.0184603957661855,0.0096751514611961,0.07
DJ,2050,0.0078421033081667,0.07,0.0145455526051754,0.0078400600671425,0.0076477920821096,0.0076477920821096,0.0076477920821096,0.0076477920821096,0.0076477920821096,0.0150381755598907,0.0184603957661855,0.0076477920821096,0.07
DM,2025,0.0019704918413839,0.0314352618983478,0.0083166988326429,-0.0004123259957227,0.0051901644516813,-0.005460365545128,-0.005460365545128,0.0028032860750034,-0.0028232410709098,0.0213737650019771,-0.005460365545128,-0.005460365545128,0.0308708169925304
DM,2030,-0.0061354326241468,0.0206054201925178,4.8736859905266815e-06,-0.0061354326241468,-0.0061354326241468,-0.0061354326241468,-0.0061354326241468,-0.0061354326241468,-0.0061354326241468,-0.0003342701396788,0.0036036619954462,-0.0061354326241468,-0.0073188917214232
DM,2035,0.0,0.026905932351799,0.0066219598026803,0.0,0.0,0.0,0.0,0.0,0.0,0.0064076087497936,0.0036036619954462,0.0,0.0027806399163977
DM,2040,1.0212255001306874e-05,0.026905932351799,0.0067063696857345,0.0,0.0,0.0,0.0,0.0,0.0,0.0067535809540453,0.0036036619954462,0.0,0.0005740542491516
DM,2045,9.85019768719234e-05,0.026905932351799,0.0067922206806423,1.9888816564363516e-05,0.0,0.0,0.0,0.0,0.0,0.0070364523295371,0.0036036619954462,0.0,0.0011568484419751
DM,2050,-0.0029504051562111,0.0236766044432839,0.0037530441407975,-0.0029524483972352,-0.0031447163822682,-0.0031447163822682,-0.0031447163822683,-0.0031447163822682,-0.0031447163822682,0.0042456670955128,0.0036036619954462,-0.0031447163822683,-0.0003378823300372
DO,2025,0.0253190464925873,0.0262866008987117,0.0285518576878854,0.0155783118355258,0.0211808022829299,0.0307755796494011,0.0105302722861204,0.0395888041458786,0.0487373106657393,-0.0440938152674901,0.0105302722861204,0.0105302722861204,0.0147758284834476
DO,2030,0.0131311839827279,0.0164650083542544,0.01486106522709,0.0073000451952116,0.0073000451952116,0.0342317140765317,0.0073000451952116,0.0472667367736919,0.0202664927724747,0.0082302186980038,0.0120896980988354,0.0073000451952116,0.0177448970094487
DO,2035,0.0117524729212719,0.0151524777277335,0.0135781842785487,0.0059292693899932,0.0059292693899932,0.0300632039728296,0.0059292693899932,0.0461859124404179,0.0188780716859884,0.0072946320668197,0.0120896980988354,0.0059292693899932,0.0025256038809469
DO,2040,0.0106006019394864,0.0140557779459056,0.0124476486371036,0.0047839021915889,0.0047839021915889,0.0288903574894689,0.0047839021915889,0.0452828174675883,0.0177179607736276,0.0064325156174277,0.0120896980988354,0.0047839021915889,0.0104693861815094
DO,2045,0.0096385099330338,0.0131388259073337,0.0115043882264313,0.0038461480826301,0.0038262592660657,0.0279097390999429,0.0038262592660658,0.0445277386483146,0.0167479906107031,0.0057005402649711,0.0120896980988354,0.0038262592660657,0.0057141547211243
DO,2050,0.008698648107433,0.0122429482131357,0.0105861818584096,0.0030828938701872,0.0028906258851542,0.0269516583010116,0.0028906258851542,0.0437900138349187,0.015800313309767,0.0048597420919371,0.0120896980988354,0.0028906258851544,0.0063442285371577
EC,2025,0.0203959738214429,0.0341511582436854,0.0267421808127019,0.0180131559843362,0.0236156464317403,0.0129651164349309,0.0129651164349309,0.0212287680550624,0.0156022409091491,0.0397992469820361,0.0129651164349309,0.0129651164349309,-0.0206499597539834
EC,2030,0.0084116231662789,0.0268005381355526,0.0145519294764163,0.0084116231662789,0.0084116231662789,0.008411623166279,0.0084116231662789,0.0084116231662789,0.0084116231662789,0.014212785650747,0.0157763503325188,0.0084116231662789,0.0052304133511632
EC,2035,0.0076740649538993,0.0260505167784036,0.0142960247565796,0.0076740649538993,0.0076740649538993,0.0076740649538993,0.0076740649538993,0.0076740649538993,0.0076740649538993,0.0140816737036929,0.0157763503325188,0.0076740649538993,0.0057874105322161
EC,2040,0.0064540961737845,0.0247995483341364,0.0131502536045177,0.0064438839187832,0.0064438839187832,0.0064438839187832,0.0064438839187832,0.0064438839187832,0.0064438839187832,0.0131974648728285,0.0157763503325188,0.0064438839187832,0.0028609871218618
EC,2045,0.0052377884628939,0.0234729060154292,0.0119315071666643,0.0051591753025863,0.005139286486022,0.005139286486022,0.005139286486022,0.005139286486022,0.005139286486022,0.0121757388155591,0.0157763503325188,0.005139286486022,0.0021167128564975
EC,2050,0.0039921893857947,0.0221088307784051,0.0106956386828034,0.0039901461447705,0.0037978781597376,0.0037978781597376,0.0037978781597376,0.0037978781597376,0.0037978781597376,0.0111882616375187,0.0157763503325188,0.0037978781597376,0.0022781196081277
EG,2025,0.0251959065250517,0.0114707400559679,0.0315421135163107,0.0660335345831435,0.0284155791353491,0.0177650491385397,0.0177650491385397,0.0525107312721617,0.0204021736127579,0.0445991796856449,0.0177650491385397,0.0177650491385397,1.3435343110363275e-06
EG,2030,0.0144819173473809,0.0146503056185466,0.0206222236575182,0.0584911241196636,0.0144819173473809,0.0144819173473809,0.0144819173473809,0.0546444599686946,0.0144819173473809,0.0202830798318489,0.0222107591268487,0.0144819173473809,-0.0315643836773133
EG,2035,0.0137723358154842,0.01394964243547,0.0203942956181645,0.0577866876805539,0.0137723358154842,0.0137723358154842,0.0137723358154842,0.0539067866610542,0.0137723358154842,0.0201799445652778,0.0222107591268487,0.0137723358154842,-0.0177308118276717
EG,2040,0.0131436252783491,0.0133187499204382,0.0198397827090823,0.0571523976429377,0.0131334130233478,0.0131334130233478,0.0131334130233478,0.0532425694172061,0.0131334130233478,0.0198869939773931,0.0222107591268487,0.0131334130233478,-0.0182167424418442
EG,2045,0.0119984148004746,0.012100752921603,0.018692133504245,0.0559278414090306,0.0118999128236026,0.0118999128236026,0.0118999128236028,0.0519602359129942,0.0118999128236026,0.0189363651531397,0.0222107591268487,0.0118999128236026,-0.0399974147317033
EG,2050,0.0101872325489941,0.0102148563339613,0.0168906818460028,0.0540346772809415,0.009992921322937,0.009992921322937,0.009992921322937,0.0499777481160277,0.009992921322937,0.0173833048007181,0.0222107591268487,0.009992921322937,-0.0412249777386063
SV,2025,0.0098396018841708,0.0113555041141632,0.0161858088754298,-0.068349802930639,0.0130592744944682,0.0024087444976588,0.0024087444976588,0.0106723961177903,0.005045868971877,0.029242875044764,0.0024087444976588,0.0024087444976588,0.0270311237230853
SV,2030,0.0037252454988788,0.0149429262010975,0.0098655518090162,0.0,0.0037252454988788,0.0037252454988788,0.0037252454988788,0.0037252454988788,0.0037252454988788,0.0095264079833469,0.0037252454988788,0.0037252454988788,-0.0286861511184119
SV,2035,0.0028863167505965,0.0141063517866616,0.0095082765532769,0.0,0.0028863167505965,0.0028863167505965,0.0028863167505965,0.0028863167505965,0.0028863167505965,0.0092939255003902,0.0037252454988788,0.0028863167505965,0.0623782919756522
SV,2040,0.0020113197698833,0.013326552671315,0.0087074772006166,0.0,0.0020011075148821,0.002001107514882,0.002001107514882,0.002001107514882,0.0020011075148821,0.0087546884689273,0.0037252454988788,0.0020011075148821,-0.030219395382132
SV,2045,0.001031058799383,0.012385244276649,0.0077247775031534,0.0,0.0009325568225111,0.0009325568225111,0.0009325568225111,0.0009325568225111,0.0009325568225111,0.0079690091520483,0.0037252454988788,0.0009325568225111,0.0589872906235872
SV,2050,0.0001343070253309,0.011510863868315,0.0068377563223396,-6.0004200726160306e-05,-6.0004200726160306e-05,-6.0004200726160306e-05,-6.0004200726160306e-05,-6.000420072614643e-05,-6.0004200726160306e-05,0.0073303792770549,0.0037252454988788,-6.0004200726160306e-05,-0.0297942868201699
GQ,2025,0.0386592502448639,0.0188757950712421,0.0442185268841117,0.0362764324077572,0.0418789228551613,0.0312283928583518,0.0312283928583518,0.0394920444784834,0.0338655173325701,0.0562837872469853,0.0312283928583518,0.0312283928583518,0.0179328446835877
GQ,2030,0.0231343208232845,0.0234818614168933,0.0292746271334219,0.0231343208232845,0.0231343208232845,0.0231343208232845,0.0231343208232845,0.0231343208232845,0.0231343208232845,0.0289354833077526,0.0327432810124384,0.0231343208232845,-0.0117353864756826
GQ,2035,0.0216759523197551,0.0220347809144315,0.0282979121224355,0.0216759523197551,0.0216759523197551,0.0216759523197551,0.0216759523197551,0.0216759523197551,0.0216759523197551,0.0280835610695487,0.0314922335084575,0.0216759523197551,-0.0213683810639857
GQ,2040,0.0201065894136455,0.0204674319129379,0.0268027468443787,0.0200963771586442,0.0200963771586442,0.0200963771586442,0.0200963771586442,0.0200963771586442,0.0200963771586442,0.0268499581126895,0.031098501090963,0.0200963771586442,-0.0229001988605888
GQ,2045,0.0181472435342557,0.0184356453325507,0.0248409622380261,0.0180686303739481,0.0180487415573837,0.0180487415573837,0.0180487415573837,0.0180487415573837,0.0180487415573837,0.0250851938869209,0.0297987062138362,0.0180487415573837,-0.0248568859345871
GQ,2050,0.0159035364223662,0.0161138784243748,0.0226069857193749,0.015901493181342,0.0157092251963091,0.0157092251963091,0.0157092251963091,0.0157092251963091,0.0157092251963091,0.0230996086740902,0.0276104491412303,0.0157092251963091,-0.0270831614833662
ER,2025,0.0200943406421523,0.0091194909872785,0.0264405476334113,0.0177115228050456,0.0233140132524497,0.0126634832556402,0.0126634832556402,0.0209271348757717,0.0153006077298585,0.0394976138027454,0.0126634832556402,0.0126634832556402,0.0423329236219387
ER,2030,0.0149472047246353,0.0219918160864606,0.0210875110347726,0.0149472047246353,0.0149472047246353,0.0149472047246352,0.0149472047246352,0.0149472047246353,0.0149472047246352,0.0207483672091033,0.0149472047246354,0.0149472047246352,-0.0417249091095024
ER,2035,0.0149472047246353,0.0211509415937185,0.0215691645273156,0.0149472047246353,0.0149472047246353,0.0149472047246352,0.0149472047246352,0.0149472047246353,0.0149472047246352,0.0213548134744289,0.0149472047246354,0.0149472047246352,0.0238096419266787
ER,2040,0.0149574169796366,0.020521285787507,0.0216535744103697,0.0149472047246353,0.0149472047246353,0.0149472047246352,0.0149472047246352,0.0149472047246353,0.0149472047246352,0.0217007856786806,0.0149472047246354,0.0149472047246352,0.0209849151660182
ER,2045,0.0150457067015072,0.0179962074351449,0.0217394254052776,0.0149670935411996,0.0149472047246353,0.0149472047246352,0.0149472047246352,0.0149472047246353,0.0149472047246352,0.0219836570541724,0.0149472047246354,0.0149472047246352,0.0190277031349903
ER,2050,0.0151415159506924,0.0159346635694177,0.021844965247701,0.0151394727096682,0.0149472047246353,0.0149472047246352,0.0149472047246352,0.0149472047246353,0.0149472047246352,0.0223375882024163,0.0149472047246354,0.0149472047246352,0.0186274553684103
EE,2025,-0.0033685312683705,-0.0175730087866968,-0.0300759661522174,0.07,-0.0137710565323238,-0.0517538852659594,-0.07,-0.038940406392678,-0.0095164129808956,-0.0024265446620716,-0.0264368276157631,-0.0034541097661995,-0.0345429743286285
EE,2030,-0.0070122031005069,-0.0018771567333751,-0.0039851315929166,0.07,-0.0136146871269408,-0.0071928355674035,-0.046523818976458,-0.0085447383334949,-0.0055311212037679,-0.0069960891520199,0.0110096599020412,0.0160650391435862,-0.0225385623465381
EE,2035,-0.005080837255608,6.262984144664865e-05,-0.0020540408112434,0.07,-0.0124200050841022,-0.0052618210534859,-0.046523818976458,-0.0080040541895625,-0.0035974705740199,-0.005225835606696,0.0127288405370011,0.0180412903310883,-0.0357397880447469
EE,2040,-0.0049018390514286,0.0002424084754644,-0.0018726747688854,0.07,-0.012309282436294,-0.0050828554105195,-0.046523818976458,-0.0079539438021143,-0.0034182054939151,-0.0050435303041806,0.0115311191907796,0.0182244484906387,-0.0198042595321079
EE,2045,-0.0048697411815164,0.0002746462916712,-0.0018387119583413,0.07,-0.0122894277055609,-0.005050763379468,-0.046523818976458,-0.0079449580320897,-0.0033860597679433,-0.0050081565244748,0.0093928896740462,0.0182572923217016,-0.0134453126744988
EE,2050,-0.005000627712261,0.0001431890973577,-0.0019678574085098,0.07,-0.0123703899884671,-0.0051816261009,-0.046523818976458,-0.0079815995995146,-0.0035171414429027,-0.0051358297087261,0.0062998079495506,0.01812336396085,-0.0135356896362961
SZ,2025,0.0165711469655294,0.0281244434385275,0.0001338593784644,0.0141883291284227,0.0197908195758268,0.0302355256724726,0.0091402895790173,0.0174039411991488,-0.0633760179903559,-0.0567930669045651,0.0091402895790173,0.07,0.0281457009646566
SZ,2030,0.0101721273072483,0.0307678498514783,0.0156480802805056,0.0101721273072482,0.0101721273072482,0.0385127274831787,0.0101721273072482,0.0101721273072482,0.0057898027629705,0.0103519008943733,0.006964648750749,0.07,0.0264409877556294
SZ,2035,0.0088165444208732,0.0295517852787259,0.0141185319311734,0.0088165444208732,0.0088165444208732,0.0369812047714222,0.0088165444208732,0.0088165444208732,0.0057883305444095,0.0088165444208732,0.0101721273072482,0.07,0.0151207562123491
SZ,2040,0.0073259665679211,0.0281963328890643,0.0126206289261743,0.0073157543129198,0.0073157543129198,0.035484162113524,0.0073157543129198,0.0073157543129198,0.0057862085364803,0.0073157543129198,0.0101721273072482,0.07,0.0146756863942689
SZ,2045,0.0060620367642737,0.0268501339612926,0.0112750879171762,0.0059834236039662,0.0059635347874018,0.0341353190595783,0.0059635347874018,0.0059635347874018,0.0057842965965361,0.0059635347874018,0.0101721273072482,0.07,0.0142817754288687
SZ,2050,0.0049178683309535,0.0256156771329831,0.0100449428984846,0.0049158250899294,0.0047235571048964,0.0328984375824714,0.0047235571048964,0.0047235571048964,0.0047235571048964,0.0047235571048964,0.0101721273072482,0.07,0.0144106099038986
ET,2025,0.034638099612618,0.0458842500468632,0.0408675680239068,0.0322552817755114,0.0378577722229154,0.027207242226106,0.027207242226106,0.0699999999999999,0.0298443667003242,0.0532679242728008,0.0272072422261058,0.027207242226106,0.0251239360067191
ET,2030,0.0246627418783158,0.0492677273857591,0.0308030481884532,0.0246627418783158,0.0246627418783158,0.0246627418783158,0.0246627418783158,0.0699999999999999,0.0246627418783158,0.0304639043627838,0.0278141428614797,0.0246627418783158,0.0344524294304291
ET,2035,0.0223493202458138,0.0477184678281577,0.0289712800484941,0.0223493202458138,0.0223493202458138,0.0223493202458138,0.0223493202458138,0.0699999999999999,0.0223493202458138,0.0287569289956074,0.0278141428614797,0.0223493202458138,0.0410321065908111
ET,2040,0.02036840108427,0.046385040607549,0.0270645585150032,0.0203581888292687,0.0203581888292687,0.0203581888292687,0.0203581888292687,0.0699999999999999,0.0203581888292687,0.027111769783314,0.0278141428614797,0.0203581888292687,0.0389251799115324
ET,2045,0.0188881210284165,0.0453345958093496,0.0255818397321869,0.018809507868109,0.0187896190515446,0.0187896190515446,0.0187896190515446,0.0699999999999999,0.0187896190515446,0.0258260713810818,0.0278141428614797,0.0187896190515446,0.0380214895364675
ET,2050,0.0175088503282238,0.0443279863474642,0.0242122996252325,0.0175068070871996,0.0173145391021667,0.0173145391021667,0.0173145391021667,0.0699446733463369,0.0173145391021667,0.0247049225799478,0.0278141428614797,0.0173145391021667,0.0385955504482774
FJ,2025,0.0079744842150584,-0.0381489428142701,0.0143206912063174,0.0055916663779517,0.0111941568253558,0.0005436268285463,0.0005436268285463,0.0088072784486778,0.0031807513027646,0.0273777573756515,0.0005436268285463,0.0005436268285463,-0.0467176054654069
FJ,2030,0.0016371210568278,0.0060605481634291,0.0077774273669652,0.0016371210568278,0.0016371210568278,0.0016371210568278,0.0016371210568278,0.0016371210568278,0.0016371210568278,0.0074382835412959,0.0016371210568278,0.0016371210568278,-0.0065351068090449
FJ,2035,0.0016371210568278,0.005369883126353,0.0082590808595082,0.0016371210568278,0.0016371210568278,0.0016371210568278,0.0016371210568278,0.0016371210568278,0.0016371210568278,0.0080447298066215,0.0016371210568278,0.0016371210568278,-0.0047481340836336
FJ,2040,0.0016473333118292,0.0049129986032718,0.0083434907425624,0.0016371210568278,0.0016371210568278,0.0016371210568278,0.0016371210568278,0.0016371210568278,0.0016371210568278,0.0083907020108732,0.0016371210568278,0.0016371210568278,-0.0015938580737187
FJ,2045,0.0017356230336998,0.0040842904661506,0.0084293417374702,0.0016570098733922,0.0016371210568278,0.0016371210568278,0.0016371210568278,0.0016371210568278,0.0016371210568278,0.008673573386365,0.0016371210568278,0.0016371210568278,-0.0015932916703952
FJ,2050,0.0013986503257576,0.0030885732606443,0.0081020996227663,0.0013966070847335,0.0012043390997005,0.0012043390997006,0.0012043390997005,0.0012043390997005,0.0012043390997005,0.0085947225774817,0.0016371210568278,0.0012043390997005,-0.0013225715904379
FI,2025,0.0272870582161864,-0.0015370571296141,0.0104202895024611,0.0466635926325627,0.0100285121441074,0.0029220754803453,-0.0212101387770111,0.0143347872002085,-0.021819464468463,-0.033381714150201,0.07,0.0334127063593915,0.0138503984306133
FI,2030,0.0235811375058071,-0.0007271769163661,0.0185689836283307,0.0484513798824916,-0.0006321298941809,0.0073930720921324,-0.0009264884244903,-0.0010606499274292,-0.0123780124546005,-0.0121828174953643,0.010993587360603,0.0075796717531392,0.0057608192458733
FI,2035,0.022990007515614,-0.001392920240487,0.0176614454939813,0.0480810122646629,-0.0015313240831543,0.0064950750357534,-0.0018290837269229,-0.0019253583702358,-0.0123804930227228,-0.0121853983454779,0.0111530752481239,0.006669391710666,-0.0194146289544836
FI,2040,0.0227886576494063,-0.0017004187879375,0.0173504692065565,0.047954756732389,-0.0018378526117876,0.0061889546006077,-0.002136771669526,-0.0022201309676576,-0.0123813386297185,-0.0121848934712371,0.0118454946859729,0.0063590840980446,-0.0205416144330748
FI,2045,0.022702691105122,-0.0018337359907498,0.0172166385239171,0.0479000931957196,-0.0019707492591325,0.006056234883797,-0.0022701709853506,-0.0023479307848595,-0.0123817052459523,-0.0121846557492875,0.0112177825402133,0.0062245490139957,-0.0204631585627351
FI,2050,0.0225896400400902,-0.0020085649498037,0.0170409953633685,0.047828837619674,-0.0021450267119061,0.0058821894534518,-0.002445107625425,-0.0025155243777142,-0.0123821860176244,-0.0121832479755874,0.0109176704266906,0.0060481229549105,-0.0199914544051197
FR,2025,-0.0361898111340795,-0.0070625915694461,-0.0082297658284001,0.0081500826489741,-0.0249049817427166,0.0057771322189708,-0.0409315006615751,0.015164592742833,-0.0160786796492866,-0.0230409779648862,-0.013627883375355,-0.0144236577485082,0.0079082466773646
FR,2030,0.0013865193077045,-0.00046104778791,0.0014598173160826,0.0090618762142738,-0.0037875651059461,0.0013930601932619,0.0013865193077045,0.0015374450497539,-0.0019434506091208,-0.0020261762447888,0.0127567188606598,0.0030471176136529,0.0085560110972506
FR,2035,0.0013057825926157,-0.0004728080789887,0.0013801741295442,0.0089822841873504,-0.0037877537876106,0.00131233117476,0.0013057825926157,0.0014567342038033,-0.0020113617340955,-0.0020868649891614,0.0127567188606598,0.0029662470129467,-0.0102710640816129
FR,2040,0.0011941347096467,-0.0004890718582065,0.0012687628842245,0.0088722131742502,-0.0037880147230683,0.0012006877703063,0.0011941285442427,0.0013451159309012,-0.0021052787583965,-0.0021714231186236,0.0127567188606598,0.0028544078087723,-0.0108692533759076
FR,2045,0.0007910670944795,-0.0005477913556498,0.0008660249112895,0.0084748310123777,-0.0037889568164608,0.0007976052816336,0.0007910076262735,0.0009421241783398,-0.0024443611078577,-0.0024792341719939,0.0127567188606598,0.002450618395771,-0.0111426006846437
FR,2050,0.0001496853298211,-0.0006412248881104,0.000225121135057,0.0078427777907949,-0.0037904558605161,0.0001562268225257,0.000149568019079,0.0003008900970922,-0.0029839035611264,-0.0029689485899071,0.0127567188606598,0.0018081150898902,-0.0113932046984843
GF,2025,0.0239611405050313,0.0284795161745017,0.0303073474962902,0.0215783226679245,0.0271808131153286,0.0165302831185192,0.0165302831185192,0.0247939347386507,0.0191674075927374,0.0433644136656244,0.0165302831185192,0.0165302831185192,0.0292013395653249
GF,2030,0.0173909305641664,0.0226518375077497,0.0235312368743037,0.0173909305641664,0.0173909305641664,0.0173909305641664,0.0173909305641664,0.0173909305641664,0.0173909305641664,0.0231920930486344,0.0219977501330551,0.0173909305641665,0.0153106926789767
GF,2035,0.0176546120356783,0.0228891508321105,0.0242765718383587,0.0176546120356783,0.0176546120356783,0.0176546120356784,0.0176546120356784,0.0176546120356783,0.0176546120356783,0.024062220785472,0.0219977501330551,0.0176546120356781,0.0270241346901872
GF,2040,0.0172437363584438,0.0225101716930982,0.023939893789177,0.0172335241034424,0.0172335241034424,0.0172335241034424,0.0172335241034424,0.0172335241034425,0.0172335241034424,0.0239871050574878,0.0219977501330551,0.0172335241034424,0.0267194766610272
GF,2045,0.0159641825746118,0.0212868727335829,0.0226579012783823,0.0158855694143042,0.0158656805977399,0.0158656805977399,0.0158656805977397,0.0158656805977399,0.0158656805977399,0.0229021329272771,0.0219977501330551,0.0158656805977399,0.0258709882955843
GF,2050,0.0148934007529476,0.0202777670907076,0.0215968500499564,0.0148913575119235,0.0146990895268905,0.0146990895268905,0.0146990895268905,0.0146990895268905,0.0146990895268905,0.0220894730046716,0.0219977501330551,0.0146990895268905,0.0250488523768909
PF,2025,0.0092246096321293,0.0083960136134517,0.0155708166233883,0.0068417917950226,0.0124442822424267,0.0017937522456172,0.0017937522456172,0.0100574038657488,0.0044308767198355,0.0286278827927224,0.0017937522456172,0.0017937522456172,0.0068889721963221
PF,2030,0.0021186630676954,0.0021186630676954,0.0082589693778328,0.0021186630676954,0.0021186630676954,0.0021186630676954,0.0021186630676954,0.0021186630676954,0.0021186630676954,0.0079198255521635,-0.0013740932723592,0.0021186630676954,0.0062373581109197
PF,2035,0.002096454467557,0.002096454467557,0.0087184142702373,0.002096454467557,0.002096454467557,0.002096454467557,0.002096454467557,0.002096454467557,0.002096454467557,0.0085040632173506,0.0034430795702506,0.002096454467557,0.0078344294980841
PF,2040,0.0007036941977897,0.0006934819427883,0.0073998516285229,0.0006934819427883,0.0006934819427883,0.0006934819427883,0.0006934819427883,0.0006934819427883,0.0006934819427883,0.0074470628968337,0.0054997675515625,0.0006934819427883,0.0065612680669498
PF,2045,-0.0005944993819877,-0.0006852411632427,0.0060992193217826,-0.0006731125422953,-0.0006930013588596,-0.0006930013588597,-0.0006930013588596,-0.0006930013588597,-0.0006930013588596,0.0063434509706774,0.0054997675515625,-0.0006930013588596,0.0057352046440833
PF,2050,-0.0018977573150603,-0.0020434820246113,0.0048056919819483,-0.0018998005560845,-0.0020920685411174,-0.0020920685411174,-0.0020920685411174,-0.0020920685411174,-0.0020920685411174,0.0052983149366636,0.0054997675515625,-0.0020920685411174,0.0046563286158698
GA,2025,0.0393591053564048,0.0305767013687576,0.0372621855079345,0.0304549171114609,0.0360574075588649,0.0446680051268708,0.0254068775620555,0.033670529182187,0.0280440020362737,0.0525660384518397,0.0254068775620555,0.0377683468444886,0.0151492302419515
GA,2030,0.0245940870337915,0.0318724587651141,0.0322161373831959,0.0204265460247229,0.0204265460247229,0.0361040587725611,0.020426546024723,0.0204265460247229,0.020426546024723,0.0245940870337915,0.0343606492034989,0.0325346440595654,0.0202401145666617
GA,2035,0.0233485967060531,0.0306917614382055,0.0309613817375057,0.0191861217344357,0.0191861217344357,0.0348445769933252,0.0191861217344357,0.0191861217344357,0.0191861217344357,0.0233485967060531,0.0343606492034989,0.031279501239101,0.015530717946305
GA,2040,0.0226794246005221,0.030057401059288,0.0302872315986782,0.0185196714894222,0.0185196714894222,0.034167887616203,0.0185196714894222,0.0185196714894222,0.0185196714894222,0.0226794246005221,0.0343606492034989,0.0306051430805453,0.02179633314352
GA,2045,0.0218695770495107,0.0292896834645486,0.0294713595166967,0.0177330068134933,0.0177131179969289,0.0333489424893391,0.0177131179969289,0.0177131179969289,0.0177131179969289,0.0218695770495107,0.0343606492034989,0.0297890192482804,0.0217731398826211
GA,2050,0.0205729290005689,0.0280604897476397,0.0281650655827752,0.0166140120547301,0.0164217440696971,0.0320377282989494,0.0164217440696972,0.0164217440696971,0.0164217440696971,0.0205729290005689,0.0343606492034989,0.0284823222366272,0.0217153508619245
GM,2025,0.032076178814822,0.0516710033522717,0.038422385806081,0.0296933609777153,0.0352958514251194,0.0246453214283099,0.0246453214283099,0.0329089730484415,0.0272824459025282,0.0513464836744539,0.0246453214283099,0.0246453214283099,0.0512523233451244
GM,2030,0.0212224921799319,0.0588194587004689,0.0273627984900693,0.0212224921799319,0.0212224921799319,0.0212224921799319,0.0212224921799319,0.0212224921799319,0.0212224921799319,0.0270236546644,0.0289235981421912,0.0212224921799319,0.0392019497386964
GM,2035,0.0188260741584496,0.0563348149996534,0.0254480339611299,0.0188260741584496,0.0188260741584496,0.0188260741584496,0.0188260741584496,0.0188260741584496,0.0188260741584496,0.0252336829082432,0.0289235981421912,0.0188260741584496,0.0408619228972757
GM,2040,0.0170509583790191,0.0544837589589813,0.0237471158097523,0.0170407461240178,0.0170407461240178,0.0170407461240178,0.0170407461240178,0.0170407461240178,0.0170407461240178,0.0237943270780631,0.0289235981421912,0.0170407461240178,0.0383081831282726
GM,2045,0.015445182935525,0.0527273256889248,0.0221389016392954,0.0153665697752174,0.0153466809586531,0.0153466809586531,0.0153466809586531,0.0153466809586531,0.0153466809586531,0.0223831332881902,0.0289235981421912,0.0153466809586531,0.0372473804170486
GM,2050,0.0137838694723534,0.0509055133675018,0.0204873187693622,0.0137818262313293,0.0135895582462963,0.0135895582462963,0.0135895582462963,0.0135895582462963,0.0135895582462964,0.0209799417240774,0.0289235981421912,0.0135895582462963,0.0352452991519344
GE,2025,0.001603845021748,0.0352498265417568,0.0445094980487879,0.0673958377848631,0.0668148063168635,0.0011055186240866,-0.0003771594512727,0.0376703796717173,0.0647257471041812,-0.0071410930487364,-0.07,0.0489040259151129,0.0487692640624544
GE,2030,-0.00078906638195,0.0113367946287437,0.0677589599798687,0.023834858780198,-0.0007890593732671,0.0253573199382178,-0.0007890593732671,0.027271463476168,-0.0007890593732671,-0.0007890593732671,-0.07,-0.0007890593732671,0.0401869645957912
GE,2035,-0.0013747272200083,0.0108018548928131,0.0676827726877601,0.0232617478587819,-0.0013747210035498,0.0248343664681828,-0.0013747210035498,0.0267659724662567,-0.0013747210035498,-0.0013747210035498,-0.07,-0.0013747210035498,0.0654243786322091
GE,2040,-0.0016513225846531,0.0105306943778084,0.0676466897689173,0.0229910795572841,-0.0016513167423457,0.0245873864819229,-0.0016513167423457,0.0265272396346834,-0.0016513167423457,-0.0016513167423457,-0.07,-0.0016513167423457,0.0521006605914855
GE,2045,-0.0015034492701199,0.010676270384374,0.067666183034703,0.023135786327431,-0.001503443227784,0.0247194268334976,-0.001503443227784,0.0266548708953806,-0.001503443227784,-0.001503443227784,-0.07,-0.001503443227784,0.054390276651396
GE,2050,-0.0021668727522893,0.0100213841409857,0.0675796074286715,0.0224866456885491,-0.0021668676073676,0.0241270368535675,-0.0021668676073675,0.0260822619992272,-0.0021668676073676,-0.0021668676073676,-0.07,-0.0021668676073676,0.0480915635130238
DE,2025,-0.0026634779276628,-0.0051721427262445,0.0011923575756932,-0.0185235474548104,-0.0001489232850427,-0.0252982460655186,-0.0012946095295074,9.364715710320972e-05,-0.0199458476688041,-0.0191624144681445,-0.0055455343101366,-0.0147529746704884,0.0088671951445096
DE,2030,-0.0036077485315392,-0.0026684247473309,-0.0035916577263606,-0.003587954325727,-0.003636757825189,-0.00736611004754,0.0003276175267383,-0.0034492703027678,-0.004348964795581,-0.0060292456684488,-0.0032875163960094,0.0024073473576536,0.0066224622133211
DE,2035,-0.0026838006676738,-0.0017435903742473,-0.002666663558026,-0.0026627361988578,-0.0027129108195614,-0.007083617779556,0.0012566597071277,-0.0025835909722231,-0.0035958334530777,-0.005261382994402,-0.0001216884358734,0.0033383210619784,-0.0111542626513369
DE,2040,-0.0027378282197005,-0.0017977493108404,-0.0027207405146616,-0.002716928579067,-0.0027670119352375,-0.0071001607209463,0.0012022543584464,-0.0026534494202887,-0.003639937342176,-0.0053058429312496,0.0032369235400091,0.003283802601928,-0.0116600657067718
DE,2045,-0.0026127938455758,-0.0016732826831169,-0.002596218330435,-0.0025923825010776,-0.0026426781900076,-0.0070621421730017,0.0013272872838776,-0.0025295963701798,-0.0035385789571912,-0.0052023339750721,0.0036566016775949,0.0034090954768998,-0.0114212149898186
DE,2050,-0.0029894792193797,-0.0020510757650218,-0.0029738198142385,-0.0029703443245178,-0.0030200679341852,-0.007177539727031,0.0009477753206936,-0.002905527062284,-0.0038462316777695,-0.0055152879448438,0.0026861201814551,0.0030287944898629,-0.0114410586442308
GH,2025,0.07,0.0558485742473043,0.07,0.07,0.0315232403593968,-0.0463347596518781,0.0208727103625874,0.0291363619827189,0.07,0.07,0.0208727103625874,0.07,0.0658375155282829
GH,2030,0.07,0.036241197126483,0.0693698319123727,0.07,0.017550672410006,0.0214172819567565,0.0175506724100058,0.0175506724100059,0.07,0.07,0.0240021366642063,0.07,-0.0254281146117705
GH,2035,0.07,0.0349734405054159,0.0692803370674121,0.07,0.0162973385934939,0.0201591855739846,0.0162973385934939,0.0162973385934939,0.07,0.07,0.0240021366642063,0.07,-0.0213193667504822
GH,2040,0.07,0.0335915119982571,0.0691827925831222,0.07,0.0149312733097479,0.0187879293535995,0.0149312733097479,0.0149312733097479,0.07,0.07,0.0240021366642063,0.07,-0.0229839619521358
GH,2045,0.07,0.0321764678779382,0.069083334212874,0.07,0.0135384049403768,0.0173897681980504,0.0135384049403768,0.0135384049403768,0.07,0.07,0.0240021366642063,0.07,0.0422602845011228
GH,2050,0.07,0.0307239479751914,0.0689812418044424,0.07,0.01210864808731,0.0159545783855767,0.01210864808731,0.01210864808731,0.07,0.0691513264072796,0.0240021366642063,0.07,-0.0011248260019857
GI,2025,0.0252220937691902,0.0243934977505126,0.0315683007604492,0.0228392759320835,0.0284417663794876,0.0177912363826782,0.0177912363826782,0.0260548880028097,0.0204283608568964,0.0446253669297834,0.0177912363826782,0.0177912363826782,0.0234844684090566
GI,2030,0.0145692440496563,0.0145692440496563,0.0207095503597936,0.0145692440496563,0.0145692440496563,0.0145692440496563,0.0145692440496563,0.0145692440496563,0.0145692440496563,0.0203704065341243,0.019807108406801,0.0145692440496563,0.0186974990502457
GI,2035,0.0135796330623668,0.0135796330623668,0.0202015928650472,0.0135796330623668,0.0135796330623668,0.0135796330623668,0.0135796330623667,0.0135796330623668,0.0135796330623669,0.0199872418121604,0.019807108406801,0.0135796330623669,0.0190938558890502
GI,2040,0.0085584645589337,0.0085482523039324,0.0152546219896669,0.0085482523039324,0.0085482523039324,0.0085482523039324,0.0085482523039324,0.0085482523039324,0.0085482523039324,0.0153018332579777,0.019807108406801,0.0085482523039324,0.0143639315171663
GI,2045,0.0042308742180986,0.0041401324368437,0.0109245929218691,0.0041522610577911,0.0041323722412267,0.0041323722412267,0.0041323722412267,0.0041323722412267,0.0041323722412267,0.0111688245707639,0.019807108406801,0.0041323722412267,0.0105694714030716
GI,2050,0.0042430266826315,0.0040973019730805,0.0109464759796403,0.0042409834416074,0.0040487154565744,0.0040487154565744,0.0040487154565744,0.0040487154565744,0.0040487154565744,0.0114390989343555,0.019807108406801,0.0040487154565744,0.0107423054474911
GR,2025,0.0550426795348183,0.0164406618318764,0.002074951729397,0.0633882893813413,0.0696615179383754,0.0352507572669655,-0.0097120745378088,0.0331904499064586,0.0018422436029442,0.0359467092568291,-0.07,-0.0272622928955104,-0.0138113912721152
GR,2030,0.0597040213535066,0.0067960774410043,0.0049762101207961,0.0153232111227715,0.07,0.0518492768585132,-0.0043554780700867,0.0184383552178339,-0.0043554780700867,0.0044445418330239,-0.0060744561602154,-0.0043554780700867,-0.031093774496473
GR,2035,0.0596614824572363,0.006536274034461,0.0047116404792643,0.0150111577237861,0.07,0.0514683570890978,-0.0046614833439205,0.0181257442482238,-0.0046614833439205,0.0041388126798549,-0.0060744561602154,-0.0046614833439205,-0.0331054185503474
GR,2040,0.0596550073144834,0.0062000619821637,0.0046717805500031,0.0149632251369712,0.07,0.0514566903853348,-0.0047084869157499,0.01807769950217,-0.0047084869157499,0.0040926238869328,-0.0060744561602154,-0.0047084869157499,-0.0131050909422148
GR,2045,0.0596580240130658,0.0062177622839255,0.0046973139336631,0.0149820817469374,0.07,0.0514611660544246,-0.0046904550502103,0.0180961441889226,-0.0046904550502103,0.0041119389732525,-0.0060744561602154,-0.0046904550502103,-0.0128415286895326
GR,2050,0.0595585432842729,0.0055143362855049,0.0039798725573823,0.0142504231419356,0.07,0.0512825549455552,-0.0054100550551319,0.0173600696741284,-0.0054100550551318,0.0033880471616017,-0.0060744561602154,-0.0054100550551318,-0.0128478154905169
GL,2025,0.007430857386512,0.0211593241598652,0.0181761732071454,0.0409447318348309,0.0106505299968094,0.0187399043271714,0.0,0.0082636516201315,-0.0212552442712729,0.0349926870970124,0.0,0.0348997951112735,0.0372823154086377
GL,2030,-0.0035972155627103,0.0139738315532219,0.021199549715649,0.0142980527054919,-0.0035972155627103,-0.0035972155627103,-0.0035972155627103,-0.0035972155627103,-0.0252881484228855,0.0294744173830914,0.0,-0.0035972155627103,-0.0051995658652418
GL,2035,-0.0036631021456072,0.013906783094555,0.021132023460366,0.0142309828078807,-0.0036631021456072,-0.0036631021456072,-0.0036631021456072,-0.0036631021456072,-0.0252881484228855,0.0294375676240274,0.0,-0.0036631021456072,-0.0032342993108838
GL,2040,-0.0037212351305038,0.0138372326217441,0.0210619773612391,0.014161410096099,-0.0037314473855051,-0.0037314473855051,-0.0037314473855051,-0.0037314473855051,-0.0252881484228855,0.029409779403265,0.0,-0.0037314473855051,-0.0053335818251293
GL,2045,-0.007565236836826,0.009835597270554,0.0170318258015073,0.0101613430474669,-0.0076637388136978,-0.0076637388136978,-0.0076637388136978,-0.0076637388136978,-0.0252881484228855,0.0253718878161268,0.0,-0.0076637388136978,-0.0087586490956204
GL,2050,-0.003758381695955,0.0136120855347728,0.0208352258448982,0.0140357913564615,-0.0039526929220121,-0.0039526929220121,-0.0039526929220121,-0.0039526929220121,-0.0252881484228855,0.0292507652799714,0.0,-0.0039526929220121,-0.0034746472328695
GD,2025,0.0106830701927862,0.0317027224237134,0.0170292771840452,0.0083002523556795,0.0139027428030836,0.0032522128062741,0.0032522128062741,0.0115158644264057,0.0058893372804924,0.0300863433533793,0.0032522128062741,0.0032522128062741,0.0591403131896952
GD,2030,0.0,0.0226797023870231,0.0061403063101373,0.0,0.0,0.0,0.0,0.0,0.0,0.005801162484468,0.0058654631183051,0.0,0.0226313969841002
GD,2035,0.0,0.0226797023870231,0.0066219598026803,0.0,0.0,0.0,0.0,0.0,0.0,0.0064076087497936,0.0058654631183051,0.0,0.0238116337386602
GD,2040,1.0212255001306874e-05,0.0226797023870231,0.0067063696857345,0.0,0.0,0.0,0.0,0.0,0.0,0.0067535809540453,0.0058654631183051,0.0,0.02308940991991
GD,2045,-0.0033439205405488,0.0203510412304519,0.0033497981632215,-0.0034225337008564,-0.0034424225174208,-0.0034424225174208,-0.0034424225174207,-0.0034424225174208,-0.0034424225174208,0.0035940298121163,0.0058654631183051,-0.0034424225174208,0.0212712827838779
GD,2050,-0.0033084018420406,0.0203102570841829,0.003395047454968,-0.0033104450830648,-0.0035027130680977,-0.0035027130680977,-0.0035027130680977,-0.0035027130680977,-0.0035027130680977,0.0038876704096833,0.0058654631183051,-0.0035027130680977,0.0223976967668716
GP,2025,-0.0017898651296615,-0.0016963888967217,0.0045563418615973,-0.0041726829667683,0.0014298074806357,-0.0092207225161736,-0.0092207225161736,-0.0009570708960421,-0.0065835980419553,0.0176134080309315,-0.0092207225161735,-0.0092207225161736,-0.0028709509786975
GP,2030,-0.003771659230104,-0.0003449107712072,0.0023686470800333,-0.003771659230104,-0.003771659230104,-0.0037716592301041,-0.003771659230104,-0.003771659230104,-0.003771659230104,0.0020295032543639,0.0038695247398926,-0.003771659230104,-0.0043402835585601
GP,2035,-0.0043981914158474,-0.0009087897383762,0.0022237683868329,-0.0043981914158474,-0.0043981914158474,-0.0043981914158474,-0.0043981914158474,-0.0043981914158474,-0.0043981914158474,0.0020094173339462,0.0038695247398926,-0.0043981914158474,-0.0034534685148009
GP,2040,-0.0050547640758692,-0.001508896161897,0.0016413933548639,-0.0050649763308705,-0.0050649763308705,-0.0050649763308705,-0.0050649763308705,-0.0050649763308705,-0.0050649763308705,0.0016886046231747,0.0038695247398926,-0.0050649763308705,-0.00382976806088
GP,2045,-0.0056822322816411,-0.0021453181011584,0.0010114864221292,-0.0057608454419487,-0.0057807342585131,-0.0057807342585131,-0.0057807342585131,-0.0057807342585131,-0.0057807342585131,0.001255718071024,0.0038695247398926,-0.0057807342585131,-0.0039978137999354
GP,2050,-0.0069663301786448,-0.0033464082118392,-0.0002628808816361,-0.006968373419669,-0.0071606414047019,-0.0071606414047019,-0.0071606414047019,-0.0071606414047019,-0.0071606414047019,0.0002297420730791,0.0038695247398926,-0.0071606414047019,-0.0049327096788737
GU,2025,0.0081864319963002,0.0073578359776227,0.0145326389875592,0.0058036141591935,0.0114061046065976,0.0007555746097882,0.0007555746097882,0.0090192262299197,0.0033926990840065,0.0275897051568934,0.0007555746097882,0.0007555746097882,0.0061418190788248
GU,2030,0.0010400545220674,0.0010400545220674,0.0071803608322048,0.0010400545220674,0.0010400545220674,0.0010400545220674,0.0010400545220674,0.0010400545220674,0.0010400545220674,0.0068412170065354,0.0010400545220674,0.0010400545220674,0.01124984305124
GU,2035,0.0010400545220674,0.0010400545220674,0.0076620143247478,0.0010400545220674,0.0010400545220674,0.0010400545220674,0.0010400545220674,0.0010400545220674,0.0010400545220674,0.007447663271861,0.0010400545220674,0.0010400545220674,0.0112885313669859
GU,2040,0.0010502667770687,0.0010400545220674,0.0077464242078019,0.0010400545220674,0.0010400545220674,0.0010400545220674,0.0010400545220674,0.0010400545220674,0.0010400545220674,0.0077936354761127,0.0010400545220674,0.0010400545220674,0.0103210477218366
GU,2045,0.0011385564989393,0.0010478147176844,0.0078322752027098,0.0010599433386318,0.0010400545220674,0.0010400545220674,0.0010400545220674,0.0010400545220674,0.0010400545220674,0.0080765068516046,0.0010400545220674,0.0010400545220674,0.0106398682145711
GU,2050,0.0012343657481245,0.0010886410385735,0.0079378150451332,0.0012323225071004,0.0010400545220674,0.0010400545220674,0.0010400545220674,0.0010400545220674,0.0010400545220674,0.0084304379998485,0.0010400545220674,0.0010400545220674,0.0109775748344682
GT,2025,0.0235216863773613,0.0374282852887041,0.0298678933686202,0.0211388685402546,0.0267413589876586,0.0160908289908492,0.0160908289908492,0.0243544806109807,0.0187279534650674,0.0429249595379544,0.0160908289908492,0.0160908289908492,0.0338367081047378
GT,2030,0.0144969793249201,0.0438896823694673,0.0206372856350574,0.0144969793249201,0.0144969793249201,0.0144969793249201,0.0144969793249201,0.0144969793249201,0.0144969793249201,0.0202981418093881,0.0194129366971879,0.0144969793249201,0.0102311036932509
GT,2035,0.0130313876740826,0.0426194698300509,0.019653347476763,0.0130313876740826,0.0130313876740826,0.0130313876740826,0.0130313876740826,0.0130313876740826,0.0130313876740826,0.0194389964238762,0.0194129366971879,0.0130313876740826,0.0139889071898113
GT,2040,0.0114546294467597,0.0412440595613177,0.018150786877493,0.0114444171917584,0.0114444171917584,0.0114444171917584,0.0114444171917584,0.0114444171917584,0.0114444171917584,0.0181979981458038,0.0194129366971879,0.0114444171917584,0.0233103189251017
GT,2045,0.0097461709123442,0.0396868371494643,0.0164398896161146,0.0096675577520366,0.0096476689354723,0.0096476689354723,0.0096476689354723,0.0096476689354723,0.0096476689354723,0.0166841212650094,0.0194129366971879,0.0096476689354723,0.020709842080956
GT,2050,0.0082360085834096,0.0382949588351274,0.0149394578804183,0.0082339653423855,0.0080416973573526,0.0080416973573526,0.0080416973573527,0.0080416973573525,0.0080416973573526,0.0154320808351335,0.0194129366971879,0.0080416973573526,0.0209495550457776
GG,2025,0.0114073299460482,0.0105787339273706,0.0177535369373071,0.0090245121089415,0.0146270025563455,0.0039764725595361,0.0039764725595361,0.0122401241796676,0.0066135970337543,0.0308106031066413,0.0039764725595361,0.0039764725595361,0.0090674480715152
GG,2030,0.0031056498762414,0.0031056498762414,0.0092459561863787,0.0031056498762414,0.0031056498762414,0.0031056498762414,0.0031056498762414,0.0031056498762414,0.0031056498762414,0.0089068123607094,0.0053265847143333,0.0031056498762414,0.0071711119070667
GG,2035,0.0,0.0,0.0066219598026803,0.0,0.0,0.0,0.0,0.0,0.0,0.0064076087497936,0.0053265847143333,0.0,0.0056980355618395
GG,2040,-0.0030858224215301,-0.0030960346765314,0.0036103350092031,-0.0030960346765314,-0.0030960346765314,-0.0030960346765314,-0.0030960346765314,-0.0030960346765314,-0.0030960346765314,0.0036575462775139,0.0053265847143333,-0.0030960346765314,0.0027068830257131
GG,2045,9.85019768719234e-05,7.760195616967393e-06,0.0067922206806423,1.9888816564363516e-05,0.0,0.0,0.0,0.0,0.0,0.0070364523295371,0.0053265847143333,0.0,0.0064083177028311
GG,2050,-0.0029504051562111,-0.0030961298657621,0.0037530441407975,-0.0029524483972352,-0.0031447163822682,-0.0031447163822682,-0.0031447163822683,-0.0031447163822682,-0.0031447163822682,0.0042456670955128,0.0053265847143333,-0.0031447163822683,0.0035910366442977
GN,2025,0.0331175524554121,0.0644342519356664,0.0394637594466711,0.0307347346183054,0.0363372250657095,0.0256866950689,0.0256866950689,0.0339503466890316,0.0283238195431183,0.0521275139048964,0.0256866950689,0.0256866950689,0.0646619509111719
GN,2030,0.0219024892687693,0.0657284376184923,0.0280427955789067,0.0219024892687693,0.0219024892687693,0.0219024892687693,0.0219024892687693,0.0219024892687693,0.0219024892687694,0.0277036517532374,0.0258445511121723,0.0219024892687693,-0.0272950205952685
GN,2035,0.0194608918249625,0.0649701011527635,0.0260828516276429,0.0194608918249625,0.0194608918249625,0.0194608918249625,0.0194608918249625,0.0194608918249625,0.0194608918249625,0.0258685005747562,0.0258445511121723,0.0194608918249625,0.0654156526654764
GN,2040,0.017642542512965,0.0641658026718104,0.0243386999436982,0.0176323302579637,0.0176323302579637,0.0176323302579637,0.0176323302579637,0.0176323302579637,0.0176323302579637,0.024385911212009,0.0258445511121723,0.0176323302579637,-0.0284367231163795
GN,2045,0.0161983300136591,0.0636036360239996,0.0228920487174295,0.0161197168533515,0.0160998280367872,0.0160998280367872,0.0160998280367872,0.0160998280367872,0.0160998280367872,0.0231362803663243,0.0258445511121723,0.0160998280367872,0.0644500311913753
GN,2050,0.0145014752401167,0.062946034416392,0.0212049245371255,0.0144994319990926,0.0143071640140596,0.0143071640140597,0.0143071640140597,0.0143071640140596,0.0143071640140597,0.0216975474918408,0.0258445511121723,0.0143071640140596,-0.0278380580815214
GW,2025,0.0312179151001022,0.07,0.0375641220913611,0.0288350972629955,0.0344375877103995,0.0237870577135901,0.0237870577135901,0.0320507093337216,0.0264241821878083,0.0506211882606953,0.0237870577135901,0.0237870577135901,0.07
GW,2030,0.0206982770067516,0.07,0.026838583316889,0.0206982770067516,0.0206982770067516,0.0206982770067516,0.0206982770067516,0.0206982770067516,0.0206982770067516,0.0264994394912196,0.0265399353653895,0.0206982770067516,0.0206982770067516
GW,2035,0.018906344332447,0.07,0.0255283041351274,0.018906344332447,0.018906344332447,0.018906344332447,0.018906344332447,0.018906344332447,0.018906344332447,0.0253139530822407,0.0265399353653895,0.018906344332447,0.0214314825852632
GW,2040,0.0170756526306309,0.07,0.0237718100613641,0.0170654403756296,0.0170654403756296,0.0170654403756296,0.0170654403756296,0.0170654403756296,0.0170654403756296,0.0238190213296749,0.0265399353653895,0.0170654403756296,0.0170654403756296
GW,2045,0.0155025150681499,0.07,0.0221962337719203,0.0154239019078423,0.015404013091278,0.015404013091278,0.015404013091278,0.015404013091278,0.015404013091278,0.0224404654208152,0.0265399353653895,0.015404013091278,0.0160267672196299
GW,2050,0.0146151179256787,0.07,0.0213185672226874,0.0146130746846545,0.0144208066996216,0.0144208066996216,0.0144208066996216,0.0144208066996216,0.0144208066996216,0.0218111901774027,0.0265399353653895,0.0144208066996216,0.0170065880811493
GY,2025,0.0182551650781137,-0.0242916654739672,0.0246013720693727,0.015872347241007,0.0214748376884111,0.0108243076916016,0.0108243076916016,0.0190879593117332,0.0134614321658199,0.0376584382387068,0.0108243076916016,0.0108243076916016,-0.0056344210192241
GY,2030,0.0056902678454928,-0.0048763988235678,0.0118305741556302,0.0056902678454927,0.0056902678454928,0.0056902678454928,0.0056902678454928,0.0056902678454928,0.0056902678454928,0.0114914303299609,0.0035253404265491,0.0056902678454928,-0.0644829757049292
GY,2035,0.0059884521443824,-0.0047117940301511,0.0126104119470628,0.0059884521443824,0.0059884521443824,0.0059884521443824,0.0059884521443824,0.0059884521443824,0.0059884521443824,0.0123960608941761,0.0033886702931571,0.0059884521443824,0.0600892910704147
GY,2040,0.0047168299607345,-0.0054193969916551,0.0114129873914676,0.0047066177057331,0.0047066177057331,0.0047066177057332,0.0047066177057331,0.0047066177057331,0.0047066177057331,0.0114601986597784,0.0051107009389605,0.0047066177057331,-0.0634581305241581
GY,2045,0.0044798308176527,-0.0055989641473222,0.0111735495214231,0.0044012176573452,0.0043813288407809,0.0043813288407808,0.004381328840781,0.0043813288407808,0.0043813288407807,0.011417781170318,0.009623873971748,0.0043813288407809,0.0373032582894279
GY,2050,0.0032031771426887,-0.0063565961787302,0.0099066264396974,0.0032011339016645,0.0030088659166316,0.0030088659166316,0.0030088659166316,0.0030088659166316,0.0030088659166316,0.0103992493944127,0.011744702238204,0.0030088659166316,0.0071712674661503
HT,2025,0.0202509973542084,0.0018322816303456,0.0265972043454674,0.0178681795171017,0.0234706699645058,0.0128201399676963,0.0128201399676963,0.0210837915878279,0.0154572644419146,0.0396542705148015,0.0128201399676963,0.0128201399676963,-0.00345251908003
HT,2030,0.0107300843239073,0.0136118069729854,0.0168703906340446,0.0107300843239073,0.0107300843239073,0.0107300843239073,0.0107300843239073,0.0107300843239073,0.0107300843239073,0.0165312468083753,0.0146320099828409,0.0107300843239073,0.0093735849516135
HT,2035,0.0096910336202207,0.0125708556900045,0.016312993422901,0.0096910336202207,0.0096910336202207,0.0096910336202207,0.0096910336202207,0.0096910336202207,0.0096910336202207,0.0160986423700143,0.0146320099828409,0.0096910336202207,0.0090175982108991
HT,2040,0.0086052733924487,0.0114728785094812,0.0153014308231819,0.0085950611374474,0.0085950611374474,0.0085950611374474,0.0085950611374474,0.0085950611374474,0.0085950611374474,0.0153486420914927,0.0146320099828409,0.0085950611374474,0.0077047546301597
HT,2045,0.0076593025635702,0.0104367261413446,0.0143530212673406,0.0075806894032626,0.0075608005866982,0.0075608005866982,0.0075608005866982,0.0075608005866982,0.0075608005866982,0.0145972529162354,0.0146320099828409,0.0075608005866982,0.0070021758993938
HT,2050,0.0066439481600983,0.0093235300040136,0.013347397457107,0.0066419049190741,0.0064496369340412,0.0064496369340412,0.0064496369340412,0.0064496369340412,0.0064496369340412,0.0138400204118223,0.0146320099828409,0.0064496369340412,0.0065154715020687
HN,2025,0.0254348925771903,0.013800019728032,0.0317810995684493,0.0230520747400836,0.0286545651874877,-0.07,0.0180040351906782,0.0262676868108098,0.0206411596648965,0.0448381657377834,0.0180040351906782,0.0180040351906782,-0.0080636566021991
HN,2030,0.0156958922755533,0.0366271248554928,0.0218361985856907,0.0156958922755534,0.0156958922755534,0.0156958922755534,0.0156958922755534,0.0156958922755534,0.0156958922755534,0.0214970547600215,0.0198471721614105,0.0156958922755534,0.0315577187122161
HN,2035,0.0137521144348078,0.0343964281333972,0.0203740742374882,0.0137521144348078,0.0137521144348078,0.0137521144348078,0.0137521144348078,0.0137521144348078,0.0137521144348078,0.0201597231846014,0.0198471721614105,0.0137521144348078,0.0042142533093533
HN,2040,0.0120184740393322,0.0326170632105926,0.0187146314700654,0.0120082617843309,0.0120082617843308,0.0120082617843308,0.0120082617843311,0.0120082617843309,0.0120082617843308,0.0187618427383762,0.0198471721614105,0.0120082617843308,-0.0030871926363173
HN,2045,0.010598227456383,0.0310778066771696,0.0172919461601535,0.0105196142960755,0.0104997254795111,0.0104997254795111,0.0104997254795111,0.0104997254795111,0.0104997254795111,0.0175361778090483,0.0198471721614105,0.0104997254795111,-0.0046159500545539
HN,2050,0.0092980921625777,0.0296534347537171,0.0160015414595865,0.0092960489215536,0.0091037809365206,0.0091037809365206,0.0091037809365206,0.0091037809365206,0.0091037809365207,0.0164941644143018,0.0198471721614105,0.0091037809365207,-0.0036973719898822
HU,2025,-0.0132293009622355,0.0072527667305987,0.0123239146123437,-0.0111126245538032,0.0364010334453911,0.0247263791561391,-0.0034225681052181,0.0026701769336319,-0.0053761301376328,-0.0245245150615968,0.0043102073121565,0.0669835838240407,0.0023428685087943
HU,2030,0.0010269741554065,0.0033060073967707,0.0154591865784903,-0.0023306168191758,0.0181994283108609,0.0010883042030188,-0.0040900313192976,0.0115894365718053,0.000221465436053,-0.0012110791336178,0.0093607516028273,0.0423284208082941,-0.0030002328600729
HU,2035,0.0011138284438287,0.0033917001332579,0.0155472930804619,-0.0022441434390148,0.0182877725704073,0.0011686750832213,-0.0040036210087909,0.0116771812082077,0.0003082498343639,-0.0011244190302983,0.0095857309419833,0.0424188586242859,0.0029632441509689
HU,2040,0.0009214868538975,0.0032020263107939,0.0153521784237151,-0.0024356414954613,0.0180921313919331,0.0009906912074319,-0.0041949793954777,0.0114828679142972,0.0001160630183118,-0.0013163305911304,0.0076550082394639,0.0422185811983376,0.0022659229263957
HU,2045,0.0011235842130759,0.0034012405333757,0.0155571895025964,-0.0022344218530043,0.0182976956982816,0.0011777026139937,-0.0039939151086541,0.01168703698437,0.000317997753316,-0.0011146850725827,0.0070260259526147,0.0424290169075447,0.0025888494077046
HU,2050,0.0013857032928622,0.0036596302685005,0.0158229956258171,-0.0019731600893908,0.0185643113880468,0.0014202553024445,-0.0037331359176029,0.011951843060936,0.0005799059105101,-0.0008531520274226,0.0071947124858915,0.0427019507780111,0.0032389739406446
IS,2025,0.0462121162801741,0.0042326123682903,-0.0091711737125456,-0.0033354436466801,0.0217009867717732,0.07,0.0195109996440707,0.07,-0.0634844062547396,-0.0183519299953684,0.0195109996440707,-0.031844088337295,0.0498578890899013
IS,2030,0.0699489942255305,0.0084440616587849,0.008655793486507,0.0084694207790596,0.0084421116730497,0.07,0.0084421116730499,0.0698489980234846,-0.015023407525325,0.0084421116730499,0.0206862251387039,0.0084421116730499,0.0083623544150863
IS,2035,0.0699459734395905,0.0047983261502207,0.0050092925232466,0.0048235935919889,0.0047963832140904,0.07,0.0047963832140904,0.0698358218004724,-0.015023407525325,0.0047963832140904,0.0206862251387039,0.0047963832140904,0.0072388849019644
IS,2040,0.0699443366052303,0.002822858418681,0.0030334100246322,0.002848076183798,0.0028209193024293,0.07,0.0028209193024293,0.0698286821702598,-0.015023407525325,0.0028209193024293,0.0206862251387039,0.0028209193024293,0.0027422737417715
IS,2045,0.0699431548698202,0.0013966419200735,0.0016068940791467,0.0014218877188588,0.0013947055616365,0.07,0.0013947055616365,0.0698235276145864,-0.015023407525325,0.0013947055616365,0.0206862251387039,0.0013947055616365,0.0019380763208741
IS,2050,0.0699423824897331,0.0004644694438985,0.0006745258850435,0.0004918626881276,0.0004625348879638,0.07,0.0004625348879638,0.0698201586064938,-0.015023407525325,0.0004625348879638,0.0206862251387039,0.0004625348879638,0.0029658690524372
IN,2025,0.0003297338009598,0.0400006744677686,0.07,0.035974910283878,-0.0379954510118031,0.0444511509357049,0.010182215089683,-0.0373080474749012,0.0261448873551654,-0.0273406969915187,0.010182215089683,0.0400911075448415,0.0540495852653844
IN,2030,0.0083564255320127,0.0455408242171156,0.07,0.038461134355941,0.0694771263819049,0.0544981515713861,0.0083564255320127,0.0103138035487802,0.0237673191490095,0.0064270382808306,0.0304696242586275,0.0391782127660063,0.0375495556529194
IN,2035,0.0070639758618922,0.0443517034462872,0.07,0.0371319058705066,0.0681063359310338,0.0531465602554265,0.0070639758618922,0.0090623932342439,0.0227979818964191,0.0071548628284127,0.0254364770244104,0.0385319879309461,0.0364622547443756
IN,2040,0.0056869419429775,0.0428828513055849,0.07,0.0356725038779973,0.0666013017422273,0.0516626054040337,0.0056449544938874,0.0076884302726509,0.0217337158704156,0.0067497214984036,0.0222312685552339,0.0378224772469437,0.0343668994443453
IN,2045,0.0046343186588016,0.041417528443339,0.07,0.0342166056600069,0.0650998704007668,0.0501822029389172,0.0042293300702229,0.0063177563916958,0.0206719975526672,0.006332884094351,0.0188545096884329,0.0371146650351114,0.0333657097181594
IN,2050,0.0037404878154183,0.0400846277831505,0.07,0.0328925576114143,0.0637340662423571,0.0488355280779746,0.002941581725562,0.0050708981206998,0.0197061862941715,0.0060055238315089,0.0158183914755061,0.036470790862781,0.0329918083853953
ID,2025,0.0699975181491559,0.0611273986470277,0.0366767038435717,0.0436914276672054,0.0270057115887068,0.0276662928064232,0.0091417584519288,0.0173436703707684,0.0117788829261471,0.0199333718291858,0.0091417584519288,0.0091417584519288,0.0522941220812029
ID,2030,0.0668593535278827,0.0596951514701287,0.023109666207381,0.0448835199031127,0.015928647691016,0.0092991504569702,0.0071487799361336,0.007551268072671,0.0071487799361336,0.0129499424206016,0.0121421604125682,0.0071487799361336,0.0392346411943716
ID,2035,0.0667976784889238,0.0594394884261913,0.0220842565404129,0.0437266623336087,0.0146836353152949,0.0080622624767172,0.0059145272176353,0.0063165221082029,0.0059145272176353,0.0123221359674289,0.0121421604125682,0.0059145272176353,0.0317651543064084
ID,2040,0.0667428976090134,0.0592124039079829,0.0211731756838119,0.0426991206140057,0.0135777929097998,0.0069636363055365,0.0048182417333866,0.0052197985140042,0.0048182417333866,0.0115718226874319,0.0121421604125682,0.0048182417333866,0.0335752845601036
ID,2045,0.0666822348357749,0.0584466712449007,0.0201681212647368,0.0415612705566457,0.0123532147870713,0.0057470492334551,0.0036042466707948,0.0040053183010352,0.0036042466707948,0.010640699000332,0.0121421604125682,0.0036042466707948,0.0325377841150912
ID,2050,0.066616966737361,0.0571672352986126,0.0190894677473433,0.0403376001888074,0.0110356705805851,0.0044381027328141,0.0022980889567758,0.0026986386055624,0.0022980889567758,0.0096884724345569,0.0121421604125682,0.0022980889567758,0.0316088012476235
IR,2025,0.0469609618288056,0.0563272952024666,0.0255442696196033,0.0199355953941136,0.0224177352386417,0.0117672052418322,0.0117672052418322,0.0200308568619638,0.0144043297160505,0.0386013357889374,0.0117672052418322,0.0117672052418322,0.0607937332797342
IR,2030,0.0389007526548814,0.0463887517505367,0.0130512186726764,0.07,0.006910912362539,0.006910912362539,0.006910912362539,0.006910912362539,0.006910912362539,0.012712074847007,0.0136982513062047,0.006910912362539,0.0558238945033563
IR,2035,0.0365634665008245,0.0440397532451872,0.0112675557451286,0.07,0.0046455959424482,0.0046455959424482,0.0046455959424482,0.0046455959424482,0.0046455959424482,0.0110532046922419,0.0136982513062047,0.0046455959424482,0.0452950600712491
IR,2040,0.0357155844319121,0.0431876223629114,0.0105301915507237,0.07,0.0038238218649892,0.0038238218649891,0.0038238218649893,0.0038238218649892,0.0038238218649892,0.0105774028190345,0.0136982513062047,0.003823821864989,0.0440825037024294
IR,2045,0.034895736509767,0.0423636661090357,0.0098214393872682,0.07,0.0030292187066258,0.0030292187066258,0.0030292187066258,0.0030292187066258,0.0030292187066258,0.010065671036163,0.0136982513062047,0.0030292187066258,0.0433059976453703
IR,2050,0.0336922402138992,0.0411541389849049,0.0087605410014004,0.07,0.0018627804783346,0.0018627804783346,0.0018627804783346,0.0018627804783346,0.0018627804783346,0.0092531639561157,0.0136982513062047,0.0018627804783346,0.0422600319700894
IQ,2025,0.030794043255414,0.0637871385931761,0.0371402502466729,0.0284112254183072,0.0340137158657113,0.0233631858689019,0.023363185868902,0.0316268374890334,0.0260003103431201,0.050197316416007,0.0233631858689018,0.0233631858689019,0.069601649981498
IQ,2030,0.0202839355674295,0.0211192970926472,0.0264242418775669,0.0202839355674295,0.0202839355674295,0.0202839355674295,0.0202839355674295,0.0202839355674295,0.0202839355674295,0.0260850980518976,0.0381178187573104,0.0202839355674295,0.0309549663800978
IQ,2035,0.0190394460455656,0.0198737886400438,0.0256614058482459,0.0190394460455656,0.0190394460455656,0.0190394460455656,0.0190394460455656,0.0190394460455656,0.0190394460455656,0.0254470547953592,0.0381178187573104,0.0190394460455656,0.0196103465643691
IQ,2040,0.0176907667259774,0.0185137844675794,0.0243869241567106,0.0176805544709761,0.0176805544709761,0.0176805544709761,0.0176805544709761,0.0176805544709761,0.0176805544709761,0.0244341354250214,0.0381178187573104,0.0176805544709761,0.0181256386737142
IQ,2045,0.0158738209894961,0.0166069890901277,0.0225675396932665,0.0157952078291885,0.0157753190126241,0.0157753190126241,0.0157753190126241,0.0157753190126241,0.0157753190126241,0.0228117713421613,0.0378410542130744,0.0157753190126241,0.0162528600041021
IQ,2050,0.014039695023493,0.0146754737328155,0.0207431443205017,0.0140376517824688,0.0138453837974359,0.0138453837974359,0.0138453837974359,0.0138453837974359,0.0138453837974359,0.021235767275217,0.0340475187767335,0.0138453837974359,0.0144155996723803
IE,2025,0.027394856912333,0.0158108332466316,0.0391149260300629,0.0174528443287682,0.0388989699212682,-0.0112744091543041,-0.0042831716065908,0.0210563876958057,0.0312942726083695,-0.0021720657155947,0.0435473066141602,0.0485734033619143,0.015412742171333
IE,2030,0.0318818846395195,0.0235010843029821,0.0374851033066265,0.0083397620888061,0.0469718381404342,0.0078402105756778,0.0189567369823477,0.0342363711921346,0.0087586256170724,0.0123520681863578,0.0179841439817047,0.0206231665764777,0.0197215100029292
IE,2035,0.0294437860454857,0.0210856579657871,0.0350372681824698,0.00595728809362,0.0444980854711013,0.0054940744889822,0.0165491775273374,0.0317948623391502,0.0063751619441,0.0099609756323327,0.0161073544492764,0.0182116697331759,0.0277006861556016
IE,2040,0.0280659876044967,0.0197206528729563,0.033652572932068,0.0046109050195901,0.0431001190168793,0.0041682266841876,0.0151886181648861,0.0304151175018951,0.0050282195836212,0.0086103462606344,0.0144112855321851,0.0168488852748949,0.0097022654481835
IE,2045,0.02698837233569,0.018652894137915,0.0325695224342002,0.0035776019502355,0.0420065766552938,0.0031310982644179,0.0141243370486983,0.029335828779937,0.0039745902026375,0.0075534736315749,0.0125343246683977,0.0157828636043891,0.025572739041941
IE,2050,0.0253832400616825,0.0170614716175157,0.0309561989770243,0.0021812935849331,0.0403777886887279,0.001586336626236,0.0125391325463537,0.0277282710441518,0.0024052510373235,0.0059798512203479,0.0111959398594014,0.0141950666154359,0.0241798188642124
IM,2025,0.007430857386512,-0.0169270420217294,0.013777064377771,0.0050480395494053,0.0106505299968094,0.0,0.0,0.0082636516201315,0.0026371244742182,0.0268341305471051,0.0,0.0,-0.0352235277142189
IM,2030,0.0,0.0,0.0061403063101373,0.0,0.0,0.0,0.0,0.0,0.0,0.005801162484468,0.0023981090840681,0.0,0.0
IM,2035,-0.0023923719152458,-0.0023923719152457,0.0042295878874345,-0.0023923719152458,-0.0023923719152458,-0.0023923719152458,-0.0023923719152457,-0.0023923719152458,-0.0023923719152458,0.0040152368345478,0.0023981090840681,-0.0023923719152458,0.0001327663375704
IM,2040,-0.0024111236770191,-0.0024213359320204,0.0042850337537141,-0.0024213359320204,-0.0024213359320204,-0.0024213359320204,-0.0024213359320204,-0.0024213359320204,-0.0024213359320204,0.0043322450220248,0.0023981090840681,-0.0024213359320204,-0.0024213359320204
IM,2045,-0.0048278460883865,-0.0049263480652584,0.0018658726153838,-0.0049064592486941,-0.0049263480652584,-0.0049263480652584,-0.0049263480652584,-0.0049263480652584,-0.0049263480652584,0.0021101042642786,0.0023981090840681,-0.0049263480652584,-0.0043035939369065
IM,2050,-0.0048564521534109,-0.005050763379468,0.0018469971435977,-0.0048584953944351,-0.005050763379468,-0.005050763379468,-0.005050763379468,-0.005050763379468,-0.005050763379468,0.002339620098313,0.0023981090840681,-0.005050763379468,-0.0024649819979404
IL,2025,0.0253197021469941,-0.0217964261954242,0.0070549342860939,0.0069115582935292,0.0070309290941117,0.0070376912347278,0.0179133655737637,0.0261770171938953,0.0128027957486765,0.0197302808489435,0.0179133655737637,0.007093667311226,-0.0103014500546694
IL,2030,0.0135106206542467,0.0135536994505821,0.0135106206542467,0.0069115582935292,0.0135106206542467,0.0135106206542467,0.0135106206542467,0.0135106206542467,0.0062872020034161,0.0065233477535087,0.0189865831923642,0.0135106206542467,0.0060866908542016
IL,2035,0.0131065913238082,0.0131499782328798,0.0131065913238082,0.0069115582935292,0.0131065913238082,0.0131065913238082,0.0131065913238082,0.0131065913238082,0.0062872020034161,0.0065233477535087,0.0189865831923642,0.0131065913238082,-0.0005635488845089
IL,2040,0.0129980592111246,0.0130313244196405,0.0129878469561233,0.0069115582935292,0.0129878469561233,0.0129878469561233,0.0129878469561233,0.0129878469561233,0.0062872020034161,0.0065233477535087,0.0189865831923642,0.0129878469561233,-0.0011463356545878
IL,2045,0.0129720991896297,0.0129171618031205,0.0128735972127578,0.0069115582935292,0.0128735972127578,0.0128735972127578,0.0128735972127578,0.0128735972127578,0.0062872020034161,0.0065233477535087,0.0189865831923642,0.0128735972127578,-0.0011402881082614
IL,2050,0.0121181682839465,0.0119681459200211,0.0119238570578894,0.0069115582935292,0.0119238570578894,0.0119238570578894,0.0119238570578894,0.0119238570578894,0.0062872020034161,0.0065233477535087,0.0189865831923642,0.0119238570578894,-0.001713157660895
IT,2025,-0.0097336495534132,0.0124511481323495,0.0259425060846355,0.0183451203713956,-0.0110095411967306,0.0568659596742184,0.0168315822595641,0.0126728196023456,0.060296803307169,0.011386699643451,0.07,0.0075510781237916,0.0043544471578044
IT,2030,-0.0038453393367248,0.0095281143189402,0.0134787602116688,0.0098687809962285,-0.0038567562701607,0.0574245957775623,0.004470594157538,0.0027397665456402,0.0586475056750269,-0.0042407547066645,-8.709497332515248e-05,0.029148605429065,0.0004258177844775
IT,2035,-0.0045076918646169,0.008917168200551,0.012867056003807,0.0092571539834161,-0.0041592592844724,0.0574229429384005,0.0038621026734324,0.0019750694156058,0.0585544588087541,-0.0047612791953148,-0.0001078958684689,0.0288154801963688,0.0064897222106056
IT,2040,-0.0048599350556588,0.0085604036834,0.0125089232174011,0.0088999918551455,-0.004511751133776,0.0574219777561238,0.0035067715501415,0.0016204062343015,0.0585001237056754,-0.0050578317849364,0.0001723496878689,0.0286209503365065,0.0056977656312621
IT,2045,-0.0054645672716136,0.0079471261069738,0.0118935000837099,0.0082865553324579,-0.0051171972683728,0.0574203199422488,0.0028964486291338,0.001011230582074,0.0584067967870618,-0.0055678809778698,0.0003877199592858,0.0282868224639048,0.0052512788699839
IT,2050,-0.0065362280674234,0.0068602920741945,0.010802841302597,0.0071996818519147,-0.0061899687357752,0.0574173825126051,0.0018150361332154,-6.81491034216816e-05,0.0582414336775988,-0.0065897224130295,6.461033099136593e-05,0.0276947915172879,0.0046145821850104
JM,2025,0.0092949897161458,-0.0381468361061143,0.0684361223926044,0.0069121718790391,0.0125146623264432,0.0260288752649158,0.0018641323296337,0.0696761639765356,0.004501256803852,0.0286982628767389,0.0018641323296337,0.0018641323296337,-0.0473493294281941
JM,2030,-0.0018383777064536,0.0028106380228963,0.0690127625805696,-0.0018383777064536,-0.0018383777064536,0.0403124089780321,-0.0018383777064536,0.0580725293198325,-0.0018383777064536,0.0039627847780143,0.0003369594382294,-0.0018383777064536,-0.0151408938192289
JM,2035,-0.0035804714837793,0.0011724063711733,0.0690251305383629,-0.0035804714837793,-0.0035804714837794,0.0395924794746893,-0.0035804714837793,0.056435987151163,-0.0035804714837793,0.0028271372660142,0.0011972874785453,-0.0035804714837793,-0.0371151740889628
JM,2040,-0.0057006818326788,-0.0008310022780521,0.0690272478554836,-0.00571089408768,-0.00571089408768,0.0387120710218843,-0.0057108940876801,0.0544507237429643,-0.0057108940876801,0.0010426868663652,0.0035640778997301,-0.0057108940876801,-0.0369215323502484
JM,2045,-0.0074638028148864,-0.0025720334758191,0.069029295991304,-0.0075424159751939,-0.0075623047917583,0.0379469657181292,-0.0075623047917583,0.0527254613853342,-0.0075623047917583,-0.0005258524622211,0.0037701426723315,-0.0075623047917583,-0.0432399005790144
JM,2050,-0.0091066983754713,-0.0042070782073037,0.069013499590269,-0.0091087416164955,-0.0093010096015284,0.0372284367236229,-0.0093010096015284,0.0511052255550459,-0.0093010096015284,-0.0019106261237473,0.0037701426723315,-0.0093010096015284,-0.0171195544739661
JP,2025,0.0014035384192366,-0.0055134995488201,0.0096295089841846,-0.0168488548297839,0.0056519903552362,-0.0170545152340555,0.024845032737192,-0.01482071912815,-0.0006822276901259,0.0037320113919956,-0.0037777496318305,0.0162126003957446,-0.026831515533838
JP,2030,-0.0030030847289138,-0.0054716940149821,0.0044211039918727,-0.0067064464456616,-0.0057865184175593,-0.0113684301633199,0.0094282217340533,-0.0061458233682992,-0.0074998224281734,-0.0041569036266441,-0.0065812681670227,-0.0001607592232475,-0.0261390234182864
JP,2035,-0.0035279329564529,-0.0059191912804598,0.0038903056280537,-0.006991082289059,-0.0063141037013421,-0.0113684403044965,0.0088916807587802,-0.0065215222069645,-0.0077636336389035,-0.0045363363610568,-0.0090450401930647,-0.0006922033713429,-0.0299428370981338
JP,2040,-0.0037783141035986,-0.0061328166627821,0.0036369141817082,-0.0071288723843801,-0.0065659613475233,-0.0113684451456718,0.0086355478618518,-0.0067008725946416,-0.0078895713263506,-0.0047159943969077,-0.0101589271163755,-0.000945903154734,-0.0057281604710229
JP,2045,-0.0038029757326566,-0.0061550960173363,0.0036104879001889,-0.0071431169145536,-0.0065922280099183,-0.0113684456505662,0.0086088353262829,-0.0067195773516937,-0.0079027055820269,-0.0047339635790387,-0.0091897518864985,-0.0009723619367525,-0.00546631901474
JP,2050,-0.003691924635467,-0.0060617703417547,0.0037211866085711,-0.0070819282550104,-0.0064821999564878,-0.0113684435356211,0.0087207310915928,-0.0066412252574161,-0.0078476876827753,-0.0046518278937875,-0.008777085843138,-0.0008615291161274,-0.0045447664544689
JE,2025,0.0110963567453901,-0.0162189971949177,0.0174425637366491,0.0087135389082834,0.0143160293556874,0.003665499358878,0.003665499358878,0.0119291509790095,0.0063026238330963,0.0304996299059832,0.003665499358878,0.003665499358878,0.0474199577410886
JE,2030,0.0,-0.0094820671912739,0.0061403063101373,0.0,0.0,0.0,0.0,0.0,0.0,0.005801162484468,0.0073486310921859,0.0,-0.0018488636310991
JE,2035,0.0019157228600665,-0.0093827339030106,0.0085376826627469,0.0019157228600665,0.0019157228600665,0.0019157228600665,0.0019157228600665,0.0019157228600665,0.0019157228600665,0.0083233316098602,0.0073486310921859,0.0019157228600665,0.0024575231223048
JE,2040,1.0212255001306874e-05,-0.0094820671912739,0.0067063696857345,0.0,0.0,0.0,0.0,0.0,0.0,0.0067535809540453,0.0073486310921859,0.0,-0.0018488636310991
JE,2045,9.85019768719234e-05,-0.0094820671912739,0.0067922206806423,1.9888816564363516e-05,0.0,0.0,0.0,0.0,0.0,0.0070364523295371,0.0073486310921859,0.0,-0.0012584002983722
JE,2050,0.0001943112260571,-0.0094820671912739,0.0068977605230658,0.0001922679850329,0.0,0.0,0.0,0.0,0.0,0.0073903834777811,0.0073486310921859,0.0,0.0006028408582478
JO,2025,0.0134714097101598,0.0080678753933415,0.0403095169074636,0.0315856204357795,0.0371881108831835,0.0080380564580864,0.0265375808863741,-0.07,0.0291747053605924,0.052765678268002,0.0265375808863741,0.0265375808863741,-0.0153622878586171
JO,2030,0.0130296533409004,0.0129315260684757,0.0191699596510378,0.0130296533409004,0.0130296533409004,0.07,0.0130296533409004,0.07,0.0130296533409004,0.0188308158253684,0.059928577337493,0.0130296533409004,0.007151233187224
JO,2035,0.0155886277627708,0.0153993332464248,0.0222105875654511,0.0155886277627708,0.0155886277627708,0.07,0.0155886277627708,0.07,0.0155886277627708,0.0219962365125644,0.059928577337493,0.0155886277627708,0.0120783727965462
JO,2040,0.0148145859506123,0.0146528678172467,0.0215209556363468,0.0148145859506123,0.0148145859506123,0.07,0.0148145859506123,0.07,0.0148145859506123,0.0215681669046576,0.059928577337493,0.0148145859506123,0.0090221641415177
JO,2045,0.0137133995910683,0.0135909128484447,0.0205056202717106,0.0137332884076326,0.0137133995910683,0.07,0.0137133995910683,0.07,0.0137133995910683,0.0207498519206054,0.059928577337493,0.0137133995910683,0.0086462143500291
JO,2050,0.0115813395938009,0.0115348106380799,0.0184791001168667,0.0117736075788338,0.0115813395938009,0.07,0.0115813395938009,0.0644688004777194,0.0115813395938009,0.018971723071582,0.0557599546966756,0.0115813395938009,0.0085287340668067
KZ,2025,0.0330804567983173,-0.0323026391313361,-0.0523934962894449,-0.0449306789794355,0.0010374267131102,-0.0414980941808363,-0.07,0.0207212234466266,0.048608319707055,0.0550900729376383,0.0373594877181484,-0.0158709305815617,-0.0264563619688171
KZ,2030,0.0244987951907014,0.002430939907651,0.0136136234250083,0.0130012465972008,0.0434363877408491,-0.0114150732049579,-0.0169510227090028,0.0251640153935572,0.0536804793365246,0.064682361328588,0.0384692241835409,0.0338341748940587,-0.0056112293269866
KZ,2035,0.0235227149661349,0.0013836454933131,0.0126600269411329,0.0096376990888046,0.0428645806378898,-0.0117606784707536,-0.0169510227090028,0.0243596628998947,0.0529840600394869,0.0644760420618116,0.030261941493904,0.0332433494284662,-0.004336115846534
KZ,2040,0.022948371225179,0.0010382211450002,0.0120961844357364,0.0090815166983567,0.0425281120827421,-0.0119640430386854,-0.0169510227090028,0.0239254198853337,0.0525742659088465,0.0643549917062003,0.0233219356282936,0.0328956898948168,-0.024652329746252
KZ,2045,0.022891708928918,0.0010040934925566,0.0120416725237677,0.0090267878181025,0.0424948608619121,-0.0119841403703792,-0.0169510227090028,0.0238825061861181,0.0525337683499386,0.0643432428239841,0.0163087028515664,0.0328613327349864,-0.0243806060359023
KZ,2050,0.0223281819392784,0.000665162750966,0.0114888355159973,0.0084827584587196,0.0421646733951769,-0.0121837085929718,-0.0169510227090028,0.0234563694826083,0.0521316241263285,0.064224573436586,0.0089301115668458,0.0325201631993914,-0.0242283880845535
KE,2025,0.0279477232921985,0.0182376291647166,-0.07,0.0255649054550918,0.0311673959024959,-0.0624143963023067,0.0205168659056864,0.07,0.0231539903799047,0.0473509964527916,0.0205168659056864,0.0205168659056864,0.0082949655562849
KE,2030,0.0187920844601885,0.0273423464945743,0.0486590208719854,0.0187920844601885,0.0187920844601885,0.0187920844601885,0.0187920844601885,0.07,0.0187920844601885,0.0245932469446565,0.0246146381512073,0.0187920844601885,0.0203371231537314
KE,2035,0.0173652270325161,0.0249581744021399,0.0173652270325161,0.0173652270325161,0.0173652270325161,0.0173652270325161,0.0173652270325161,0.07,0.0173652270325161,0.0237728357823098,0.0246146381512073,0.0173652270325161,0.0215673065268417
KE,2040,0.0154415779947084,0.023305501352311,0.0154313657397071,0.0154313657397071,0.0154313657397071,0.0154313657397071,0.0154313657397071,0.07,0.0154313657397071,0.0221849466937524,0.0246146381512073,0.0154313657397071,0.0191097733345402
KE,2045,0.013415572829068,0.0214986656085942,0.0133170708521961,0.0133369596687604,0.0133170708521962,0.0133170708521961,0.0133170708521961,0.07,0.0133170708521961,0.0203535231817333,0.0246146381512073,0.0133170708521961,0.0150664721903938
KE,2050,0.0114932286196906,0.0197741429609314,0.0112989173936335,0.0114911853786664,0.0112989173936335,0.0112989173936335,0.0112989173936335,0.07,0.0112989173936335,0.0186893008714146,0.0246146381512073,0.0112989173936335,0.0171776999972499
KI,2025,0.02370651038672,0.0473236958782109,0.0300527173779789,0.0213236925496133,0.0269261829970173,0.0162756530002079,0.0162756530002079,0.0245393046203394,0.0189127774744262,0.0431097835473131,0.0162756530002079,0.0162756530002079,-0.0358387057016445
KI,2030,0.0128982452801891,0.0340398538651042,0.0190385515903264,0.0128982452801891,0.0128982452801891,0.0128982452801891,0.0128982452801891,0.0128982452801891,0.0128982452801891,0.0186994077646571,0.0162756530002079,0.0128982452801891,0.0142109292967365
KI,2035,0.0134276265118782,0.034567428804259,0.0200495863145586,0.0134276265118782,0.0134276265118782,0.0134276265118782,0.0134276265118782,0.0134276265118782,0.0134276265118782,0.0198352352616718,0.0162756530002079,0.0134276265118782,0.0171952299425175
KI,2040,0.0113624272798115,0.0324990987927904,0.0180585847105447,0.0113522150248102,0.0113522150248102,0.0113522150248102,0.0113522150248102,0.0113522150248102,0.0113522150248102,0.0181057959788555,0.0162756530002079,0.0113522150248102,0.0127004399667685
KI,2045,0.0108408241428127,0.0318912869387846,0.0175345428465831,0.0107622109825052,0.0107423221659408,0.0107423221659408,0.0107423221659408,0.0107423221659408,0.0107423221659408,0.017778774495478,0.0162756530002079,0.0107423221659408,0.0127130055748837
KI,2050,0.0103889445164332,0.0313454668229491,0.017092393813442,0.0103869012754091,0.0101946332903761,0.0101946332903761,0.0101946332903761,0.0101946332903761,0.0101946332903762,0.0175850167681572,0.0162756530002079,0.0101946332903761,0.0140958074380669
KR,2025,0.0466576222719161,0.0124606619613409,0.0334897274383862,-0.0148976447148208,0.0345267377398002,0.0339937569597299,0.0468103677737807,-0.0056281775188686,0.0261094354224014,-0.0234327990412279,0.0044313018115413,-0.0310837462814896,-0.0255180762470185
KR,2030,0.002587713496017,0.0072620132134289,0.0248122298799355,-0.0032696843632491,0.0291346798962056,0.0318543657776286,0.050951488915113,-0.0006087234850426,-0.0017408770894618,-0.0252039033799152,0.0212817411681689,-0.0017158419603514,-0.0264350254454758
KR,2035,0.0009941818636836,0.0056575405105876,0.0231790303330046,-0.0039825811562587,0.0274940011366733,0.0302117195835843,0.0492760291149092,-0.0022019843787531,-0.0033316587808745,-0.0252026088453792,0.0182975628674249,-0.0033073378510918,-0.0301577973418746
KR,2040,-0.0009529168648012,0.0038468630354769,0.0211834623149824,-0.0042160148977675,0.0254892944451221,0.0282046089301919,0.0472288242898455,-0.0041487522980983,-0.0052753974213877,-0.0252021991232345,0.0162211363065702,-0.0052519491549237,-0.0074594082346135
KR,2045,-0.0026498874185313,0.0019884513177895,0.0194442489330371,-0.0069178895066186,0.0237421163618231,0.0264553357027702,0.0454446074677787,-0.0058454345390886,-0.0069694395307291,-0.0252017988319533,0.0140479137796705,-0.0069467518235185,-0.008865110792583
KR,2050,-0.004491844035157,0.0001338479630596,0.0175564403381526,-0.0087572817647384,0.0218456625760564,0.0245566077675963,0.0435079504210926,-0.0076870782100609,-0.0088082175020291,-0.025201386445256,0.0114343810905219,-0.0087863553348647,-0.0099080915854415
KW,2025,0.0356874369157039,0.0695767616325392,0.0365316656042204,0.0364048686898707,0.0420073591372747,0.0196032478999996,0.0313568291404653,0.0396204807605968,0.0339939536146835,0.0563801144585704,0.0313568291404653,0.0313568291404653,0.0690538194954589
KW,2030,0.019275665764799,0.0232846930120478,0.0342536887350501,0.0123682779852987,0.0123682779852987,0.07,0.0123682779852987,0.0123682779852987,0.0123682779852987,0.0181694404697667,0.0527188139053022,0.0123682779852987,0.0355363383120971
KW,2035,0.0158927514404003,0.0199026883037335,0.0308171458458113,0.009004454346191,0.009004454346191,0.07,0.0090044543461911,0.0090044543461909,0.009004454346191,0.0154120630959846,0.0445603250461643,0.009004454346191,0.0237679132924725
KW,2040,0.0161327785626302,0.0201426508861876,0.0310609780629544,0.0092431269315298,0.0092431269315298,0.07,0.0092431269315298,0.0092431269315298,0.0092431269315298,0.0159967078855751,0.0421378964334677,0.0092431269315298,0.0241755494064977
KW,2045,0.0159561379501996,0.0199660577698293,0.0308815372074113,0.0090873719656208,0.0090674831490564,0.07,0.0090674831490564,0.0090674831490565,0.0090674831490564,0.0161039354785936,0.0344419095441046,0.0090674831490565,0.0236777533290865
KW,2050,0.0155605804882411,0.0195706066674752,0.030479709063738,0.0088664259080956,0.0086741579230627,0.07,0.0086741579230626,0.0086741579230627,0.0086741579230626,0.0160645414008438,0.0295042431705838,0.0086741579230626,0.023803036541765
KG,2025,-0.022354850860855,0.0173527343214591,0.046916405707516,0.0258833914859563,0.0588271095180721,0.0685454545454545,-0.07,0.0447863034545207,-0.0641523886106376,-0.0177311728477253,0.0208353519365509,-0.0218795419141467,0.0165925555075938
KG,2030,0.0225322366624422,0.0167272452811865,0.0365260430010058,0.0137840399860771,0.0613632900335924,0.0137840399860771,0.0137840399860771,0.0191269076109792,0.0137840399860771,0.0137840399860771,0.0223498264559377,0.07,-0.0104083319786404
KG,2035,0.0220480727988415,0.014537631586484,0.0348523134829468,0.0121096399577911,0.0613632900335924,0.0121096399577911,0.0121096399577911,0.0174458704568137,0.0121096399577911,0.0121096399577911,0.0223498264559377,0.07,-0.0140402733194239
KG,2040,0.0218078348489113,0.0137372777377596,0.0340173176934856,0.0112788170476157,0.0613632900335924,0.0112788170476159,0.0112788170476159,0.0166113701326967,0.0112788170476159,0.0112788170476157,0.0223498264559377,0.07,-0.0192058307539608
KG,2045,0.0212714302212561,0.013008711676227,0.033256372832198,0.0105423698219211,0.0613632900335924,0.0105224810053567,0.0105224810053567,0.0158516863725638,0.0105224810053567,0.0105224810053567,0.0223498264559377,0.07,-0.0223833827903688
KG,2050,0.0201013962659064,0.0116331278197799,0.0318179251570547,0.0092866193095952,0.0613632900335924,0.0090943513245622,0.0090943513245622,0.0144172354602116,0.0090943513245622,0.0090943513245622,0.0223498264559377,0.07,-0.0204406476221531
LA,2025,0.0225859997768421,0.062233113856645,0.028932206768101,0.0202031819397354,0.0258056723871395,0.01515514239033,0.01515514239033,0.0234187940104615,0.0177922668645482,0.0419892729374352,0.0151551423903302,0.0151551423903301,0.0622314832722802
LA,2030,0.0122017740335533,0.0655578648297946,0.0183420803436907,0.0122017740335533,0.0122017740335533,0.0122017740335533,0.0122017740335533,0.0122017740335533,0.0122017740335533,0.0180029365180214,0.0154671435703162,0.0122017740335533,0.0182742404907356
LA,2035,0.0103017340775559,0.0652894048947854,0.0169236938802363,0.0103017340775559,0.0103017340775559,0.0103017340775559,0.0103017340775559,0.0103017340775559,0.0103017340775559,0.0167093428273496,0.0154671435703162,0.0103017340775559,0.0185237143378784
LA,2040,0.0086833300632275,0.0650592948823937,0.0153794874939607,0.0086731178082262,0.0086731178082262,0.0086731178082262,0.0086731178082262,0.0086731178082262,0.0086731178082262,0.0154266987622715,0.0154671435703162,0.0086731178082262,0.0150963960776001
LA,2045,0.0072007527277357,0.0648373443561447,0.0138944714315061,0.0071221395674281,0.0071022507508637,0.0071022507508637,0.0071022507508637,0.0071022507508637,0.0071022507508637,0.0141387030804009,0.0154671435703162,0.0071022507508637,0.0141876580101228
LA,2050,0.0058573768765765,0.0646339994015898,0.0125608261735852,0.0058553336355523,0.0056630656505194,0.0056630656505194,0.0056630656505194,0.0056630656505194,0.0056630656505194,0.0130534491283005,0.0154671435703162,0.0056630656505194,-0.0468566210102784
LV,2025,-0.0302455105491452,0.0016439234205829,-0.0431539221145948,-0.0699503867614787,0.012658478418079,-0.0161869522257654,-0.07,-0.0098349917309597,-0.0325014172582008,-0.0033934057713946,-0.07,-0.0028747155618935,-0.0035810655960896
LV,2030,-0.0082612180438382,0.0153047311541563,-0.0139755490546986,-0.0365825618441572,-0.0086238595490111,-0.0069410952720818,-0.07,-0.0058458585967682,-0.0079402382106559,-0.0119097298201864,-0.0327486392689567,0.0155615256531214,-0.0317813189453441
LV,2035,-0.0078381965460829,0.0154482911254404,-0.0139004139170793,-0.0365786126618432,-0.0081944572307162,-0.0065171463803539,-0.07,-0.0054355849483356,-0.0075167420642512,-0.0119096869807962,-0.0327486392689567,0.0158627912792889,0.0044339186595272
LV,2040,-0.0074651108817899,0.0155752563598258,-0.0138209260888509,-0.0365751296631898,-0.0078216804148523,-0.0061432427968815,-0.07,-0.0050737423056338,-0.007143237781501,-0.0119096281776174,-0.0327486392689567,0.0161284938189086,0.0176011120761956
LV,2045,-0.007407867253853,0.0155946804421977,-0.0138143184756477,-0.0365745879044795,-0.0077700871454932,-0.0060858736732054,-0.07,-0.0050182237274816,-0.0070859299237062,-0.0119096020821456,-0.0327486392689567,0.0161692613390134,0.0039586380427964
LV,2050,-0.0078522259845039,0.0154435299825965,-0.0139021897425672,-0.0365787101511391,-0.0082146654196852,-0.0065312065756435,-0.07,-0.0054491916064298,-0.0075307872443165,-0.0119095328750811,-0.0327486392689567,0.0158527998543303,-0.0064030391926722
LB,2025,-0.0083726271856425,-0.054421114207848,-0.0020264201943835,-0.0107554450227492,-0.0051529545753451,-0.0158034845721546,-0.0158034845721546,-0.07,-0.0131663600979363,0.0110306459749505,-0.0158034845721546,-0.0158034845721546,-0.0695578530876571
LB,2030,0.008471783080159,0.0084612060253198,0.0146120893902964,0.008471783080159,0.008471783080159,0.008471783080159,0.008471783080159,3.3306690738754696e-16,0.008471783080159,0.014272945564627,0.041674862896408,0.008471783080159,0.0669261289320757
LB,2035,0.0083185675875474,0.0083098132194711,0.0149405273902278,0.0083185675875474,0.0083185675875475,0.0083185675875474,0.0083185675875474,3.3306690738754696e-16,0.0083185675875474,0.014726176337341,0.0382069069331649,0.0083185675875474,0.0525350996719175
LB,2040,0.0081494485108918,0.0081326152546088,0.014845605941625,0.0081392362558905,0.0081392362558905,0.0081392362558905,0.0081392362558905,3.3306690738754696e-16,0.0081392362558905,0.0148928172099358,0.0353123373264634,0.0081392362558905,0.0068330058748548
LB,2045,0.0066819552252814,0.0065834532484097,0.0133756739290519,0.0066033420649739,0.0065834532484095,0.0065834532484095,0.0065834532484096,3.3306690738754696e-16,0.0065834532484095,0.0136199055779467,0.0305697958178938,0.0065834532484095,0.0059299651778593
LB,2050,0.005133540573269,0.0049392293472119,0.0118369898702777,0.0051314973322448,0.0049392293472119,0.0049392293472119,0.0049392293472119,3.3306690738754696e-16,0.0049392293472119,0.012329612824993,0.0257965705028742,0.0049392293472119,0.0062060049433569
LS,2025,0.0192398687980002,0.0310912361181181,-0.0358483001990314,0.0168570509608935,0.0224595414082976,0.0118090114114882,0.0118090114114881,0.0200726630316196,0.0144461358857064,0.0012441220433386,0.0118090114114881,0.0118090114114881,0.0096461584020372
LS,2030,0.0109083421155125,0.0124848964895536,-0.0139133677255067,0.0109083421155125,0.0109083421155125,0.0109083421155125,0.0109083421155125,0.0109083421155125,0.0109083421155125,0.0109083421155125,0.012132146346348,0.0109083421155125,0.0142140279137424
LS,2035,0.0104213846467536,0.0119976730708496,-0.0139133677255067,0.0104213846467536,0.0104213846467536,0.0104213846467535,0.0104213846467535,0.0104213846467536,0.0104213846467536,0.0104213846467535,0.012132146346348,0.0104213846467535,0.0160950736371383
LS,2040,0.0099153644085517,0.0114811586392597,-0.0139133677255067,0.0099051521535505,0.0099051521535505,0.0099051521535505,0.0099051521535504,0.0099051521535505,0.0099051521535505,0.0099051521535504,0.012132146346348,0.0099051521535505,0.0157276089318808
LS,2045,0.0090444710604237,0.0105214517151233,-0.0139133677255067,0.0089658579001161,0.0089459690835518,0.0089459690835518,0.0089459690835518,0.0089459690835518,0.0089459690835518,0.0089459690835518,0.012132146346348,0.0089459690835518,0.0157526918288299
LS,2050,0.0079477095029273,0.009328229590491,-0.0139133677255067,0.0079456662619032,0.0077533982768702,0.0077533982768702,0.0077533982768702,0.0077533982768702,0.0077533982768702,0.0077533982768702,0.012132146346348,0.0077533982768702,0.0159582897997494
LR,2025,0.0282037408280755,0.0053733556559512,0.0345499478193345,0.0258209229909688,0.0314234134383729,0.0207728834415634,0.0207728834415634,0.029036535061695,0.0234100079157817,0.0476070139886686,0.0207728834415634,0.0207728834415634,0.0053733556559512
LR,2030,0.0215152653653505,0.0215152653653505,0.0276555716754879,0.0215152653653505,0.0215152653653505,0.0215152653653505,0.0215152653653505,0.0215152653653505,0.0215152653653505,0.0273164278498185,0.0268636142852876,0.0215152653653505,-0.0661941152430477
LR,2035,0.0191596791736976,0.0191596791736976,0.025781638976378,0.0191596791736976,0.0191596791736976,0.0191596791736976,0.0191596791736976,0.0191596791736976,0.0191596791736976,0.0255672879234912,0.0268636142852876,0.0191596791736976,-0.07
LR,2040,0.0188888394208101,0.0188786271658087,0.0255849968515433,0.0188786271658087,0.0188786271658087,0.0188786271658087,0.0188786271658087,0.0188786271658087,0.0188786271658087,0.0256322081198541,0.0268636142852876,0.0188786271658087,-0.07
LR,2045,0.0163158964402402,0.0162173944633683,0.0230096151440106,0.0162372832799327,0.0162173944633683,0.0162173944633683,0.0162173944633683,0.0162173944633683,0.0162173944633683,0.0232538467929055,0.0268636142852876,0.0162173944633683,-0.07
LR,2050,0.014371676068413,0.0141773648423559,0.0210751253654218,0.0143696328273889,0.0141773648423559,0.0141773648423559,0.0141773648423559,0.0141773648423559,0.0141773648423559,0.021567748320137,0.0268636142852876,0.0141773648423559,-0.07
LY,2025,0.0218576364007599,-0.0579656818207071,0.0282038433920188,0.0194748185636531,0.0250773090110572,0.0144267790142478,0.0144267790142478,0.0226904306343793,0.017063903488466,0.041260909561353,0.0144267790142478,0.0144267790142478,-0.0579845675033357
LY,2030,0.0111759598354646,0.0106068723798643,0.0173162661456019,0.0111759598354646,0.0111759598354646,0.0111759598354646,0.0111759598354646,0.0111759598354646,0.0111759598354646,0.0169771223199326,0.0173091391182053,0.0111759598354646,-0.0573816701949578
LY,2035,0.0100704873802827,0.0088686008853373,0.0166924471829631,0.0100704873802827,0.0100704873802827,0.0100704873802828,0.0100704873802828,0.0100704873802827,0.0100704873802827,0.0164780961300764,0.0173091391182053,0.0100704873802827,-0.0211252824302839
LY,2040,0.0088029315013175,0.0076651420628637,0.0154990889320507,0.0087927192463163,0.0087927192463163,0.0087927192463163,0.0087927192463161,0.0087927192463162,0.0087927192463163,0.0155463002003615,0.0173091391182053,0.0087927192463163,-0.0224553012036388
LY,2045,0.0077790534808758,0.0066176530498132,0.0144727721846462,0.0077004403205682,0.0076805515040039,0.0076805515040039,0.0076805515040039,0.0076805515040039,0.0076805515040039,0.014717003833541,0.0173091391182053,0.0076805515040039,-0.0234634705001068
LY,2050,0.0064384536381464,0.0052647791219124,0.0131419029351552,0.0064364103971223,0.0062441424120893,0.0062441424120893,0.0062441424120893,0.0062441424120893,0.0062441424120893,0.0136345258898704,0.0173091391182053,0.0062441424120893,-0.0247765087123265
LI,2025,0.0140330229131453,0.0132044268944677,0.0203792299044043,0.0116502050760386,0.0172526955234427,0.0066021655266332,0.0066021655266332,0.0148658171467648,0.0092392900008515,0.0334362960737384,0.0066021655266332,0.0066021655266332,0.0118952065538721
LI,2030,0.0049507371194887,0.0049507371194886,0.011091043429626,0.0049507371194887,0.0049507371194886,0.0049507371194885,0.0049507371194887,0.0049507371194886,0.0049507371194885,0.0107518996039567,0.0091748244185174,0.0049507371194886,0.0090669002864294
LI,2035,0.0048311428358298,0.0048311428358298,0.0114531026385102,0.0048311428358298,0.0048311428358298,0.0048311428358298,0.0048311428358298,0.0048311428358298,0.0048311428358298,0.0112387515856234,0.0091748244185174,0.0048311428358298,0.0104650513917685
LI,2040,1.0212255001306874e-05,0.0,0.0067063696857345,0.0,0.0,0.0,0.0,0.0,0.0,0.0067535809540453,0.0091748244185174,0.0,0.0057972840911229
LI,2045,0.0048156925368247,0.0047249507555697,0.0115094112405951,0.0047370793765171,0.0047171905599527,0.0047171905599527,0.0047171905599527,0.0047171905599527,0.0047171905599527,0.0117536428894899,0.0091748244185174,0.0047171905599527,0.0111016139064217
LI,2050,0.0001943112260571,4.858651650609126e-05,0.0068977605230658,0.0001922679850329,0.0,0.0,0.0,0.0,0.0,0.0073903834777811,0.0091748244185174,0.0,0.0068214291158918
LT,2025,-0.0230758633395388,-0.0153606317177805,-0.0007761812230274,-0.0208010435787237,0.0643106959161647,0.0696434029249471,-0.0035078593423539,-0.0169607695912431,0.0387323656555955,0.0157360526244899,0.07,0.0465036819268996,0.0138257127493653
LT,2030,-0.007576878832446,-0.0024965879338481,-0.0043971551246345,-0.006887439025763,0.0590486861103248,0.0607486459927402,0.07,-0.0064654796723103,0.0031912580453397,-0.0015318947514821,-0.0036078766091313,0.0182848711985969,-0.001392418554702
LT,2035,-0.0061473975356921,-0.0010597890115102,-0.0029598052795857,-0.0055091505316949,0.0596115095775936,0.0615924054741974,0.07,-0.0050349257611684,0.0046362497125589,-9.318958968261396e-05,-0.0018785994525234,0.01975160363066,-0.0110227258028976
LT,2040,-0.0067334997242882,-0.0016488915026495,-0.0035471233323447,-0.0060742631391312,0.05938074610646,0.0612464553174141,0.07,-0.0056214677328115,0.0040437881108692,-0.0006820192830782,-0.0029988965148246,0.0191502280894275,-0.0129282842587608
LT,2045,-0.0072171144247783,-0.002134980674124,-0.0040316540814006,-0.0065405585560502,0.0591903345892405,0.060960998984521,0.07,-0.0061054453146399,0.0035549260222642,-0.0011680694938113,-0.0054471499481293,0.018654010777986,-0.0132294637350123
LT,2050,-0.0076639873577713,-0.0025841349228772,-0.0044792084580792,-0.0069714280072653,0.0590143892486845,0.0606972296892699,0.07,-0.0065526535597062,0.0031032043621439,-0.0016167577175292,-0.0093100537107239,0.0181954926950139,-0.0131887617897323
LU,2025,-0.0699646256483195,-0.0388957251381883,-0.0370472112073058,-0.0141665093098461,0.07,-0.036663751540101,0.0202618157471359,-0.0661240028119748,0.0500029371870946,-0.0579489200499331,-0.07,-0.0490416845207058,-0.0429255496127589
LU,2030,-0.0063964400880523,-0.0054710489794217,0.0111753439875091,0.0075776904468543,0.07,0.0438546822718814,0.0098484109072816,0.0004583338284178,0.0098484109072816,0.0059463162292457,-0.0606090528649023,0.0126780945737906,-0.0511426395496617
LU,2035,-0.0064050786962106,-0.0055315820865593,0.008861264037607,0.007031686367902,0.07,0.0428161579311218,0.0074821312601103,0.0004583338284178,0.0074821312601103,0.0037656249182032,-0.0606090528649023,0.010305184403864,-0.0455996645311561
LU,2040,-0.0064099171654145,-0.0055653985263237,0.0075651519362364,0.006126768017869,0.07,0.0427748508268532,0.0061567822003012,0.0004583338284178,0.0061567822003012,0.0025445341100233,-0.0606090528649023,0.0089761215999459,-0.0456215820282682
LU,2045,-0.0064162269571515,-0.0056094981543692,0.0058749071330048,0.0043995684512684,0.07,0.0427209827098494,0.0044284098176645,0.0004583338284178,0.0044284098176647,0.0009520862250383,-0.0606090528649023,0.0072429061665624,-0.0561053113963906
LU,2050,-0.0064202742208537,-0.0056377847969884,0.0047907403767948,0.0032916979535344,0.07,0.0426864303056276,0.0033197870453753,0.0004583338284178,0.0033197870453753,-6.93121817008184e-05,-0.0606090528649023,0.0061311769361976,-0.0559657406093068
MG,2025,0.0334264880626797,0.0394189582754419,0.0397726950539387,0.031043670225573,0.0366461606729771,0.037027552228723,0.0259956306761677,0.0342592822962992,0.0286327551503859,0.0523592156103472,0.0259956306761677,0.0259956306761677,0.0507171176875141
MG,2030,0.023256110953153,0.0425315221934388,0.0293964172632904,0.023256110953153,0.023256110953153,0.0404916998406167,0.023256110953153,0.023256110953153,0.023256110953153,0.029057273437621,0.0274617791765924,0.023256110953153,0.0381178498811683
MG,2035,0.0212979388137248,0.0413339711349478,0.0279198986164052,0.0212979388137248,0.0212979388137248,0.0385005445119314,0.0212979388137248,0.0212979388137248,0.0212979388137248,0.0277055475635185,0.0274617791765924,0.0212979388137248,0.0381101535432411
MG,2040,0.0195921738041949,0.0400765179976139,0.0262883312349282,0.0195819615491936,0.0195819615491936,0.0367556635561785,0.0195819615491936,0.0195819615491936,0.0195819615491936,0.026335542503239,0.0274617791765924,0.0195819615491936,0.0366948866413025
MG,2045,0.0181678393588985,0.0385334886619087,0.0248615580626689,0.018089226198591,0.0180693373820266,0.0352175609501265,0.0180693373820266,0.0180693373820266,0.0180693373820266,0.0251057897115638,0.0274617791765924,0.0180693373820266,0.035684243481948
MG,2050,0.0168157008022409,0.0370564357432253,0.0235191500992496,0.0168136575612168,0.0166213895761839,0.0337452241053668,0.0166213895761839,0.0166213895761838,0.0166213895761839,0.0240117730539649,0.0274617791765924,0.0166213895761838,0.0350963236708252
MW,2025,-0.0144781392266748,-0.003601805274747,0.0028224160291825,0.0201991249219422,-0.0120831152153646,-0.0020819783226636,0.0268554776202281,0.07,0.0144534416949882,0.07,0.0268554776202278,-0.0020819783226637,-0.0140287257232172
MW,2030,0.0163422319546764,0.0186332182185584,0.0241123031318568,0.0253359261589023,0.011460132196869,0.0225558827990651,0.0253359261589023,0.0253359261589023,0.0253359261589023,0.0253359261589023,0.0285994843410135,0.0101583272436697,0.0140217293829098
MW,2035,0.0163422319546764,0.0176685285667941,0.0233956112129622,0.0233956112129622,0.011460132196869,0.0225558827990651,0.0233956112129622,0.0233956112129622,0.0233956112129622,0.0233956112129622,0.0285994843410135,0.0101583272436697,0.0241949746251046
MW,2040,0.0163422319546764,0.0160929161551011,0.0212532276836816,0.0212532276836816,0.011460132196869,0.0212532276836816,0.0212532276836816,0.0212532276836816,0.0212532276836816,0.0212532276836816,0.0285994843410135,0.0101583272436697,-0.0050061262229711
MW,2045,0.0163422319546764,0.014349907884343,0.0189409945792251,0.0189409945792251,0.011460132196869,0.0189409945792251,0.0189409945792251,0.0189409945792251,0.0189409945792251,0.0189409945792251,0.0285994843410135,0.0101583272436697,-0.0061613443191309
MW,2050,0.0163422319546764,0.0129726450962648,0.0171148619143082,0.0171148619143082,0.011460132196869,0.0171148619143082,0.0171148619143082,0.0171148619143082,0.0171148619143082,0.0171148619143082,0.0285994843410135,0.0101583272436697,0.025600027575348
MY,2025,0.0225464573238132,0.063827056791465,0.0288926643150722,0.07,0.0257661299341105,0.0151155999373011,0.0151155999373011,-0.07,0.0177527244115194,0.0419497304844063,0.0151155999373011,0.0151155999373011,0.061622297582794
MY,2030,0.0109241725429141,0.0633073929800628,0.0170644788530514,0.07,0.0109241725429141,0.0109241725429141,0.0109241725429141,0.0065836243997314,0.0109241725429141,0.0167253350273821,0.017534244656189,0.0109241725429141,0.0626536631966582
MY,2035,0.009706978481452,0.0631014861230714,0.0163289382841324,0.07,0.009706978481452,0.009706978481452,0.009706978481452,0.0065836243997314,0.009706978481452,0.0161145872312457,0.017534244656189,0.009706978481452,0.0597345550012073
MY,2040,0.008503116444135,0.0628961070224002,0.0151992738748682,0.07,0.0084929041891337,0.0084929041891337,0.0084929041891337,0.0065836243997314,0.0084929041891337,0.015246485143179,0.017534244656189,0.0084929041891337,0.059106423841371
MY,2045,0.0074857094101818,0.0627090616275978,0.0141794281139522,0.07,0.0073872074333098,0.0073872074333098,0.0073872074333098,0.0065836243997314,0.0073872074333098,0.014423659762847,0.017534244656189,0.0073872074333098,0.059022362900701
MY,2050,0.0060918430783528,0.0624560352979698,0.0127952923753615,0.07,0.0058975318522955,0.0058975318522956,0.0058975318522955,0.0058975318522955,0.0058975318522956,0.0132879153300767,0.017534244656189,0.0058975318522955,0.0590934624881225
MV,2025,0.0354108234866681,0.07,0.0415115045856152,0.0330280056495615,0.0386304960969655,0.0279799661001561,0.027979966100156,0.0362436177202876,0.0306170905743743,0.0538474671783385,0.0279799661001562,0.027979966100156,-0.0222491349480968
MV,2030,0.0037524506900392,0.07,0.0098927570001766,0.0037524506900392,0.0037524506900392,0.0037524506900392,0.0037524506900392,0.0037524506900392,0.0037524506900392,0.0095536131745073,0.0150471142079109,0.0037524506900392,0.0263480063123194
MV,2035,0.0040487154565744,0.07,0.0106706752592548,0.0040487154565744,0.0040487154565744,0.0040487154565744,0.0040487154565744,0.0040487154565744,0.0040487154565744,0.0104563242063681,0.0178302676853416,0.0040487154565744,0.0282070919399988
MV,2040,0.0046934143102651,0.07,0.0113895717409983,0.0046832020552638,0.0046832020552638,0.0046832020552638,0.0046832020552638,0.0046832020552638,0.0046832020552638,0.0114367830093091,0.0207149062771063,0.0046832020552638,0.0269612992287032
MV,2045,0.0050231158978627,0.07,0.0117168346016332,0.0049445027375552,0.0049246139209908,0.0049246139209908,0.0049246139209908,0.0049246139209908,0.0049246139209908,0.011961066250528,0.0211653966127056,0.0049246139209908,0.0275307175530271
MV,2050,0.0043195802481081,0.07,0.0110230295451168,0.0043175370070839,0.004125269022051,0.004125269022051,0.004125269022051,0.004125269022051,0.004125269022051,0.0115156524998321,0.0191622423659862,0.004125269022051,0.0282974939139744
ML,2025,0.0387112715324908,0.0503526157897397,0.0442618779571341,0.0363284536953841,0.0419309441427881,0.0312804141459787,0.0312804141459788,0.0395440657661103,0.033917538620197,0.0563228032127055,0.0312804141459786,0.0312804141459787,0.0695809614150433
ML,2030,0.0286759681408979,0.0499994555090752,0.0348162744510352,0.0286759681408979,0.0286759681408979,0.0286759681408979,0.0286759681408979,0.0286759681408979,0.0286759681408979,0.0344771306253659,0.0320100769907892,0.0286759681408979,0.0283542761754143
ML,2035,0.0270876285073442,0.0483781910856349,0.0337095883100246,0.0270876285073442,0.0270876285073442,0.0270876285073442,0.0270876285073442,0.0270876285073442,0.0270876285073442,0.0334952372571378,0.0320100769907892,0.0270876285073442,0.0293105668634629
ML,2040,0.0249408050377947,0.046176442034974,0.0316369624685279,0.0249305927827934,0.0249305927827934,0.0249305927827934,0.0249305927827934,0.0249305927827934,0.0249305927827934,0.0316841737368387,0.0320100769907892,0.0249305927827934,0.0246518838447303
ML,2045,0.0226444077306732,0.0437423226819899,0.0293381264344436,0.0225657945703656,0.0225459057538013,0.0225459057538013,0.0225459057538013,0.0225459057538013,0.0225459057538013,0.0295823580833384,0.0320100769907892,0.0225459057538013,0.0228990385030821
ML,2050,0.0205167772411269,0.0414727931242569,0.0272202265381356,0.0205147340001027,0.0203224660150698,0.0203224660150698,0.0203224660150698,0.0203224660150698,0.0203224660150698,0.0277128494928509,0.0320100769907892,0.0203224660150698,0.022627771130951
MT,2025,0.045680199149937,0.0242553732980057,0.0263340979588313,0.038397935010138,-0.0033183700812466,-0.0196766120989926,0.0235354739323876,0.0695007461046702,0.0698465302464372,0.0082493514364935,0.0235354739323876,-0.0682472522168026,-0.0644186844394088
MT,2030,0.0224474943520924,0.0079499087128594,0.0127207074467836,0.0043813288407807,0.0047182287326415,0.0043813288407809,0.0043813288407807,0.0595884484630507,0.0464115630906138,0.0044016468433437,0.0279492124653371,0.0043813288407807,0.0678408051761145
MT,2035,0.0188465838575807,0.0043479090230719,0.0091200381436844,0.0007196840845753,0.0010753836214243,0.0007196840845754,0.0007196840845753,0.0568993663850614,0.0425966898917603,0.0007460926921791,0.024028860165383,0.0007196840845755,-0.0629623837632411
MT,2040,0.0163662784038681,0.001867484469691,0.0066200950251028,-0.001801813511552,-0.0014331680821322,-0.001801813511552,-0.001801813511552,0.055047599092795,0.0399696754649407,-0.0017730252773289,0.018806735345809,-0.001801813511552,0.0675893169413641
MT,2045,0.015634782415706,0.001132293875996,0.0058836378119037,-0.0025175496180897,-0.0021767129469077,-0.0025491955912142,-0.0025491955912142,0.0544987277823207,0.0391910177701507,-0.0025180853526914,0.0147333922765933,-0.0025491955912142,-0.0649167419626498
MT,2050,0.0152414674747145,0.0007349899186189,0.0054899332731231,-0.0028090394074553,-0.0025786140807373,-0.0029531708177943,-0.0029531708177943,0.0542020516670566,0.0387701374369973,-0.0029197811846819,0.0115456425876754,-0.0029531708177943,-0.0630951504615961
MH,2025,-0.0206982710160921,0.0422894021884223,-0.0143520640248331,-0.0230810888531988,-0.0174785984057947,-0.0281291284026041,-0.0281291284026041,-0.0198654767824726,-0.0254920039283859,-0.0012949978554989,-0.0281291284026041,-0.0281291284026041,0.07
MH,2030,-0.0286188963617174,0.0615115867285096,-0.02247859005158,-0.0286188963617174,-0.0286188963617174,-0.0286188963617174,-0.0286188963617174,-0.0286188963617174,-0.0286188963617174,-0.0228177338772493,-0.0149772534607644,-0.0286188963617174,-0.0286188963617174
MH,2035,-0.0263528193848319,0.0639879237278326,-0.0197308595821515,-0.0263528193848318,-0.0263528193848319,-0.0263528193848318,-0.0263528193848319,-0.0263528193848319,-0.0263528193848319,-0.0199452106350382,-0.0149772534607644,-0.0263528193848319,-0.0238276811320156
MH,2040,-0.0149670412057631,0.07,-0.0082708837750299,-0.0149772534607644,-0.0149772534607644,-0.0149772534607644,-0.0149772534607644,-0.0149772534607644,-0.0149772534607644,-0.0082236725067191,-0.0149772534607644,-0.0149772534607644,-0.0072471407402715
MH,2045,-0.0148787514838925,0.07,-0.0081850327801221,-0.0149573646442,-0.0149772534607644,-0.0149772534607644,-0.0149772534607644,-0.0149772534607644,-0.0149772534607644,-0.0079408011312272,-0.0149772534607644,-0.0149772534607644,-0.0068968963590751
MH,2050,-0.0147829422347073,0.07,-0.0080794929376986,-0.0147849854757314,-0.0149772534607644,-0.0149772534607644,-0.0149772534607644,-0.0149772534607644,-0.0149772534607644,-0.0075868699829833,-0.0149772534607644,-0.0149772534607644,-0.0052276762472528
MQ,2025,-0.0057949760705566,-0.0099902499147723,0.0005512309207023,-0.0081777939076633,-0.0025753034602592,-0.0132258334570687,-0.0132258334570687,-0.0049621818369372,-0.0105887089828504,0.0136082970900364,-0.0132258334570687,-0.0132258334570687,-0.0144547899870029
MQ,2030,-0.0101960397663815,-0.0088578042816213,-0.0040557334562441,-0.0101960397663814,-0.0101960397663815,-0.0101960397663814,-0.0101960397663814,-0.0101960397663815,-0.0101960397663815,-0.0043948772819134,-0.0101960397663814,-0.0101960397663815,-0.0162007295699032
MQ,2035,-0.0101960397663815,-0.0088415470980154,-0.0035740799637011,-0.0101960397663814,-0.0101960397663815,-0.0101960397663814,-0.0101960397663814,-0.0101960397663815,-0.0101960397663815,-0.0037884310165878,-0.0101960397663814,-0.0101960397663815,-0.0145459695002689
MQ,2040,-0.0101858275113802,-0.0087895756240684,-0.0034896700806469,-0.0101960397663814,-0.0101960397663815,-0.0101960397663814,-0.0101960397663814,-0.0101960397663815,-0.0101960397663815,-0.0034424588123361,-0.0101960397663814,-0.0101960397663815,-0.0091128120434319
MQ,2045,-0.0100975377895095,-0.0088269884992669,-0.0034038190857391,-0.0101761509498171,-0.0101960397663815,-0.0101960397663814,-0.0101960397663814,-0.0101960397663815,-0.0101960397663815,-0.0031595874368443,-0.0101960397663814,-0.0101960397663815,-0.0073524464579995
MQ,2050,-0.0100017285403244,-0.0088718721426254,-0.0032982792433156,-0.0100037717813485,-0.0101960397663815,-0.0101960397663814,-0.0101960397663814,-0.0101960397663815,-0.0101960397663815,-0.0028056562886003,-0.0101960397663814,-0.0101960397663815,-0.0054943256259595
MR,2025,0.0374307549199797,0.0421250223459089,0.0431947807800415,0.035047937082873,0.0406504275302771,0.07,0.0299998975334676,0.0382635491535992,0.0326370220076859,0.0553624157533221,0.0299998975334676,0.0299998975334676,0.07
MR,2030,0.0268651800540098,0.0487395838802641,0.0330054863641472,0.0268651800540098,0.0268651800540098,0.0647313588522071,0.0268651800540098,0.0268651800540098,0.0268651800540098,0.0326663425384778,0.0315804707922806,0.0268651800540098,-0.0013362978933656
MR,2035,0.0251065983274557,0.0478422765287606,0.0317285581301361,0.0251065983274557,0.0251065983274556,0.0629079285248994,0.0251065983274558,0.0251065983274557,0.0251065983274557,0.0315142070772493,0.0315804707922806,0.0251065983274556,-4.962636033118549e-05
MR,2040,0.0232042432484144,0.0468663988068621,0.0299004006791476,0.0231940309934131,0.0231940309934131,0.0609248342920574,0.0231940309934131,0.0231940309934131,0.0231940309934131,0.0299476119474584,0.0315804707922806,0.0231940309934131,0.0481670311250642
MR,2045,0.0216306528899851,0.0460184329768677,0.0283243715937555,0.0215520397296775,0.0215321509131132,0.0592016715336765,0.0215321509131132,0.0215321509131132,0.0215321509131132,0.0285686032426503,0.0315804707922806,0.0215321509131132,-0.0010189766504054
MR,2050,0.0201136106668461,0.0451954837438879,0.0268170599638547,0.0201115674258219,0.019919299440789,0.0575293453382705,0.019919299440789,0.0199192994407889,0.0199192994407889,0.02730968291857,0.0315804707922806,0.0199192994407889,0.0457992021222817
MU,2025,0.0057765738806603,-0.0134020195604459,0.0121227808719193,0.0033937560435536,0.0089962464909577,-0.0016542835058517,-0.0016542835058517,0.0066093681142797,0.0009828409683664,0.0251798470412534,-0.0016542835058517,-0.0358271417529258,-0.0167137762571335
MU,2030,-0.0028508541340058,-0.0073014002998237,0.0032894521761314,-0.0028508541340058,-0.0028508541340058,-0.0028508541340058,-0.0028508541340058,-0.0028508541340058,-0.0028508541340058,0.0029503083504621,0.001177249506346,-0.0028508541340058,0.0334750403088138
MU,2035,-0.0035393423681259,-0.0079427492094657,0.0030826174345544,-0.0035393423681259,-0.0035393423681258,-0.0035393423681259,-0.0035393423681259,-0.0035393423681259,-0.0035393423681258,0.0028682663816677,0.001177249506346,-0.0035393423681259,-0.0225354688689082
MU,2040,-0.0050820367284395,-0.009389331612985,0.0016141207022936,-0.0050922489834408,-0.0050922489834408,-0.0050922489834408,-0.0050922489834409,-0.0050922489834408,-0.0050922489834408,0.0016613319706044,0.001177249506346,-0.0050922489834408,0.016634661924101
MU,2045,-0.0066645870351695,-0.010945772779912,2.9131668600864725e-05,-0.0067432001954771,-0.0067630890120414,-0.0067630890120414,-0.0067630890120414,-0.0067630890120414,-0.0067630890120414,0.0002733633174956,0.000191698156978,-0.0067630890120414,-0.0005596437520518
MU,2050,-0.0080509820344466,-0.012326493657202,-0.0013475327374378,-0.0080530252754707,-0.0082452932605037,-0.0082452932605037,-0.0082452932605037,-0.0082452932605037,-0.0082452932605037,-0.0008549097827226,-0.0005981482707529,-0.0082452932605037,0.0421307963552349
MX,2025,-0.0246479392738203,-0.0252660523354201,0.0224790923273091,-0.007561796581089,0.0330328184148314,0.0069396371015504,0.0087614279445371,-0.0309498600206444,-0.0142416622775173,0.0150904774828409,-0.0079409433002373,0.0393807139722685,-0.0488470274930367
MX,2030,-0.0133255140426308,0.0120694192125523,0.0147092609064994,0.0073520926417677,0.04941099580546,0.0108399905499979,0.0075420909153833,0.0075188209673095,0.0075420909153833,0.0075420909153833,0.0316613644880681,0.0387710454576916,-0.0289437301216796
MX,2035,-0.013400587928263,0.0107721840826622,0.0134094814351131,0.0061037444567533,0.0480658975507268,0.009545206752307,0.0062506587563178,0.0062280131549289,0.0062506587563178,0.0062506587563178,0.0289071872282442,0.0381253293781589,-0.0312322113669111
MX,2040,-0.0134730719169419,0.0095194840379452,0.0121543243981104,0.0048985121469857,0.0467669775592554,0.0082948738836588,0.0050035624619486,0.0049815197729403,0.0050035624619486,0.0050035624619486,0.0262027487317499,0.0375017812309743,-0.0329017110954593
MX,2045,-0.0135476113890217,0.0082296080882846,0.0108619185409346,0.0036587888823301,0.0454295100109798,0.0070074353598552,0.0037194565630138,0.0036980346787886,0.0037194565630138,0.0037194565630138,0.0243005803343716,0.0368597282815069,-0.0332716810672419
MX,2050,-0.0136223778229393,0.0069356506562635,0.0095654231961533,0.002415249881209,0.0440878103889088,0.0057159230663014,0.0024312874395673,0.002410488324503,0.0024312874395673,0.0024312874395673,0.0228045371882559,0.0362156437197836,-0.0329973993570363
FM,2025,0.010830496729727,-0.0080572457047422,0.017176703720986,0.0084476788926203,0.0140501693400244,0.0033996393432149,0.0033996393432149,0.0116632909633465,0.0060367638174332,0.0302337698903201,0.0033996393432149,0.0033996393432149,0.07
FM,2030,0.004535418863968,0.0351965883006097,0.0106757251741055,0.004535418863968,0.004535418863968,0.0045354188639681,0.0045354188639681,0.0045354188639681,0.0045354188639681,0.0103365813484361,0.0045354188639681,0.0045354188639681,0.0052542297827959
FM,2035,0.004535418863968,0.0350580736916428,0.0111573786666485,0.004535418863968,0.004535418863968,0.0045354188639681,0.0045354188639681,0.0045354188639681,0.0045354188639681,0.0109430276137617,0.0045354188639681,0.0045354188639681,0.0076448598676714
FM,2040,0.0033491847432306,0.0332242834265665,0.0100453421739638,0.0033389724882293,0.0033389724882293,0.0033389724882293,0.0033389724882293,0.0033389724882293,0.0033389724882293,0.0100925534422746,0.0045354188639681,0.0033389724882293,0.0033389724882293
FM,2045,0.00463392084084,0.0348423316996389,0.0113276395446104,0.0045553076805324,0.004535418863968,0.0045354188639681,0.0045354188639681,0.0045354188639681,0.0045354188639681,0.0115718711935053,0.0045354188639681,0.0045354188639681,0.0055329739418539
FM,2050,0.0033995051798644,0.0330865201838779,0.0101029544768731,0.0033974619388403,0.0032051939538073,0.0032051939538073,0.0032051939538073,0.0032051939538073,0.0032051939538073,0.0105955774315884,0.0045354188639681,0.0032051939538073,0.005790975335335
MN,2025,0.0259684708978593,0.054118318395572,0.0323146778891183,0.0235856530607526,0.0291881435081567,0.0185376135113473,0.0185376135113473,0.0268012651314788,0.0211747379855655,0.0453717440584525,0.0185376135113473,0.0185376135113473,0.0297807129746734
MN,2030,0.0106377146368022,0.0440538983717137,0.0167780209469397,0.0106377146368022,0.0106377146368022,0.0106377146368023,0.0106377146368021,0.0106377146368022,0.0106377146368021,0.0164388771212704,0.0211628677062044,0.0106377146368022,0.0348249527140439
MN,2035,0.0097353608481114,0.0427165262583581,0.0163573206507918,0.0097353608481114,0.0097353608481115,0.0097353608481114,0.0097353608481114,0.0097353608481115,0.0097353608481114,0.016142969597905,0.0211628677062044,0.0097353608481115,0.0356195902066767
MN,2040,0.0103373348308178,0.0433037092977054,0.0170334922615511,0.0103271225758165,0.0103271225758165,0.0103271225758165,0.0103271225758165,0.0103271225758165,0.0103271225758165,0.0170807035298619,0.0211628677062044,0.0103271225758165,0.0488403064505706
MN,2045,0.0103901213116942,0.0432909604378796,0.0170838400154647,0.0103115081513867,0.0102916193348223,0.0102916193348223,0.0102916193348223,0.0102916193348223,0.0102916193348223,0.0173280716643595,0.0211628677062044,0.0102916193348223,0.016483737305669
MN,2050,0.0091733998338149,0.041900023592853,0.0158768491308236,0.0091713565927908,0.0089790886077578,0.0089790886077578,0.0089790886077578,0.0089790886077578,0.0089790886077578,0.0163694720855389,0.0211628677062044,0.0089790886077578,0.0478129631392897
ME,2025,-0.0662230258413026,-0.0081826586903766,0.0322341837879754,-0.0698455958219944,-0.029507339377373,0.07,-0.0003973776392556,0.054127731959907,0.0382962065438328,-0.0329587510902745,-0.0003973776392556,0.0637276490625329,-0.0089386407102503
ME,2030,-0.0076393418017521,-0.0030450156893776,0.0624728665859704,-0.0076393418017521,-0.0076393418017521,0.064908729593362,-0.0076393418017521,-0.0076393418017521,-0.0076393418017521,-0.0037880960120349,0.0004255620082307,-0.0008257468695681,0.0294254647567435
ME,2035,-0.0059331809656845,-0.0013309558508492,0.064115905470315,-0.0059331809656845,-0.0059331809656845,0.066601971973744,-0.0059331809656845,-0.0059331809656845,-0.0059331809656845,-0.0020025333945612,0.0004255620082307,0.0008921285470102,-0.0175223209653949
ME,2040,-0.0067975995807119,-0.0022051564789909,0.0632779267764156,-0.0068033529638112,-0.0068033529638112,0.0658058346972485,-0.0068033529638112,-0.0068033529638112,-0.0068033529638112,-0.0027637151121857,0.0004255620082307,1.5981907035778065e-05,0.0148006150425459
ME,2045,-0.0069874605430759,-0.0024458674120399,0.0630471895442629,-0.007040339358922,-0.007042954614553,0.0655487165946797,-0.007042954614553,-0.007042954614553,-0.0070429546145529,-0.0029549494323681,0.0004255620082307,-0.0002252648599042,-0.0121058732002253
ME,2050,-0.0075612669264083,-0.0030765572822775,0.0624426318984503,-0.0076588268723091,-0.0076707380396799,0.0648750380845648,-0.0076707380396799,-0.0076707380396799,-0.0076707380396799,-0.0034544592246354,0.0004255620082307,-0.0008573586755414,0.0041645846038995
MS,2025,-0.0200766701474148,-0.07,-0.0137304631561558,-0.0224594879845215,-0.0168569975371174,-0.0275075275339269,-0.0275075275339269,-0.0192438759137953,-0.0248704030597086,-0.0006733969868217,-0.0275075275339269,-0.0275075275339269,-0.07
MS,2030,0.0,0.0,0.0061403063101373,0.0,0.0,0.0,0.0,0.0,0.0,0.005801162484468,0.0,0.0,0.0
MS,2035,0.0,0.0,0.0066219598026803,0.0,0.0,0.0,0.0,0.0,0.0,0.0064076087497936,0.0,0.0,0.0025251382528161
MS,2040,1.0212255001306874e-05,0.0,0.0067063696857345,0.0,0.0,0.0,0.0,0.0,0.0,0.0067535809540453,0.0,0.0,0.0
MS,2045,9.85019768719234e-05,0.0,0.0067922206806423,1.9888816564363516e-05,0.0,0.0,0.0,0.0,0.0,0.0070364523295371,0.0,0.0,0.0006227541283519
MS,2050,0.0001943112260571,0.0,0.0068977605230658,0.0001922679850329,0.0,0.0,0.0,0.0,0.0,0.0073903834777811,0.0,0.0,0.0025857813815276
MA,2025,0.0245619574485343,0.0149441750671028,0.0138141676662638,0.0159397482792843,0.0212756677272254,0.0140734547519313,0.0108917087298789,0.0206708450011663,-0.039502168993054,0.0366952283769023,-0.0699999999999999,0.0200197829679877,0.0085701516893766
MA,2030,0.0216333025133855,0.0183967545869928,0.0197493868283137,0.0080044368020462,0.0213166753555926,0.0174454207378911,0.0080044368020462,0.0144992213184813,0.0117838374949077,0.0208846498771338,0.0466686250372392,0.0231525128875984,-0.0301636966465586
MA,2035,0.0198256856588196,0.0166038884450949,0.0181275989946331,0.006220934047234,0.0195096187221802,0.0156452136708329,0.0062209340472341,0.0131244344079287,0.0099936476945816,0.019168141944072,0.0426009531600579,0.0213422080330707,0.0176455112049238
MA,2040,0.0184582782486931,0.0152410473599617,0.016793532908434,0.0048706343764033,0.0181414862812934,0.014282267074021,0.0048706343764033,0.0118434832461627,0.0086382852250912,0.0178421908193526,0.0394098188301896,0.0199716163462477,0.0125548763610101
MA,2045,0.0172661792473051,0.0140429296044043,0.0156248250842348,0.0037045244789921,0.0169398246424059,0.0130851602791703,0.0036846356624278,0.0106492548262833,0.0074478397406476,0.0166813164011192,0.0351616898571265,0.0187677946960818,0.0291312352494028
MA,2050,0.016069469028953,0.0128394324077324,0.014457114175033,0.0026855203528371,0.0157327073112565,0.0118826184716123,0.0024932523678042,0.0094496044618746,0.0062519894866687,0.015514631348713,0.0305641494931654,0.0175585075469362,0.038979266281089
MZ,2025,-0.07,-0.0031458006341928,-0.0594805387460429,0.0350471115661549,0.040649602013559,0.0030418251223907,-0.07,-0.0360189038434483,-0.07,0.0553617966157835,0.0299990720167495,0.0299990720167495,0.0187144368604517
MZ,2030,0.0278621773281608,0.0281112286488889,0.042964345050387,0.0278621773281608,0.0278621773281608,0.0688438607050593,0.0278621773281606,0.0278621773281608,0.0278621773281608,0.0336633398126288,0.0300748683041026,0.0278621773281608,0.0333637763075475
MZ,2035,0.0260768402366657,0.0266549481006563,0.0415566352668902,0.0260768402366657,0.0260768402366657,0.0687948762479774,0.0260768402366657,0.0260768402366657,0.0260768402366657,0.0324844489864594,0.0300748683041026,0.0260768402366657,0.0231172879472811
MZ,2040,0.0237220883705226,0.0243311890086875,0.0396999313392043,0.0237220883705226,0.0237220883705226,0.0687302687056399,0.0237220883705226,0.0237220883705226,0.0237220883705226,0.030475669324568,0.0300748683041026,0.0237220883705226,0.0140967340418206
MZ,2045,0.0213436293929614,0.02198403483357,0.0378245835621568,0.0213635182095256,0.0213436293929613,0.0686650107091179,0.0213436293929614,0.0213436293929614,0.0213436293929611,0.0283800817224984,0.0300748683041026,0.0213436293929611,0.0168779068962883
MZ,2050,0.0190963568615742,0.0197663404548006,0.0360527153328253,0.0192886248466072,0.0190963568615742,0.0686033520871191,0.0190963568615742,0.0190963568615742,0.0190963568615742,0.0264867403393553,0.0300748683041026,0.0190963568615742,0.0144435107689585
MM,2025,-0.0022947228911933,-0.0254411375676706,0.0107758227165532,0.0278923209792281,-0.0195884301253031,0.0073235549793548,0.0046895947094096,0.07,0.07,-0.0104523491518576,0.07,0.0073235549793548,-0.0337649651422793
MM,2030,0.0055775222853982,0.0095676379149018,0.0055775222853982,0.0177554555505525,-0.0101779347909422,0.0055775222853982,0.0055775222853982,0.015932699667974,0.0055775222853982,-0.0116032177491381,0.0144311350768207,0.0055775222853982,-0.0513167595836499
MM,2035,0.0039983490260222,0.0079941768213902,0.0039983490260222,0.0161571578913759,-0.0101779347909422,0.0039983490260222,0.0039983490260222,0.0146073604708504,0.0039983490260222,-0.0116032177491381,0.0067363980744961,0.0039983490260222,-0.0296999937420507
MM,2040,0.0026363139298775,0.0066369800719166,0.0026362252192635,0.0147785382377531,-0.0101779347909422,0.0026362252192635,0.0026362252192635,0.0134641825062324,0.0026362252192635,-0.0116032177491381,0.0046007345989369,0.0026362252192635,-0.0309369586310097
MM,2045,0.0014421052258833,0.0054463268742119,0.0014412495705111,0.0135690909710683,-0.0101779347909422,0.0014412495705111,0.0014412495705111,0.012461285542586,0.0014412495705111,-0.0116032177491381,0.0035591126106824,0.0014412495705111,-0.0312032281941058
MM,2050,0.0003260695291116,0.0043334988338303,0.000324381609237,0.0124386973062089,-0.0101779347909422,0.000324381609237,0.000324381609237,0.0115239413478946,0.000324381609237,-0.0116032177491381,0.0024316520232319,0.000324381609237,-0.031011996446658
NA,2025,0.0357384031952144,-0.0412512348622811,0.0417844876760705,0.0333555853581077,0.0389580758055118,-0.0618987649451648,0.0283075458087023,0.0365711974288339,0.0309446702829207,0.0540931519597481,0.0283075458087023,0.0283075458087023,-0.0421232558948113
NA,2030,0.0187481150850135,0.0137754876008784,0.0248884213951508,0.0187481150850135,0.0187481150850135,0.0007343430604933,0.0187481150850135,0.0187481150850135,0.0187481150850135,0.0245492775694815,0.0288108935737105,0.0187481150850135,0.0133960316390393
NA,2035,0.0166950694489302,0.0134842383319443,0.0233170292516106,0.0166950694489302,0.0166950694489302,0.0005498558034076,0.0166950694489302,0.0166950694489302,0.0166950694489302,0.0231026781987239,0.0288108935737105,0.0166950694489302,-0.0413877521582475
NA,2040,0.0151605757080838,0.0132651031680192,0.021856733138817,0.0151503634530825,0.0151503634530825,0.0004110480890689,0.0151503634530825,0.0151503634530825,0.0151503634530825,0.0219039444071278,0.0288108935737105,0.0151503634530825,0.0101532524280349
NA,2045,0.0138930676649715,0.0130587487429041,0.020586786368742,0.013814454504664,0.0137945656880996,0.0002892157213764,0.0137945656880995,0.0137945656880996,0.0137945656880996,0.0208310180176368,0.0288108935737105,0.0137945656880995,0.0201143538478708
NA,2050,0.0127827105312686,0.0128251548443447,0.0194861598282774,0.0127806672902445,0.0125883993052116,0.000180829271676,0.0125883993052116,0.0125883993052115,0.0125883993052115,0.0199787827829927,0.0275925008565978,0.0125883993052116,0.0065968868529571
NR,2025,0.0183666428142299,0.0364394421903842,0.0247128498054889,0.0159838249771232,0.0215863154245273,0.0109357854277178,0.0109357854277178,0.0191994370478494,0.0135729099019361,0.037769915974823,0.0109357854277178,0.0109357854277178,-0.0155472282567853
NR,2030,0.0,0.0581311869403717,0.0061403063101373,0.0,0.0,0.0,0.0,0.0,0.0,0.005801162484468,0.0230371111705121,0.0,0.0
NR,2035,0.0161373647415956,0.07,0.022759324544276,0.0161373647415956,0.0161373647415956,0.0161373647415956,0.0161373647415956,0.0161373647415956,0.0161373647415956,0.0225449734913892,0.0279082973286091,0.0161373647415956,0.0186625029944118
NR,2040,0.0149421912003949,0.07,0.0216383486311281,0.0149319789453937,0.0149319789453937,0.0149319789453937,0.0149319789453936,0.0149319789453937,0.0149319789453937,0.021685559899439,0.0279082973286091,0.0149319789453937,0.0149319789453936
NR,2045,0.0139927159915364,0.07,0.0206864346953068,0.0139141028312288,0.0138942140146645,0.0138942140146644,0.0138942140146645,0.0138942140146645,0.0138942140146645,0.0209306663442016,0.0279082973286091,0.0138942140146645,0.0145169681430164
NR,2050,0.0131856794502935,0.07,0.0198891287473022,0.0131836362092693,0.0129913682242364,0.0129913682242364,0.0129913682242364,0.0129913682242364,0.0129913682242364,0.0203817517020175,0.0279082973286091,0.0129913682242364,0.015577149605764
NP,2025,0.0161149940947038,0.069192950625472,0.0224612010859628,0.0137321762575971,0.0193346667050012,0.0086841367081917,0.0086841367081917,0.0169477883283233,0.01132126118241,0.0355182672552969,0.0086841367081917,0.0086841367081917,0.014112876245915
NP,2030,0.0049791943365871,0.0695442289109469,0.0111195006467244,0.0049791943365871,0.0049791943365871,0.004979194336587,0.0049791943365871,0.0049791943365871,0.0049791943365871,0.0107803568210551,0.0112837813957425,0.0049791943365871,0.0361684860360961
NP,2035,0.008449169998314,0.0695687264999655,0.0150711298009943,0.008449169998314,0.008449169998314,0.008449169998314,0.008449169998314,0.008449169998314,0.008449169998314,0.0148567787481076,0.0112837813957425,0.008449169998314,0.0459635071733684
NP,2040,0.0070386916110619,0.069558696603831,0.0137348490417951,0.0070284793560606,0.0070284793560606,0.0070284793560606,0.0070284793560606,0.0070284793560606,0.0070284793560606,0.0137820603101059,0.0112837813957425,0.0070284793560606,0.0444201579144684
NP,2045,0.0059252857166519,0.0695502127848643,0.0126190044204224,0.0058466725563444,0.00582678373978,0.00582678373978,0.00582678373978,0.00582678373978,0.00582678373978,0.0128632360693172,0.0112837813957425,0.00582678373978,0.0441959234847503
NP,2050,0.0048816133999626,0.0695421681892197,0.0115850626969713,0.0048795701589385,0.0046873021739055,0.0046873021739055,0.0046873021739055,0.0046873021739055,0.0046873021739055,0.0120776856516866,0.0112837813957425,0.0046873021739055,0.044501108414458
NC,2025,0.0096224532412407,0.0003730963346453,0.0159686602324997,0.007239635404134,0.0128421258515381,0.0137043656615254,0.0021915958547287,-0.0237140197379694,0.0048287203289469,0.0290257264018339,0.0021915958547287,0.0021915958547287,0.0268895580706961
NC,2030,0.0080331609972017,0.0258474080782078,0.014173467307339,0.0080331609972017,0.0080331609972016,0.0144197604063642,0.0080331609972015,0.0464077886662574,0.0080331609972017,0.0138343234816697,0.0144380127253429,0.0080331609972017,0.0052034167584109
NC,2035,0.0070883385675961,0.0249342846908528,0.0137102983702765,0.0070883385675961,0.0070883385675961,0.0135024286541019,0.0070883385675961,0.0458224797171205,0.0070883385675961,0.0134959473173897,0.0144380127253429,0.0070883385675961,0.0137447518938933
NC,2040,0.0062412241478498,0.0241057215526531,0.0129373815785831,0.0062310118928485,0.0062310118928485,0.0126396417130452,0.0062310118928485,0.0452913735967111,0.0062310118928485,0.0129845928468939,0.0144380127253429,0.0062310118928485,0.0111840284863335
NC,2045,0.0043436516203942,0.0221864855066984,0.0110373703241646,0.0042650384600866,0.0042451496435222,0.010641131616575,0.0042451496435222,0.0440611498955556,0.0042451496435222,0.0112816019730594,0.0144380127253429,0.0042451496435222,0.0095351039095027
NC,2050,0.0037615837781614,0.0215313513708752,0.0104650330751701,0.0037595405371372,0.0035672725521043,0.0099589371633473,0.0035672725521043,0.0436412111688813,0.0035672725521043,0.0109576560298854,0.0144380127253429,0.0035672725521043,0.0109131509468468
NZ,2025,-0.029397047568419,-0.0184001936072488,0.0046973766053846,-0.0178041056395761,-0.050281439390249,0.0267239396136356,0.07,0.0284117026836107,-0.0684669826733454,-0.016154235680321,-0.07,-0.030924867007329,-0.0106792533012329
NZ,2030,0.0060777539709948,0.0057188506778451,0.0193774234174935,0.000464033983897,-0.0286910277066281,0.0235804535953815,0.07,0.0589601456935585,0.0019352068529392,0.0060777539709948,0.0097738149500421,0.0034731048661482,0.008893608672339
NZ,2035,0.0042273148851057,0.0042819298883559,0.0175025709848643,-0.0002910404220327,-0.0296957857724184,0.022236687561607,0.07,0.0596346087147555,0.0005201471494203,0.0042273148851057,0.0097738149500421,0.0029503560501591,0.0030000308420217
NZ,2040,0.003532128629758,0.0036943767850017,0.0167982177342908,-0.000574712201758,-0.0300732605040179,0.0217318518800616,0.07,0.0590377862019156,0.0070934661832921,0.003532128629758,0.0097738149500421,0.002753966017844,0.0192021606265801
NZ,2045,0.0030484047894179,0.0032874019354415,0.0163081330977882,-0.0007720964302712,-0.0303359146134685,0.0213805775953079,0.07,0.0588501403386264,-0.0003813838348746,0.0030484047894179,0.0097738149500421,0.0026173140919677,0.0007673271490944
NZ,2050,0.001959290096082,0.0023517875510671,0.0152046784611465,-0.001216511291766,-0.0309272860242026,0.0205896759423167,0.07,0.0582488559005692,-0.0012142468708979,0.001959290096082,0.0097738149500421,0.001959290096082,-0.0183782927368347
NI,2025,0.020507511041788,0.007363841498979,0.026853718033047,0.0181246932046813,0.0237271836520854,0.0273074902414569,0.0130766536552759,0.0213403052754075,0.0157137781294942,0.0399107842023811,0.0130766536552759,0.0130766536552759,0.0011137041538512
NI,2030,0.0122773981661898,0.0125996230201112,0.0184177044763272,0.0122773981661898,0.0122773981661898,0.0267080486246424,0.0122773981661898,0.0122773981661898,0.0122773981661898,0.0180785606506579,0.0139080286771539,0.0122773981661898,0.0088192205174356
NI,2035,0.0105584552415423,0.0110990843497325,0.0171804150442226,0.0105584552415423,0.0105584552415423,0.0254188414311567,0.0105584552415423,0.0105584552415423,0.0105584552415423,0.0169660639913359,0.0139080286771539,0.0105584552415423,0.0091626295224621
NI,2040,0.0090268058227925,0.0097531274638674,0.0157229632535258,0.0090165935677912,0.0090165935677912,0.0242624451758434,0.0090165935677912,0.0090165935677912,0.0090165935677912,0.0157701745218366,0.0139080286771539,0.0090165935677912,0.0058699570426711
NI,2045,0.0076339483500473,0.008460170839086,0.0143276670538177,0.0075553351897397,0.0075354463731753,0.0231515847798815,0.0075354463731753,0.0075354463731753,0.0075354463731753,0.0145718987027125,0.0139080286771539,0.0075354463731753,0.0048287224341851
NI,2050,0.0063524984711384,0.007257902543144,0.0130559477681471,0.0063504552301142,0.0061581872450813,0.0221186404338109,0.0061581872450813,0.0061581872450813,0.0061581872450813,0.0135485707228624,0.0139080286771539,0.0061581872450813,0.0049183183951443
NE,2025,0.0422150602549593,0.0032413125930185,0.0471817018925246,0.0398322424178526,0.0454347328652567,0.0347842028684473,0.0347842028684473,0.0430478544885788,0.0374213273426655,0.0586812648676566,0.0347842028684473,0.0347842028684473,0.0600994584303502
NE,2030,0.0312673995749801,0.0328641265471661,0.0374077058851175,0.0312673995749802,0.0312673995749802,0.0312673995749802,0.0312673995749801,0.0312673995749802,0.0312673995749802,0.0370685620594483,0.0379768066612669,0.0312673995749801,0.0191695061508683
NE,2035,0.028404759683299,0.0301194971757326,0.0350267194859794,0.028404759683299,0.028404759683299,0.028404759683299,0.028404759683299,0.028404759683299,0.028404759683299,0.0348123684330926,0.0379768066612669,0.028404759683299,0.0236286847966968
NE,2040,0.0255560464031022,0.0273784290387838,0.0322522038338354,0.0255458341481009,0.0255458341481009,0.0255458341481009,0.0255458341481009,0.0255458341481009,0.0255458341481009,0.0322994151021462,0.0379768066612669,0.0255458341481009,0.019025007580284
NE,2045,0.0231500574139042,0.024986975391109,0.0298437761176746,0.0230714442535966,0.0230515554370323,0.0230515554370323,0.0230515554370323,0.0230515554370323,0.0230515554370323,0.0300880077665694,0.0379768066612669,0.0230515554370323,0.0171189737434249
NE,2050,0.0212074023419876,0.0230325454732651,0.0279108516389963,0.0212053591009634,0.0210130911159305,0.0210130911159305,0.0210130911159305,0.0210130911159305,0.0210130911159305,0.0284034745937116,0.0379768066612669,0.0210130911159305,0.0166472319986143
NG,2025,0.0179147587756185,0.0054657179833932,0.0365533161367859,0.07,0.0334267817558243,0.0227762517590148,0.0227762517590148,-0.0619843074358319,0.0254133762332331,0.04961038230612,0.0227762517590148,0.0227762517590148,-0.012788315256606
NG,2030,0.0240243645095992,0.0192054906465599,0.0263837205954751,0.07,0.0202434142853378,0.0202434142853378,0.0202434142853378,0.023092224957705,0.0202434142853378,0.0260445767698058,0.0270550996337498,0.0202434142853378,-0.0112510657168534
NG,2035,0.0225230347945426,0.0179290796286056,0.0253695876521253,0.07,0.0187476278494449,0.0187476278494449,0.0187476278494449,0.0216820796947533,0.0187476278494449,0.0251552365992385,0.0270550996337498,0.0187476278494449,-0.0145657951003294
NG,2040,0.0207791367481018,0.0164459166507688,0.0237165383899389,0.07,0.0170101687042043,0.0170101687042043,0.0170101687042043,0.0200440986805916,0.0170101687042043,0.0237637496582496,0.0270550996337498,0.0170101687042044,-0.016295194658571
NG,2045,0.0188302703525882,0.0147880134585395,0.0218607186841726,0.07,0.0150684980035302,0.0150684980035302,0.0150684980035302,0.0182135982327565,0.0150684980035302,0.0221049503330674,0.0270550996337498,0.0150684980035302,-0.0181080352794765
NG,2050,0.0169584946026271,0.0131956913793342,0.0201013938338196,0.07,0.0132036333107537,0.0132036333107538,0.0132036333107539,0.0164555062689162,0.0132036333107538,0.0205940167885347,0.0270550996337498,0.0132036333107539,-0.0198168773135637
NU,2025,0.007430857386512,0.019843110674801,0.013777064377771,0.0050480395494053,0.0106505299968094,0.0,0.0,0.0082636516201315,0.0026371244742182,0.0268341305471051,0.0,0.0,0.0298593447283378
NU,2030,0.0,0.020032077018923,0.0061403063101373,0.0,0.0,0.0,0.0,0.0,0.0,0.005801162484468,0.0,0.0,0.0001000456265061
NU,2035,0.0,0.020032077018923,0.0066219598026803,0.0,0.0,0.0,0.0,0.0,0.0,0.0064076087497936,0.0,0.0,-0.0628764920041987
NU,2040,1.0212255001306874e-05,0.020032077018923,0.0067063696857345,0.0,0.0,0.0,0.0,0.0,0.0,0.0067535809540453,0.0,0.0,0.0001000456265061
NU,2045,9.85019768719234e-05,0.020032077018923,0.0067922206806423,1.9888816564363516e-05,0.0,0.0,0.0,0.0,0.0,0.0070364523295371,0.0,0.0,0.0006812828129679
NU,2050,0.0001943112260571,0.020032077018923,0.0068977605230658,0.0001922679850329,0.0,0.0,0.0,0.0,0.0,0.0073903834777811,0.0,0.0,0.0025134415825986
MK,2025,0.056473091544569,0.009466304539585,-0.0029058366383834,0.0058478205398577,0.0622321258164544,-0.034986192817974,-0.0100176539817162,0.0406169945098242,0.0364368402635002,0.0180363973051876,0.0376361432214029,0.07,0.0216175242062136
MK,2030,0.0591822467662127,0.0140824617444078,0.0081498035219334,0.0365242953491364,0.0645918314324295,-0.0037548951531817,-0.0056714433615395,0.0209432754799466,0.0348380911540411,0.0123189676363658,0.0185317445982544,0.07,0.0125723898664774
MK,2035,0.0586512899479145,0.0131517962552168,0.0072225099525599,0.0359200516651031,0.0645161724013969,-0.0047342520777023,-0.0066489162268563,0.020102295587404,0.0338207954650598,0.0114695248901016,0.0173595498566221,0.07,0.001970199031005
MK,2040,0.0582658181603828,0.0127499399635661,0.0065208750018301,0.0354811139448925,0.064461211789524,-0.0054456814348984,-0.007358976956339,0.019491386766129,0.0330818064407625,0.0108409390253149,0.0147849586079142,0.07,-0.0317980258566955
MK,2045,0.0579790562899049,0.0122577828730585,0.0059975169002562,0.0331175139255295,0.0644200679491064,-0.0059782616763371,-0.0078905326349443,0.0190340567947961,0.0325285948688756,0.0103734576298753,0.011308552575264,0.07,0.0399384467615343
MK,2050,0.0577342290805522,0.0118370840858752,0.005552811556009,0.034872653467413,0.0643848756379215,-0.0064338032445862,-0.0083451978451843,0.0186428804120874,0.0320554063285911,0.0099860052660962,0.0082347776081452,0.07,-0.0309620291565586
MP,2025,-0.0077775982173609,-0.0086061942360384,-0.0014313912261019,-0.0101604160544675,-0.0045579256070635,-0.0152084556038729,-0.0152084556038729,-0.0069448039837414,-0.0125713311296547,0.0116256749432322,-0.0152084556038729,-0.0152084556038729,-0.0040896118827164
MP,2030,-0.0095722417901443,-0.0095722417901443,-0.0034319354800069,-0.0095722417901443,-0.0095722417901443,-0.0095722417901443,-0.0095722417901443,-0.0095722417901443,-0.0095722417901443,-0.0037710793056762,-0.0095722417901443,-0.0095722417901443,-0.0094373937407553
MP,2035,-0.0095722417901443,-0.0095722417901443,-0.0029502819874639,-0.0095722417901443,-0.0095722417901443,-0.0095722417901443,-0.0095722417901443,-0.0095722417901443,-0.0095722417901443,-0.0031646330403506,-0.0095722417901443,-0.0095722417901443,0.005630566371343
MP,2040,-0.009562029535143,-0.0095722417901443,-0.0028658721044097,-0.0095722417901443,-0.0095722417901443,-0.0095722417901443,-0.0095722417901443,-0.0095722417901443,-0.0095722417901443,-0.0028186608360989,-0.0095722417901443,-0.0095722417901443,0.0058734242463568
MP,2045,-0.0094737398132724,-0.0095644815945273,-0.0027800211095019,-0.0095523529735799,-0.0095722417901443,-0.0095722417901443,-0.0095722417901443,-0.0095722417901443,-0.0095722417901443,-0.0025357894606071,-0.0095722417901443,-0.0095722417901443,0.0134187303372097
MP,2050,-0.0093779305640872,-0.0095236552736382,-0.0026744812670784,-0.0093799738051113,-0.0095722417901443,-0.0095722417901443,-0.0095722417901443,-0.0095722417901443,-0.0095722417901443,-0.0021818583123632,-0.0095722417901443,-0.0095722417901443,0.0067164573397781
NO,2025,0.0026298214239062,0.0130556140797517,-0.0062690626884599,0.0176391654078424,0.0195395349008562,-0.014670410716251,0.0239745777026607,-0.0040210372211445,0.0228750051248035,-0.0099716805634808,0.07,0.0189582877374537,0.0544736063013071
NO,2030,0.0054515219541146,0.0097817003214481,0.0104369926486388,0.0076781621377708,0.0167715256272555,0.0041411483179669,0.0041411483179669,0.0043797597179945,0.0196874169067795,0.0041812485031961,0.0140791086942242,0.0089297956401709,0.0535889972551129
NO,2035,0.0038938884247364,0.0082031334799667,0.0088694029308448,0.0061051710621461,0.0151913207963682,0.0025736785400958,0.0025736785400958,0.0028779054615426,0.0182805116235246,0.0026207221285383,0.0125839987231792,0.0073548507578616,0.0035489474385169
NO,2040,0.0032155185499493,0.0075205654024837,0.0081866083873142,0.0054201105392692,0.0145031185780113,0.0018910226228041,0.0018910226228041,0.0022238260594702,0.0175871608687603,0.0019421610312106,0.0114884127900978,0.0066689393237177,0.0009928911474986
NO,2045,0.0024549858602742,0.0067553092775266,0.0074210897551323,0.0046521225444167,0.0137315457779051,0.0011256680168987,0.0011256680168987,0.001490509801127,0.016809815825342,0.0011803348306077,0.0112006172978131,0.0058999348192991,0.0006956180471286
NO,2050,0.0019100494991216,0.0062069813868922,0.0068726003735505,0.0041025820713375,0.0131786918089454,0.0005772695618491,0.0005772695618491,0.0009650677380167,0.0162528258790324,0.0006358118690746,0.0129343161325077,0.0053489211076219,0.001609374928088
OM,2025,0.0315087403047369,0.0079970706801179,0.0378549472959959,0.059606465273265,0.0347284129150343,-0.07,0.0240778829182248,-0.07,0.0267150073924431,0.05091201346533,0.0240778829182248,0.0240778829182248,0.0001788468889994
OM,2030,0.0238109650162594,0.02145882717349,0.0299512713263968,0.07,0.0238109650162594,0.0238109650162594,0.0238109650162594,0.0238109650162594,0.0238109650162594,0.0296121275007274,0.0505331818316514,0.0238109650162594,-0.0469168513849339
OM,2035,0.0129976242695439,0.0138041007088273,0.0196195840722243,0.07,0.0129976242695439,0.0129976242695439,0.0129976242695439,0.0129976242695439,0.0129976242695439,0.0194052330193376,0.0374894115120587,0.0129976242695439,-0.0649193720979331
OM,2040,0.0124202852732923,0.013216081691185,0.0191164427040255,0.07,0.012410073018291,0.012410073018291,0.012410073018291,0.012410073018291,0.012410073018291,0.0191636539723363,0.0341588822512417,0.012410073018291,-0.0655254161901672
OM,2045,0.0124475734326944,0.0131550315636245,0.0191412921364648,0.07,0.0123490714558225,0.0123490714558225,0.0123490714558225,0.0123490714558225,0.0123490714558225,0.0193855237853597,0.029770733690104,0.0123490714558225,-0.0655657852792815
OM,2050,0.0123458909109316,0.012957382563818,0.0190493402079404,0.07,0.0121515796848745,0.0121515796848745,0.0121515796848745,0.0121515796848745,0.0121515796848745,0.0195419631626556,0.0269518375196879,0.0121515796848745,-0.0656978337454016
PK,2025,-0.0692027823173242,0.0098740774573019,0.0301034894297045,-0.0360462676586879,0.0269769550487429,0.0163264250519334,0.0163264250519334,0.0516083097968539,0.0189635495261517,0.0431605555990387,0.0163264250519334,0.0163264250519334,-0.0225714843007879
PK,2030,0.0166478712049936,0.0184556457506262,0.0224826285902049,0.0163423222800676,0.0163423222800676,0.0163423222800676,0.0163423222800676,0.0624665274322804,0.0163423222800676,0.0221434847645356,0.01798210078246,0.0163423222800676,-0.0110240735144777
PK,2035,0.016964804897454,0.0187649453817294,0.0232830308620885,0.0166610710594081,0.0166610710594081,0.0166610710594081,0.0166610710594081,0.0625112793724909,0.0166610710594081,0.0230686798092018,0.01798210078246,0.0166610710594081,-0.0173276712603372
PK,2040,0.0161039737096102,0.0179248492506578,0.0225016795563799,0.0157953098706453,0.0157953098706453,0.0157953098706453,0.0157953098706453,0.0623897275565553,0.0157953098706453,0.0225488908246907,0.01798210078246,0.0157953098706453,-0.0102137511590667
PK,2045,0.0147339308085302,0.0165878069166291,0.0212096413815585,0.0144174207009162,0.0144174207009162,0.0144174207009162,0.0144174207009162,0.0621962735961418,0.0144174207009162,0.0214538730304533,0.01798210078246,0.0144174207009162,-0.0113875974141257
PK,2050,0.0133400177007067,0.0152274591546116,0.0199132851422612,0.0130155246191954,0.0130155246191954,0.0130155246191954,0.0130155246191954,0.0619994490945381,0.0130155246191954,0.0204059080969765,0.01798210078246,0.0130155246191954,-0.0124621116023659
PW,2025,0.007430857386512,0.0,0.013777064377771,0.0050480395494053,0.0106505299968094,0.0,0.0,0.0082636516201315,0.0026371244742182,0.0268341305471051,0.0,0.0,0.0307085315254818
PW,2030,-0.0113665893610435,0.0068236486328181,-0.0052262830509061,-0.0113665893610435,-0.0113665893610435,-0.0113665893610434,-0.0113665893610435,-0.0113665893610435,-0.0113665893610435,-0.0055654268765754,0.0,-0.0113665893610435,-0.0251482522503479
PW,2035,0.0,0.0183993761470242,0.0066219598026803,0.0,0.0,0.0,0.0,0.0,0.0,0.0064076087497936,0.0,0.0,0.0025251382528161
PW,2040,1.0212255001306874e-05,0.0183993761470242,0.0067063696857345,0.0,0.0,0.0,0.0,0.0,0.0,0.0067535809540453,0.0,0.0,0.0
PW,2045,-0.0119532116811584,0.0061259184761834,-0.005259492977388,-0.012031824841466,-0.0120517136580303,-0.0120517136580303,-0.0120517136580303,-0.0120517136580303,-0.0120517136580303,-0.0050152613284932,0.0,-0.0120517136580303,-0.0114289595296784
PW,2050,0.0001943112260571,0.0183993761470242,0.0068977605230658,0.0001922679850329,0.0,0.0,0.0,0.0,0.0,0.0073903834777811,0.0,0.0,0.0025857813815276
PA,2025,0.0226427085018217,0.0474646716905107,0.0289889154930806,0.020259890664715,0.025862381112119,0.07,0.0152118511153096,0.0234755027354411,0.0178489755895279,0.0420459816624148,0.0152118511153096,0.0152118511153096,0.0474677460318716
PA,2030,0.0114007954781343,0.0564845926358954,0.0175411017882716,0.0114007954781343,0.0114007954781343,0.07,0.0114007954781343,0.0114007954781343,0.0114007954781343,0.0172019579626023,0.0176028702698303,0.0114007954781343,-0.0501049082994124
PA,2035,0.0098277948807977,0.05717586675235,0.016449754683478,0.0098277948807976,0.0098277948807976,0.07,0.0098277948807976,0.0098277948807977,0.0098277948807977,0.0162354036305914,0.0176028702698303,0.0098277948807976,-0.045249413075908
PA,2040,0.0084602534418937,0.0562377709409866,0.0151564108726269,0.0084500411868924,0.0084500411868924,0.07,0.0084500411868924,0.0084500411868923,0.0084500411868924,0.0152036221409376,0.0176028702698303,0.0084500411868922,-0.0562670486594738
PA,2045,0.0071744147855334,0.0555382018825851,0.0138681334893038,0.0070958016252258,0.0070759128086614,0.07,0.0070759128086614,0.0070759128086614,0.0070759128086614,0.0141123651381986,0.0176028702698303,0.0070759128086614,0.019718375894786
PA,2050,0.0059918012359198,0.055258451515218,0.0126952505329285,0.0059897579948956,0.0057974900098627,0.07,0.0057974900098627,0.0057974900098627,0.0057974900098627,0.0131878734876438,0.0176028702698303,0.0057974900098627,0.0429973980673283
PG,2025,0.0296807207959836,0.0080795836883692,0.0360269277872425,0.0272979029588769,0.0329003934062809,0.0222498634094714,0.0222498634094714,0.0305135150296031,0.0248869878836898,0.0490839939565766,0.0222498634094714,0.0222498634094715,0.0062185033850706
PG,2030,0.0165384921395952,0.0192795124771517,0.0226787984497326,0.0165384921395952,0.0165384921395952,0.0165384921395952,0.0165384921395952,0.0165384921395952,0.0165384921395952,0.0223396546240632,0.0174874125785042,0.0165384921395952,0.0115495573398546
PG,2035,0.0146564204259673,0.0174130029922884,0.0212783802286477,0.0146564204259673,0.0146564204259673,0.0146564204259673,0.0146564204259673,0.0146564204259673,0.0146564204259673,0.021064029175761,0.0166220531845948,0.0146564204259673,0.0194507164553377
PG,2040,0.0131326840298983,0.0158903873837048,0.0198288414606315,0.013122471774897,0.013122471774897,0.013122471774897,0.013122471774897,0.013122471774897,0.013122471774897,0.0198760527289423,0.0176126295597158,0.013122471774897,0.0159678746183975
PG,2045,0.0117529613972792,0.0144183643252548,0.0184466801010496,0.0116743482369716,0.0116544594204073,0.0116544594204073,0.0116544594204073,0.0116544594204073,0.0116544594204073,0.0186909117499444,0.0185852029384721,0.0116544594204073,0.0150509993500168
PG,2050,0.0105946806612466,0.0131608480857176,0.0172981299582553,0.0105926374202224,0.0104003694351895,0.0104003694351895,0.0104003694351895,0.0104003694351895,0.0104003694351895,0.0177907529129706,0.0191520344996845,0.0104003694351895,0.0154328911156843
PY,2025,0.0208495232006058,0.0233559670439736,0.0271957301918648,0.0184667053634991,0.0240691958109032,0.0134186658140937,0.0134186658140937,0.07,0.016055790288312,0.0402527963611989,0.0134186658140937,0.0134186658140937,0.0097381564397105
PY,2030,0.0111649840630601,0.0325804091688962,0.0173052903731975,0.0111649840630602,0.0111649840630602,0.0111649840630602,0.0111649840630603,0.0546583201490984,0.0111649840630602,0.0169661465475282,0.0145091788807225,0.0111649840630602,0.0194234273201906
PY,2035,0.0095838651810933,0.0309667963488887,0.0162058249837737,0.0095838651810933,0.0095838651810933,0.0095838651810933,0.0095838651810933,0.0530091924495703,0.0095838651810933,0.0159914739308869,0.0145091788807225,0.0095838651810933,0.0135032236798543
PY,2040,0.0083311234261737,0.0296778870804386,0.0150272808569069,0.0083209111711723,0.0083209111711723,0.0083209111711723,0.0083209111711723,0.0516919148781331,0.0083209111711723,0.0150744921252177,0.0145091788807225,0.0083209111711723,0.0015115357811548
PY,2045,0.0073404946798438,0.028576795510483,0.0140342133836142,0.0072618815195362,0.0072419927029718,0.0072419927029718,0.0072419927029718,0.050566588786759,0.0072419927029718,0.014278445032509,0.0145091788807225,0.0072419927029718,-0.0037240782908848
PY,2050,0.0064136080540679,0.0275330819772204,0.0131170573510766,0.0064115648130437,0.0062192968280108,0.0062192968280108,0.0062192968280108,0.0494999035963998,0.0062192968280108,0.0136096803057919,0.0145091788807225,0.0062192968280108,-0.0105213084732696
PE,2025,0.0207524415488198,0.0393924510590904,0.0270986485400788,0.0068634737412691,0.0239721141591172,0.0353400649315391,0.0133215841623077,0.0215852357824393,0.015958708636526,0.0401557147094129,0.0133215841623077,0.0133215841623077,0.0297743605409445
PE,2030,0.0093746252199582,0.0273852716882839,0.0155149315300956,0.0328923224384617,0.0093746252199582,0.0444641649168137,0.0093746252199582,0.0093746252199582,0.0093746252199582,0.0151757877044262,0.0150893188223423,0.0093746252199582,0.0255388632240316
PE,2035,0.0077418095154579,0.0256904169309192,0.0143637693181383,0.0305875442688858,0.0077418095154579,0.0427746643654481,0.0077418095154579,0.0077418095154579,0.0077418095154579,0.0141494182652516,0.0150893188223423,0.0077418095154579,0.0256083420000635
PE,2040,0.0064560349384119,0.0243557556503936,0.0131521923691451,0.0291250008638256,0.0064458226834106,0.0414336860411508,0.0064458226834105,0.0064458226834106,0.0064458226834105,0.0131994036374559,0.0150893188223423,0.0064458226834106,0.0235381744719249
PE,2045,0.0053324347396237,0.0231222998721862,0.0120261534433941,0.0278858023023773,0.0052339327627517,0.0401797241374869,0.0052339327627517,0.0052339327627518,0.0052339327627518,0.0122703850922889,0.0150893188223423,0.0052339327627517,0.0225329555977246
PE,2050,0.0042363509734194,0.0219091968487384,0.0109398002704282,0.0266670512550316,0.0040420397473623,0.0389464533518622,0.0040420397473623,0.0040420397473624,0.0040420397473625,0.0114324232251434,0.0150893188223423,0.0040420397473625,0.0219652309519594
PH,2025,0.0135594402251166,0.0162074564669144,0.0694177247001039,-0.0378123798517457,-0.0469629611425449,0.0607942544005054,0.0112757826155978,-0.0484484718963933,-0.0221803503897365,-0.038277745909527,0.0112757826155978,-0.07,-0.0261105360079247
PH,2030,0.0166658697412646,0.02203048726457,0.0689278086375036,0.0100312068487989,0.0081640465863266,0.0580694054896473,0.0078572580264368,0.0093975661851319,0.0078813649004869,0.0078703313480713,0.0175848088104814,0.0078572580264368,0.0022536989023194
PH,2035,0.0159325102311799,0.0213195795703716,0.0689430868875759,0.0093216602346853,0.007433847685774,0.0572990243276567,0.0071234363683012,0.0086626230274207,0.0071475256901174,0.007137952057191,0.0175848088104814,0.0071234363683012,-0.0162079133469307
PH,2040,0.0149254804501208,0.0203410400776362,0.0689197200608768,0.0083449942209213,0.0064287545244904,0.056238621693645,0.0061133566083402,0.0076509995626515,0.0061374217701224,0.0061286802373094,0.0175848088104814,0.0061133566083402,-0.0187016591632945
PH,2045,0.0134958990899221,0.0189350122376478,0.0688818290796786,0.0069424246343915,0.0049845554205292,0.0547149494681549,0.0046619923562922,0.0061974171907449,0.0046860228029847,0.0046779861105232,0.0175848088104814,0.0046619923562922,0.0043958473033522
PH,2050,0.0118611420694991,0.0173169933065105,0.0688388783968757,0.0053068124891725,0.0033342952017727,0.0529738767495432,0.0030035446522944,0.0045364348812671,0.0030275354306811,0.0030203610037323,0.0175848088104814,0.0030035446522944,-0.0076810183798861
PL,2025,-0.008495660506876,0.0173606992845103,0.0352806647182695,-0.011452841046618,0.0347726760993078,0.0348694006489111,0.0044274138712552,0.0174593921199036,0.0339471220339532,0.0390098118354049,0.0135506846569128,0.0100125313332928,0.01495560262083
PL,2030,-0.0050408852854134,0.0093993294275923,0.0276165045662948,-0.004854699766778,0.0155981187966374,0.0116109348260814,0.003879339196058,0.0068545126827232,0.0273067677970354,0.0116627130684545,0.0026313182273094,0.0114420666794162,0.001986741518701
PL,2035,-0.0044508532256427,0.0099810899330435,0.0282148979889473,-0.0042644721395242,0.0162005221240939,0.012210973150249,0.0044747915143561,0.0074380356707344,0.0279155506418525,0.0122629202050013,0.0022349480207526,0.0120420048392259,0.0068800214552275
PL,2040,-0.0052150762400681,0.0092266906710929,0.0274417685326886,-0.0050289601078107,0.0154202636701837,0.0114337779493547,0.0037035363036417,0.0066822318368329,0.0271270291652701,0.0114868113474691,-0.0001946962350743,0.0112649393754752,0.0056269883551696
PL,2045,-0.0058983501525253,0.0085521129771717,0.0267509649050456,-0.0057125575824357,0.0147225606769377,0.0107388141007954,0.0030138839629652,0.0060063960357886,0.0264219374207421,0.0107926767045869,-0.0032113571587678,0.0105700915371853,0.0050860149323794
PL,2050,-0.0065420355327085,0.007916615006803,0.0261006277808213,-0.0063565526995903,0.0140652675176953,0.0100841014393896,0.0023641751754575,0.005369702845593,0.0257576834547954,0.0101390138889277,-0.0054330133938438,0.009915488166921,0.0048380959700263
PT,2025,-0.0101862911542624,0.0018224878540384,0.0151117378654323,0.0232200161505412,-0.0046209072112346,-0.02669745503882,0.0267484720405641,-0.0013365275416012,0.0388819672207175,0.0121339211612302,0.0429243862231101,0.0455250510091383,0.0153488097410226
PT,2030,0.0015149497066647,0.0035569560175533,0.0240667867875017,0.0056307319512596,-0.0017492559501128,-0.0012996455062836,0.049972481931277,0.0025763872099629,0.0274152503304701,0.0005748408185817,0.0029157240931769,0.0312733036009192,0.0002403207394672
PT,2035,0.0012245890074728,0.0032925156037299,0.0237795275886308,0.0052914141271761,-0.0020387123375218,-0.0015892322643591,0.0496680281221413,0.0022856765434564,0.0271173372975951,0.0002852480026078,0.0035782732674629,0.0309742718729981,0.0156079707854065
PT,2040,0.0008658587298616,0.0029660228159833,0.0234152415986931,0.0049395179738921,-0.0023963253702103,-0.0019470063653516,0.0492918863103357,0.001926513893722,0.0267492763813462,-7.283038533094156e-05,0.0039068494339495,0.0306048288489587,-0.0003499720280815
PT,2045,0.0004741441096725,0.0026095318908614,0.0230207673054755,0.0045378307803334,-0.0027868200176291,-0.002337676890898,0.0488811592093794,0.001534327145886,0.0263473731938738,-0.0004586382499009,0.00468250875103,0.0302014164723765,0.0150529728948057
PT,2050,-5.639139901821289e-05,0.0021267892438395,0.0224780516056598,0.0040055025268484,-0.003315703203836,-0.0028667982851958,0.0483248733313239,0.0010031521908519,0.0258030383617776,-0.0009935957247239,0.0057589047522208,0.0296550376052338,-0.0006398196676788
PR,2025,-0.0037168787903346,-0.0304181226927244,0.0026293282009243,-0.0060996966274413,-0.0004972061800372,-0.0111477361768467,-0.0111477361768467,-0.0028840845567151,-0.0085106117026284,0.0156863943702584,-0.0111477361768467,-0.0111477361768467,0.003761059116306
PR,2030,-0.0093530909865912,-0.0275738017036381,-0.0032127846764538,-0.0093530909865912,-0.0093530909865912,-0.0093530909865912,-0.0093530909865912,-0.0093530909865912,-0.0093530909865912,-0.0035519285021232,-0.0093530909865912,-0.0093530909865912,-0.00536591999534
PR,2035,-0.0093530909865912,-0.0275738017036381,-0.0027311311839108,-0.0093530909865912,-0.0093530909865912,-0.0093530909865912,-0.0093530909865912,-0.0093530909865912,-0.0093530909865912,-0.0029454822367976,-0.0093530909865912,-0.0093530909865912,-0.0061202053982589
PR,2040,-0.0101270164580029,-0.0275738017036381,-0.0034308590272697,-0.0101372287130042,-0.0101372287130042,-0.0101372287130042,-0.0101372287130042,-0.0101372287130042,-0.0101372287130042,-0.0033836477589589,-0.0093530909865912,-0.0101372287130042,-0.0101372287130042
PR,2045,-0.0118198574562865,-0.0275738017036381,-0.005126138752516,-0.011898470616594,-0.0119183594331584,-0.0119183594331584,-0.0119183594331584,-0.0119183594331584,-0.0119183594331584,-0.0048819071036212,-0.0093530909865912,-0.0119183594331584,-0.0112956053048064
PR,2050,-0.0135720595283222,-0.0275738017036381,-0.0068686102313135,-0.0135741027693464,-0.0137663707543793,-0.0137663707543793,-0.0137663707543793,-0.0137663707543793,-0.0137663707543793,-0.0063759872765982,-0.0093530909865912,-0.0137663707543793,-0.0111805893728516
QA,2025,0.0151253610201631,0.0120796783521134,0.0431302807093929,-0.0590521476561617,0.0405730274454988,0.0299224974486893,0.0299224974486893,0.0300740801021708,0.0325596219229076,0.0553043656897384,0.0299224974486893,0.0299224974486893,0.0223573260438814
QA,2030,0.0146732716825821,0.0146732716825821,0.0208135779927195,0.0146732716825821,0.0146732716825821,0.0146732716825821,0.0146732716825821,0.07,0.0146732716825821,0.0204744341670501,0.0384039783419516,0.0146732716825821,0.063987652778174
QA,2035,0.0103358250153517,0.0103358250153517,0.0169577848180321,0.0103358250153517,0.0103358250153517,0.0103358250153517,0.0103358250153517,0.07,0.0103358250153517,0.0167434337651454,0.0251100068880403,0.0103358250153517,0.0637907094961137
QA,2040,0.0110914227737681,0.0110914227737681,0.0177977924595027,0.0110914227737681,0.0110914227737681,0.0110914227737681,0.0110914227737681,0.07,0.0110914227737681,0.0178450037278135,0.0220710301550441,0.0110914227737681,0.063598413797471
QA,2045,0.0115460016383706,0.0115460016383706,0.0183382223190129,0.0115460016383706,0.0115460016383706,0.0115460016383706,0.0115460016383706,0.07,0.0115460016383706,0.0185824539679077,0.0214905810600383,0.0115460016383706,0.063715487411331
QA,2050,0.0116007839070129,0.0116007839070129,0.0184985444300787,0.0116007839070129,0.0116007839070129,0.0116007839070129,0.0116007839070129,0.07,0.0116007839070129,0.018991167384794,0.0212548254373861,0.0116007839070129,0.063934762467739
MD,2025,0.0354423626238362,0.0077658410160211,-0.0331383156883097,0.0284303342069585,-0.0272540169837265,0.0077052799677678,-0.0105413584252397,0.0273080291735632,-0.0348619576909286,0.0427119050800677,0.07,-0.07,-0.0007950090249988
MD,2030,0.0431638934526979,0.0006312008615922,-0.0047442727570525,0.0289340620633052,-0.0106448157255678,0.0134535312374436,-0.0106313505028678,0.0159314489876434,0.0342601795503594,0.041028034986285,0.0121608450642167,-0.0683503463112136,-0.0097934069045186
MD,2035,0.0432811350026649,0.0011012385362523,-0.0044024107323056,0.0291480230807706,-0.0102933692519773,0.013755776960306,-0.0105413584252397,0.0165639638602053,0.0023820729564055,0.0411910967158894,0.0111746885676893,-0.0683503463112136,0.0047374028046946
MD,2040,0.04332581347087,0.0010761232485243,-0.0042673611014275,0.0292295594517812,-0.0101594398549287,0.013870956910783,-0.0105413584252397,0.0163171306626951,0.0025180304801051,0.0412532363609527,0.0112226169894971,-0.0683503463112136,-0.0136079094556849
MD,2045,0.0436820586658519,0.0025237171234857,-0.0031906320180058,0.029879692313441,-0.0090915495247068,0.014789347929188,-0.0105413584252397,0.0184631458434229,0.0036020921430345,0.0417487088079941,0.0118752028663791,-0.0683503463112136,-0.0109849435442311
MD,2050,0.043846396924502,0.0026519070908704,-0.0026938820787757,0.0301796028915524,-0.0085989246703366,0.0152130077647471,-0.0105413584252397,0.0179230820127811,0.0041021769398674,0.0419772735165231,0.0116442204308713,-0.0683503463112136,0.0062421842831271
RO,2025,-0.0615906058010558,-0.0229898612289808,0.0207241600581088,-0.0607274823040449,0.0075272156738936,0.0094209869783406,-0.0290160106467272,-0.0124360370766932,0.0610324444091603,-0.0381334668472278,0.0565668763825084,-0.0393797493105238,0.0037691835725411
RO,2030,-0.0044192962957194,-0.0023771564391141,0.0230636377006381,-0.0081948283879368,-0.0004144859035977,0.0039759776735181,-0.0058371823828786,0.0022306165155714,0.0663320559804307,-0.0066577347898358,0.0071791372891019,-0.0013630978000871,0.0102543706756821
RO,2035,-0.0047730040142511,-0.0026836277833284,0.0226991758077809,-0.0095543215842503,-0.0007699905379023,0.0036194138028743,-0.0061907584240797,0.0018741711451767,0.0662896589239613,-0.0069602620479325,0.003427381414464,-0.0038893367009664,0.0139554641998549
RO,2040,-0.0052124267940694,-0.0031584787850332,0.022247152317047,-0.0099483310574925,-0.001211645685528,0.003167288264003,-0.0066300176168017,0.0014313472900389,0.0662369876605599,-0.0073361016515336,0.0014947076787497,-0.0043296131116876,0.0130279813564117
RO,2045,-0.0054994103360759,-0.0034605933963472,0.0219519408877686,-0.0102056548575291,-0.0015000871692932,0.0027856280871164,-0.0069168943213695,0.0011421425326411,0.0662025884750212,-0.0075815595240462,-0.0004540543030023,-0.0046171541532851,0.0273503529699367
RO,2050,-0.0057843545727514,-0.0037462619718603,0.0216588282493923,-0.0104611355351795,-0.0017864789875917,0.0024980070310691,-0.0072017324797932,0.0008549928645331,0.0661684337301287,-0.0078252731726761,-0.0012179197588654,-0.0049026519279591,0.0129365322956032
RU,2025,0.038006638916429,0.0103511783095392,-0.003381503770081,-0.0066812135565679,0.0354498198974623,0.0511964238114129,0.0005091446428735,-0.031991600078826,0.0129165774067739,0.0194800364033636,0.0257007508251614,0.038482153895149,0.0019762865678403
RU,2030,0.0620912579379834,0.0043180337316241,-0.000378141570119,-0.001229545554116,0.0261356220378421,0.0608473344359047,-0.0032698339165575,-0.0031464124565534,0.0349365067221205,0.025252043496152,0.0185874835931578,0.0555912464442761,-0.0003456610690214
RU,2035,0.0621463744971171,0.0047586433301924,6.300552243827128e-05,-0.0010933282599366,0.026591673443958,0.0612009643537267,-0.0028268513477839,-0.0027040365976309,0.0353964695564619,0.0257087488973206,0.0148539700384038,0.0557342979974175,-0.0043503545220275
RU,2040,0.0621987808131705,0.0051775507386669,0.0004824113608503,-0.0009638203375503,0.0270252620749997,0.0615153212329831,-0.0024056878495595,-0.0022834499258129,0.0358337769586488,0.0261434115552916,0.01113243270469,0.0558703035578942,-0.0079766090198627
RU,2045,0.0622869003081268,0.0058816786668379,0.0011874100566254,-0.0007461327322787,0.0277540667114148,0.0620385498096907,-0.001697768203564,-0.0021245049631259,0.0365688323531749,0.0268722012636514,0.0072409221479419,0.0560989107582618,-0.0017236848385965
RU,2050,0.0623185249626143,0.0061341542164205,0.0014403020229839,-0.0006680717026508,0.0280153880871937,0.0622234499350919,-0.0014439353839179,-0.0021114972429334,0.0368323950109485,0.0271350148617062,0.004390298519671,0.0561808805278379,-0.0058127797002539
RW,2025,0.0304994103986513,0.0236311463336059,0.0368456173899103,0.0281165925615446,0.0337190830089487,0.0230685530121392,0.0230685530121392,0.0313322046322708,0.0257056774863575,0.0499026835592444,0.0230685530121392,0.0230685530121392,0.0236311463336059
RW,2030,0.0211708927266838,0.0354321844868493,0.0273111990368212,0.0211708927266838,0.0211708927266838,0.0211708927266839,0.0211708927266838,0.0211708927266838,0.0211708927266839,0.0269720552111519,0.0243446736517252,0.0211708927266838,-0.0077730557544624
RW,2035,0.0188878461470904,0.0337590440430822,0.0255098059497708,0.0188878461470904,0.0188878461470904,0.0188878461470904,0.0188878461470904,0.0188878461470904,0.0188878461470904,0.0252954548968841,0.0243446736517252,0.0188878461470904,0.0136994927368442
RW,2040,0.0185610638405057,0.0335120761382839,0.0252572212712389,0.0185508515855044,0.0185508515855044,0.0185508515855044,0.0185508515855044,0.0185508515855044,0.0185508515855044,0.0253044325395497,0.0243446736517252,0.0185508515855044,0.0127975216549116
RW,2045,0.0174909909292372,0.0326631651316592,0.0241847096330076,0.0174123777689297,0.0173924889523653,0.0173924889523653,0.0173924889523653,0.0173924889523653,0.0173924889523653,0.0244289412819025,0.0243446736517252,0.0173924889523653,0.0118538016563302
RW,2050,0.014706000859411,0.0305519590379696,0.0214094501564197,0.0147039576183868,0.0145116896333539,0.0145116896333539,0.0145116896333539,0.0145116896333539,0.0145116896333539,0.021902073111135,0.0243446736517252,0.0145116896333539,0.0095686426650186
BL,2025,0.0194158815269116,0.0245019994710855,0.0257620885181706,0.0170330636898049,0.022635554137209,0.0119850241403995,0.0119850241403995,0.0202486757605311,0.0146221486146178,0.0388191546875047,0.0119850241403995,0.0119850241403995,0.0460352053976977
BL,2030,0.0175545771755876,0.0371567681052034,0.0236948834857249,0.0175545771755876,0.0175545771755876,0.0175545771755876,0.0175545771755876,0.0175545771755876,0.0175545771755876,0.0233557396600556,0.0310009102368441,0.0175545771755876,0.0557038706456824
BL,2035,0.0,0.0192640192175494,0.0066219598026803,0.0,0.0,0.0,0.0,0.0,0.0,0.0064076087497936,0.0216765925334854,0.0,-0.0019097199801348
BL,2040,0.0161475769965969,0.0357122544636479,0.0228437344273301,0.0161373647415956,0.0161373647415956,0.0161373647415956,0.0161373647415956,0.0161373647415956,0.0161373647415956,0.0228909456956409,0.0310009102368441,0.0161373647415956,0.0422002950982933
BL,2045,9.85019768719234e-05,0.0192640192175494,0.0067922206806423,1.9888816564363516e-05,0.0,0.0,0.0,0.0,0.0,0.0070364523295371,0.0211415305692228,0.0,0.0006227541283519
BL,2050,0.0001943112260571,0.0192640192175494,0.0068977605230658,0.0001922679850329,0.0,0.0,0.0,0.0,0.0,0.0073903834777811,0.0203999778798624,0.0,0.0025857813815276
WS,2025,0.0164681366715688,0.0227961676382818,0.0228143436628278,0.0140853188344621,0.0196878092818662,0.0090372792850568,0.0090372792850568,0.0173009309051883,0.011674403759275,0.035871409832162,0.0090372792850568,0.0090372792850568,0.0628796399164683
WS,2030,0.005420371823521,0.0393393896421912,0.0115606781336584,0.005420371823521,0.005420371823521,0.005420371823521,0.005420371823521,0.005420371823521,0.005420371823521,0.0112215343079891,-0.0060593475220531,0.005420371823521,0.0283829400553537
WS,2035,0.0078749885178921,0.0416512298323366,0.0144969483205725,0.0078749885178921,0.0078749885178921,0.0078749885178921,0.0078749885178921,0.0078749885178921,0.0078749885178921,0.0142825972676857,-0.0050484142519302,0.0078749885178921,0.0318526548649385
WS,2040,0.0098901294665627,0.0437018684557329,0.0165862868972959,0.0098799172115614,0.0098799172115614,0.0098799172115614,0.0098799172115614,0.0098799172115614,0.0098799172115614,0.0166334981656067,-0.0011610306417912,0.0098799172115614,0.0326949432829539
WS,2045,0.0099784191884333,0.0439846571648192,0.0166721378922037,0.0098998060281258,0.0098799172115614,0.0098799172115614,0.0098799172115614,0.0098799172115614,0.0098799172115614,0.0169163695410986,0.002825764125933,0.0098799172115614,0.0332666139935561
WS,2050,0.0100372382079369,0.0435047001697675,0.0167406875049456,0.0100351949669127,0.0098429269818798,0.0098429269818798,0.0098429269818798,0.0098429269818798,0.0098429269818798,0.0172333104596609,0.0055517392115138,0.0098429269818798,0.033713129466516
ST,2025,0.025137948885231,0.0407075701088581,0.03148415587649,0.0227551310481243,0.0283576214955284,0.0177070914987189,0.0177070914987189,0.0259707431188505,0.0203442159729372,0.0445412220458241,0.0177070914987189,0.0177070914987189,-0.0398595820835364
ST,2030,0.0194005577078986,0.0583945504903813,0.0255408640180359,0.0194005577078986,0.0194005577078986,0.0194005577078986,0.0194005577078986,0.0194005577078986,0.0194005577078986,0.0252017201923666,0.0194377031362013,0.0194005577078986,0.0280511282055342
ST,2035,0.019103373657112,0.0580859985894951,0.0257253334597923,0.019103373657112,0.019103373657112,0.019103373657112,0.019103373657112,0.019103373657112,0.019103373657112,0.0255109824069056,0.0194377031362013,0.019103373657112,0.0294758955089976
ST,2040,0.0167981136146694,0.0556819551122809,0.0234942710454026,0.0167879013596681,0.016787901359668,0.0167879013596681,0.0167879013596681,0.016787901359668,0.016787901359668,0.0235414823137134,0.0194377031362013,0.0167879013596681,0.0254163010160621
ST,2045,0.0155857463109844,0.0543315455039122,0.0222794650147548,0.0155071331506768,0.0154872443341124,0.0154872443341125,0.0154872443341123,0.0154872443341124,0.0154872443341124,0.0225236966636496,0.0194377031362013,0.0154872443341125,0.0245298993806206
ST,2050,0.0145680214182761,0.0531754165822107,0.0212714707152848,0.0145659781772519,0.014373710192219,0.014373710192219,0.014373710192219,0.014373710192219,0.014373710192219,0.0217640936700001,0.0194377031362013,0.014373710192219,0.0247475109558795
SA,2025,-0.0122213379495944,0.0400520107846157,0.0231876478033838,0.0125208820134077,0.0200611134224222,-0.0123809247124243,0.0094105834256128,-0.0125266876383585,0.0120477078998311,0.036244713972718,0.0094105834256128,0.0094105834256128,0.0395065628382642
SA,2030,0.0157505823796458,0.0190484058055537,0.0226533415524628,0.0165130352423255,0.0165130352423255,0.0165130352423255,0.0165130352423255,0.0165130352423255,0.0165130352423255,0.0223141977267935,0.0354636406930609,0.0165130352423255,-0.0056272966180517
SA,2035,0.0134394059052578,0.0159671102713266,0.0200613657079383,0.0134394059052578,0.0134394059052579,0.0134394059052578,0.0134394059052578,0.013439405905258,0.0134394059052579,0.0198470146550515,0.0354636406930609,0.013439405905258,-0.018531080169662
SA,2040,0.0126551162997663,0.015180864503238,0.0193614859855008,0.0126551162997663,0.0126551162997663,0.0126551162997663,0.0126551162997663,0.0126551162997663,0.0126551162997663,0.0194086972538116,0.0354636406930609,0.0126551162997663,-0.019379488656528
SA,2045,0.0118387091209108,0.0143624210546476,0.0186309298015532,0.0118387091209108,0.0118387091209108,0.0118387091209108,0.0118387091209108,0.0118387091209108,0.0118387091209108,0.018875161450448,0.0316483963897344,0.0118387091209108,-0.0201377603723581
SA,2050,0.0110703975538464,0.0135921931771542,0.0179681580769122,0.0110703975538464,0.0110703975538464,0.0110703975538464,0.0110703975538464,0.0110703975538464,0.0110703975538464,0.0184607810316275,0.0275469250429563,0.0110703975538464,-0.0241808529640215
SN,2025,0.07,0.0578718589781558,0.07,0.0275738092956892,0.0382243392924986,0.0275738092956892,0.0275738092956892,0.0322973141566607,0.0302109337699074,-0.0567930669045651,0.0275738092956892,0.0275738092956892,0.0531644238824462
SN,2030,0.07,0.0597287942261093,0.07,0.0226519166971221,0.0226519166971221,0.0226519166971224,0.0226519166971224,0.0478162841240905,0.0226519166971223,0.0301216361392926,0.0303599063754262,0.0226519166971224,0.0196501076447963
SN,2035,0.07,0.0593143283945581,0.07,0.0211551439284407,0.0211551439284407,0.0211551439284408,0.0211551439284407,0.0462826803092916,0.0211551439284407,0.0211551439284407,0.0303599063754262,0.0211551439284407,0.0205925584399986
SN,2040,0.07,0.057330520749396,0.07,0.0192337144783383,0.0192337144783383,0.0192337144783383,0.0192337144783383,0.0443139702978584,0.0192337144783383,0.0192337144783383,0.0303599063754262,0.0192337144783383,0.0177334319567173
SN,2045,0.07,0.0567522590646527,0.07,0.0173408966414256,0.0173408966414256,0.0173408966414256,0.0173408966414256,0.0423745759447894,0.0173408966414256,0.0173408966414256,0.0303599063754262,0.0173408966414256,0.0167146469071493
SN,2050,0.07,0.0562902421937568,0.07,0.0158285817202414,0.0158285817202414,0.0158285817202414,0.0158285817202414,0.0408250475321712,0.0158285817202414,0.0158285817202414,0.0303599063754262,0.0158285817202414,0.0167880462925541
RS,2025,0.0148315957536999,0.019261563478847,-0.0345310904075167,0.069127839644124,0.0502631451535694,-0.0320075256819742,0.0443797743745049,0.0067769686974469,0.034071725961905,0.0451140489296386,-0.07,0.0167421230232344,0.0067165116157533
RS,2030,0.0270095186324407,0.0011602210313349,-0.0045146195121356,0.0624300403730241,0.0220915368669568,-0.0069472146890032,0.07,0.0493297893344357,0.0080257921638284,0.0698340234109865,0.0038403189533262,0.0526802735320796,-0.029479146126748
RS,2035,0.0266195662146612,0.0007827321830485,-0.0046147190424583,0.062392945820053,0.0217034517920259,-0.0073242738375206,0.07,0.0489490724501823,0.007643102346098,0.0698400010964213,0.0019705031264947,0.0523610293811372,-0.0298675503680858
RS,2040,0.0261610496897689,0.0003387587547838,-0.0047398277166059,0.0623493180521672,0.02124701589476,-0.0077677418858768,0.07,0.0485013024536184,0.0071930119365109,0.0698417335826745,0.0013382523115978,0.0519855588982587,-0.0383675222495643
RS,2045,0.0259795353478785,0.0001620784779948,-0.004788899124819,0.0623319603492329,0.0210653761489297,-0.0079442210455348,0.07,0.048323111323487,0.007013897392524,0.0698444032397688,0.0010162614047259,0.0518361395307521,-0.0382737477792736
RS,2050,0.0261215394182885,0.0002984939955001,-0.0047486026698638,0.062345473457309,0.0212056208914515,-0.0078079608113356,0.07,0.0484606933766369,0.0071521924170437,0.0698486556596252,0.0015424615870516,0.0519515067959284,-0.0376726363332152
SC,2025,0.0302815226388364,0.0103783457486836,0.0272742220374347,0.0278987048017297,0.0335011952491338,0.0228506652523243,0.0228506652523243,0.0311143168724559,0.0254877897265426,0.0496847957994295,0.0228506652523243,0.0228506652523243,-0.011354381313731
SC,2030,0.0118376165182416,0.0149257920112402,0.0091618751310591,0.0118376165182416,0.0118376165182416,0.0118376165182416,0.0118376165182416,0.0118376165182416,0.0118376165182416,0.0176387790027097,0.0252363190295897,0.0118376165182416,0.0241795867784778
SC,2035,0.0028409548838267,0.0059511039250227,0.0096398105456078,0.0028409548838267,0.0028409548838266,0.0028409548838267,0.0028409548838268,0.0028409548838266,0.0028409548838266,0.0092485636336203,0.0245791296387347,0.0028409548838267,0.0049311630666972
SC,2040,1.0212255001306874e-05,0.0018596416805167,0.0072903726784684,0.0,0.0,0.0,0.0,0.0,0.0,0.0067535809540453,0.0215864564331158,0.0,-0.0351173701366194
SC,2045,0.0015030018960694,0.0051324964933156,0.0091703297686049,0.0014243887357619,0.0014044999191976,0.0014044999191976,0.0014044999191975,0.0014044999191975,0.0014044999191975,0.0084409522487347,0.0225757237663968,0.0014044999191975,0.002540643367432
SC,2050,-0.0012082188397763,0.0016944584930514,0.0069376713723805,-0.0012102620808005,-0.0014025300658335,-0.0014025300658335,-0.0014025300658334,-0.0014025300658335,-0.0014025300658334,0.0059878534119475,0.0189688362317101,-0.0014025300658334,0.0690706894370342
SL,2025,0.0307826591025204,0.0490487145861847,0.0371288660937794,0.0283998412654137,0.0340023317128178,0.0233518017160083,0.0233518017160083,0.0316154533361399,0.0259889261902266,0.0501859322631135,0.0233518017160083,0.0233518017160083,-0.0540307143259674
SL,2030,0.0193276413419871,0.0537285948578161,0.0254679476521245,0.0193276413419871,0.0193276413419871,0.0193276413419871,0.0193276413419871,0.0193276413419871,0.0193276413419871,0.0251288038264552,0.0247921807939874,0.0193276413419871,0.0112353205998546
SL,2035,0.0174680717416872,0.0535124662048371,0.0240900315443676,0.0174680717416872,0.0174680717416872,0.0174680717416872,0.0174680717416872,0.0174680717416872,0.0174680717416872,0.0238756804914809,0.0247921807939874,0.0174680717416872,0.0119724416292288
SL,2040,0.0154827166206256,0.0532805311974849,0.0221788740513588,0.0154725043656243,0.0154725043656243,0.0154725043656243,0.0154725043656243,0.0154725043656243,0.0154725043656243,0.0222260853196696,0.0247921807939874,0.0154725043656243,0.0086583012023168
SL,2045,0.0141587611228137,0.0531163928630247,0.0208524798265841,0.0140801479625061,0.0140602591459417,0.0140602591459417,0.0140602591459417,0.0140602591459417,0.0140602591459417,0.0210967114754789,0.0247921807939874,0.0140602591459417,0.0079539591744676
SL,2050,0.0121858305642452,0.0528759533828667,0.0188892798612539,0.012183787323221,0.011991519338188,0.011991519338188,0.011991519338188,0.011991519338188,0.011991519338188,0.0193819028159691,0.0247921807939874,0.011991519338188,0.0071533647140267
SG,2025,-0.0412906442121668,0.0165502494415374,0.0198813841759349,0.0111523593475693,0.0167548497949734,0.006104319798164,0.006104319798164,0.0143679714182955,0.0087414442723823,0.0329384503452691,0.0061043197981638,0.0061043197981639,0.0189197523930284
SG,2030,-0.0299328253109884,0.0150033139461771,0.011750282631728,0.0056099763215906,0.0056099763215906,0.0056099763215906,0.0056099763215906,0.0056099763215906,0.0056099763215906,0.0114111388060586,0.0160853123085157,0.0056099763215906,0.0154035750138952
SG,2035,-0.0299328253109884,0.0135788603016369,0.0108074475541474,0.004185487751467,0.004185487751467,0.004185487751467,0.004185487751467,0.004185487751467,0.004185487751467,0.0105930965012607,0.0160853123085157,0.004185487751467,0.0272813617512729
SG,2040,-0.0298817640359819,0.0110478375315783,0.0083607726100538,0.0016544029243192,0.0016544029243192,0.0016544029243192,0.0016544029243192,0.0016544029243192,0.0016544029243192,0.0084079838783645,0.0138433235579695,0.0016544029243192,0.025356713978042
SG,2045,-0.0294403154266288,0.0082936029941283,0.0056923215375864,-0.0010800103264915,-0.0010998991430558,-0.0010998991430558,-0.0010998991430558,-0.0010998991430558,-0.0010998991430558,0.0059365531864812,0.0083376251935098,-0.0010998991430558,0.0180690617129268
SG,2050,-0.0289612691807029,0.0070783903522071,0.0045826189427979,-0.0021228735952349,-0.0023151415802678,-0.0023151415802679,-0.0023151415802679,-0.0023151415802678,-0.0023151415802679,0.0050752418975131,0.0046217054497239,-0.0023151415802678,0.0061478414639089
SX,2025,0.0234010016985635,-0.0004529699954482,0.0297472086898225,0.0210181838614568,0.0266206743088609,0.0159701443120514,0.0159701443120514,0.0242337959321829,0.0186072687862697,0.0428042748591566,0.0159701443120514,0.0159701443120514,0.0148742065581492
SX,2030,0.0089299890719963,0.0079991223509597,0.0150702953821337,0.0089299890719963,0.0089299890719962,0.0089299890719962,0.0089299890719962,0.0089299890719962,0.0089299890719963,0.0147311515564643,0.0222676931292555,0.0089299890719962,-0.0053992080230154
SX,2035,0.0085482523039324,0.0077997466903823,0.0151702121066127,0.0085482523039324,0.0085482523039324,0.0085482523039324,0.0085482523039324,0.0085482523039324,0.0085482523039324,0.014955861053726,0.0222676931292555,0.0085482523039324,0.0101110218582177
SX,2040,0.0082080307521678,0.0076167201193057,0.014904188182901,0.0081978184971664,0.0081978184971664,0.0081978184971664,0.0081978184971664,0.0081978184971664,0.0081978184971664,0.0149513994512118,0.0222676931292555,0.0081978184971664,0.0126027130681531
SX,2045,0.004066880681301,0.0039683787044291,0.0107605993850714,0.0039882675209934,0.0039683787044291,0.0039683787044291,0.0039683787044291,0.0039683787044291,0.0039683787044291,0.0110048310339662,0.0222676931292555,0.0039683787044291,0.0090599290925531
SX,2050,0.0001943112260571,0.0,0.0068977605230658,0.0001922679850329,0.0,0.0,0.0,0.0,0.0,0.0073903834777811,0.0203999778798624,0.0,0.0043807948656384
SK,2025,-0.014037673859234,0.001615300742641,0.0389189912879998,0.0139150550327244,-0.0036574468225762,0.069797735705098,-0.0047463641770237,-0.0183420741756366,-0.0284929922002935,-0.0309214662083693,0.0041681686129229,0.0182183715882451,0.0004216940193195
SK,2030,-0.0013024946579013,-4.2153897587491395e-05,0.0174712418366689,0.0082473695977815,0.0031627195149886,0.0697974991811105,0.0006310741641673,-0.000156824281738,-0.0031136135767158,-0.0271545725733081,0.0198517689316874,0.022054173901942,0.0028497684244121
SK,2035,-0.0015697301461189,-0.0003135969979153,0.0171915600837521,0.0079702232961387,0.0028869708782522,0.0697876282037384,0.0003560214242588,-0.0004316604446964,-0.0033876369795892,-0.0272044578027908,0.0182155231274383,0.0217732323960012,-0.0035354416184895
SK,2040,-0.0024834526016039,-0.0012417059770428,0.0162352817850343,0.0070226141258341,0.0019441405560673,0.0697538776949917,-0.0005844295112571,-0.0013713708677,-0.004324568441065,-0.0273750236759064,0.0171685358838058,0.0208126467927639,-0.0050402611741038
SK,2045,-0.0029584651773451,-0.0017241976068559,0.0157381459041413,0.00652998672164,0.0014539958111948,0.0697363319774753,-0.001073337295624,-0.0018598936853261,-0.0048116465730918,-0.0274636949504667,0.0162281584230177,0.0203132716938217,-0.0053811964041205
SK,2050,-0.0033092284930358,-0.0020804836769714,0.0153710460865022,0.0061662725261103,0.0010920584548804,0.0697233757014386,-0.001434361243767,-0.0022206333626572,-0.0051713194519068,-0.0275291724385579,0.0151231636255271,0.0199445183714385,-0.0052922200612518
SI,2025,0.0015382551546739,-7.220716319457905e-05,0.0134488726960904,0.0039559958807023,0.0369588618849734,-0.0033209586350354,0.0545681972633624,-0.0049923093168165,-0.0167716018889568,-0.029164030654842,-0.0226033539736326,0.0006579825351376,-0.0035959920637889
SI,2030,8.467479158740325e-05,-0.0008100496940806,0.0144759178760635,-0.0015992679694638,0.0227094796689259,0.0417864255413919,0.0637873873436611,-0.0002021959230788,-0.0016097323998116,-0.0314810332631578,-0.0005594817830726,0.0047772552323984,0.0185096287637039
SI,2035,-0.0006974117369999,-0.0015876156818912,0.0136857027288046,-0.0023799588525804,0.0219107837343837,0.04141274083799,0.0629554839999808,-0.0009847457832479,-0.0023912277608961,-0.0314813637358039,0.0012728234919314,0.0040349840553309,0.0132291248194289
SI,2040,-0.0009213582278398,-0.0018102677389226,0.013459428649443,-0.0026035057074538,0.0216820812248138,0.0413057381279976,0.0627172727180762,-0.0012086278817284,-0.0026147946628515,-0.0314812234989709,0.0026197011885056,0.0038224384874434,0.0069882671230728
SI,2045,-0.0011537691945,-0.0020413353462316,0.0132246021187064,-0.002835477207338,0.0214447344768141,0.0411946910507635,0.0624700577959347,-0.0014409720221998,-0.0028468116933566,-0.0314812542525817,0.002612063101089,0.0036018593629086,0.0033121898594942
SI,2050,-0.0017976654450554,-0.0026815098100661,0.0125740135305471,-0.0034780530148691,0.0207871636086462,0.0408870343265835,0.0617851470805079,-0.0020846831303197,-0.003489616540968,-0.031481355053884,0.0021899132579727,0.0029907433158488,0.0069089211650474
SB,2025,0.0365328780409586,0.0281206066617695,0.0424465500475239,0.0341500602038519,0.039752550651256,0.0291020206544465,0.0291020206544465,0.0373656722745781,0.0317391451286648,0.0546890080940563,0.0291020206544465,0.0291020206544465,0.0613024269443212
SB,2030,0.0228187696724806,0.0247537317536432,0.028959075982618,0.0228187696724806,0.0228187696724806,0.0228187696724806,0.0228187696724806,0.0228187696724806,0.0228187696724806,0.0286199321569486,0.0370007037531431,0.0228187696724806,-0.0609644350113546
SB,2035,0.0210754858358905,0.023235929944173,0.0276974456385709,0.0210754858358905,0.0210754858358905,0.0210754858358905,0.0210754858358905,0.0210754858358905,0.0210754858358905,0.0274830945856842,0.0342299536857781,0.0210754858358905,0.01997050207186
SB,2040,0.0179925270680841,0.0205428397675318,0.0246886844988174,0.0179823148130828,0.0179823148130828,0.0179823148130828,0.0179823148130828,0.0179823148130828,0.0179823148130828,0.0247358957671282,0.0310849527011249,0.0179823148130828,0.014697766689822
SB,2045,0.0155964189112697,0.0183797820275554,0.0222901376150401,0.0155178057509622,0.0154979169343978,0.0154979169343978,0.0154979169343978,0.0154979169343978,0.0154979169343978,0.022534369263935,0.0288486572846971,0.0154979169343978,0.0127613741994299
SB,2050,0.0137993115020228,0.016731701394304,0.0205027607990316,0.0137972682609987,0.0136050002759657,0.0136050002759657,0.0136050002759657,0.0136050002759657,0.0136050002759657,0.0209953837537468,0.0274716881373906,0.0136050002759657,0.0125767038296601
SO,2025,0.0435507142739466,-0.0122569142747954,0.0482947469083473,0.0411678964368399,0.046770386884244,0.0361198568874345,0.0361198568874345,0.0443835085075661,0.0387569813616528,0.0593490918771502,0.0361198568874345,0.0361198568874345,-0.0420272084498537
SO,2030,0.0315022853267529,0.0273835614414525,0.0376425916368902,0.0315022853267529,0.0315022853267529,0.031502285326753,0.031502285326753,0.0315022853267529,0.0315022853267529,0.0373034478112209,0.037870841454121,0.031502285326753,0.0180520632498622
SO,2035,0.0281545377431863,0.0253456980821941,0.0347764975458668,0.0281545377431863,0.0281545377431864,0.0281545377431864,0.0281545377431864,0.0281545377431863,0.0281545377431864,0.03456214649298,0.037870841454121,0.0281545377431863,0.0166126042878207
SO,2040,0.0262413947987497,0.0241749004070607,0.0329375522294829,0.0262311825437484,0.0262311825437484,0.0262311825437484,0.0262311825437484,0.0262311825437484,0.0262311825437484,0.0329847634977937,0.037870841454121,0.0262311825437484,0.0037167984053586
SO,2045,0.0235136217420365,0.0224606877878007,0.030207340445807,0.023435008581729,0.0234151197651646,0.0234151197651646,0.0234151197651646,0.0234151197651646,0.0234151197651646,0.0304515720947018,0.037870841454121,0.0234151197651646,0.0122028233383354
SO,2050,0.0215306699262466,0.0211952904120366,0.0282341192232554,0.0215286266852225,0.0213363587001895,0.0213363587001895,0.0213363587001895,0.0213363587001895,0.0213363587001895,0.0287267421779706,0.037870841454121,0.0213363587001894,0.0016935172262089
ZA,2025,-0.0171538570976984,-0.0132662279173141,-0.008782773648788,-0.0251967692334498,-0.0341420066380298,-0.0071184464118553,-0.07,-0.0569984022036358,-0.0096006742806399,0.014370997032061,-0.0228683164893901,0.0008331472046101,0.0168281155948399
ZA,2030,0.0078647729786141,0.0021142219264639,0.009929821185157,0.032398035079967,-0.0204991346709634,-0.0017897967884622,0.0028865535396356,0.0066011135195998,-0.0064635546428349,0.0135596226022324,0.0217767248214429,0.0105089378029545,0.0142298173275709
ZA,2035,0.006561725749115,0.0013817417552749,0.0087086260354532,0.0319138805720028,-0.0206262467933453,-0.0018556492936899,0.0028865535396356,0.0055235880805909,-0.0071622814956378,0.0120953989173923,0.0217767248214429,0.0089735666746493,0.0217768507804596
ZA,2040,0.0056024800604734,0.0008215803687554,0.0077960794363273,0.0314542189389522,-0.0207198212257578,-0.0019041270524131,0.0028865535396356,0.004730360578162,-0.0076766539051084,0.0110577926417259,0.0217767248214429,0.0078432930297622,-0.0043982158354332
ZA,2045,0.0049758210476658,0.0004245740665171,0.0071697923816449,0.0310008000221226,-0.0207809527397607,-0.0019357972288685,0.0028865535396356,0.0042121506684464,-0.0080126897574405,0.0103618045871215,0.0217767248214429,0.0071048932621327,-0.0044867245766438
ZA,2050,0.0044640267804902,0.000100343023252,0.0065715359217865,0.0306306252325512,-0.0208308792942158,-0.0019616624935391,0.0028865535396356,0.0037889248462406,-0.0082871326949982,0.0098662049756227,0.0217767248214429,0.0065018367730296,-0.0035883105714205
SS,2025,0.0046046264599079,-0.0037031767717195,0.0109508334511668,0.0022218086228012,0.0078242990702052,-0.0028262309266041,-0.0028262309266041,0.0054374206935273,-0.0001891064523859,0.024007899620501,-0.0028262309266041,-0.0028262309266041,0.0687044997572192
SS,2030,0.0155214705359585,0.0005522023522681,0.0216617768460959,0.0155214705359585,0.0155214705359585,0.0155214705359585,0.0155214705359585,0.0155214705359585,0.0155214705359585,0.0213226330204266,0.0155214705359585,0.0155214705359585,0.0698672355758988
SS,2035,0.0155214705359585,0.0005522023522681,0.0221434303386389,0.0155214705359585,0.0155214705359585,0.0155214705359585,0.0155214705359585,0.0155214705359585,0.0155214705359585,0.0219290792857521,0.0155214705359585,0.0155214705359585,0.0698672355758988
SS,2040,0.0155316827909598,0.0005522023522681,0.022227840221693,0.0155214705359585,0.0155214705359585,0.0155214705359585,0.0155214705359585,0.0155214705359585,0.0155214705359585,0.0222750514900038,0.0155214705359585,0.0155214705359585,0.0686971375649128
SS,2045,0.014689012205828,0.0005522023522681,0.0213827309095984,0.0146103990455204,0.014590510228956,0.014590510228956,0.014590510228956,0.014590510228956,0.014590510228956,0.0216269625584932,0.0155214705359585,0.014590510228956,0.0684309020971683
SS,2050,0.0123320222097208,0.0005522023522681,0.0190354715067296,0.0123299789686967,0.0121377109836637,0.0121377109836637,0.0121377109836637,0.0121377109836637,0.0121377109836637,0.0195280944614448,0.0155214705359585,0.0121377109836637,0.0643087599885102
ES,2025,-0.0321826760413717,-0.0040435565942034,0.0150301530751551,-0.0212794772018367,-0.006779009037973,0.0340131114153754,0.07,0.0227875065148501,-0.0033689867304088,-0.0107038112588921,0.07,-0.0259585158167136,0.0142644873928034
ES,2030,-0.0004189698606757,0.0008337058789382,0.0122026881819322,0.0039184159225917,0.0178278868929346,0.0062217678128723,0.07,0.0227945179695516,-0.0003931215003306,-0.0009635400337744,0.0047062139687632,0.0048421107574315,-0.0053603153914745
ES,2035,-0.0012439785319976,1.3614324440060354e-05,0.011370470583334,0.0030898001897967,0.016987609558531,0.0053910720186573,0.07,0.0219509251650476,-0.0012179376792332,-0.0017874610634926,0.0047943037042545,0.0040125539520062,-0.0123966958670099
ES,2040,-0.0017021620976368,-0.0004418515424022,0.0109072955609476,0.002629600129271,0.0165209328290819,0.0049297167249477,0.07,0.0214824070759906,-0.0016760275276762,-0.0022444752875121,0.0043226186471905,0.0035518312346393,-0.013277463364669
ES,2045,-0.0023409755191325,-0.0010769616729246,0.0102612407408798,0.0019878912139627,0.0158701805667797,0.0042863848805227,0.07,0.020829087149918,-0.0023148059076563,-0.0028826774244808,0.0034534471121869,0.0029093814793786,-0.0137950442098385
ES,2050,-0.0034367817286996,-0.0021705112110831,0.0091528723991298,0.0008875782882504,0.0147539679329117,0.0031829002303484,0.07,0.0197084702920373,-0.0034104801592573,-0.0039769593466513,0.003541781417792,0.0018074098459485,-0.0145319056453478
LK,2025,0.0145576043015604,0.0258852133866071,0.0209038112928194,0.0200339431000727,0.0177772769118578,0.0071267469150483,0.0071267469150484,-0.07,0.0097638713892666,0.0339608774621535,0.0071267469150484,0.0071267469150484,-0.0088846456425906
LK,2030,0.0047117446989088,0.0278757262771202,0.0108520510090462,0.0128727766115452,0.0047117446989088,0.0047117446989088,0.0047117446989088,0.0047117446989088,0.0047117446989088,0.0105129071833769,0.0032017355281253,0.0047117446989088,0.015659616085519
LK,2035,0.0036744156445009,0.0268144812376214,0.0102963754471813,0.0119651136889383,0.0036744156445009,0.0036744156445009,0.0036744156445009,0.0036744156445009,0.0036744156445009,0.0100820243942946,-0.0023916997792331,0.0036744156445009,0.0156620126210891
LK,2040,0.0028173721841465,0.0259272306376432,0.0095135296148797,0.0112062649380021,0.0028071599291452,0.0028071599291452,0.0028071599291452,0.0028071599291452,0.0028071599291452,0.0095607408831905,-0.0051921376569469,0.0028071599291452,0.0138749341115776
LK,2045,0.0018798990119625,0.0248778184203802,0.0085736177157329,0.0103286112222686,0.0017813970350906,0.0017813970350906,0.0017813970350906,0.0017813970350906,0.0017813970350906,0.0088178493646277,-0.0077617621794308,0.0017813970350906,0.0131060870525816
LK,2050,0.0009456390142987,0.0238240005658494,0.0076490883113074,0.0095996797997443,0.0007513277882416,0.0007513277882416,0.0007513277882416,0.0007513277882416,0.0007513277882416,0.0081417112660227,-0.0088576135740454,0.0007513277882416,0.0128051503152979
KN,2025,0.007430857386512,-0.0035983778419642,0.013777064377771,0.0050480395494053,0.0106505299968094,0.0,0.0,0.0082636516201315,0.0026371244742182,0.0268341305471051,0.0,0.0,0.067545416138572
KN,2030,0.0,0.0006395175632497,0.0061403063101373,0.0,0.0,0.0,0.0,0.0,0.0,0.005801162484468,0.0,0.0,0.0003890835831363
KN,2035,0.0,0.0006395175632497,0.0066219598026803,0.0,0.0,0.0,0.0,0.0,0.0,0.0064076087497936,0.0,0.0,0.0028256766416205
KN,2040,-0.0042817917003254,-0.003655231203988,0.0024143657304077,-0.0042920039553268,-0.0042920039553268,-0.0042920039553268,-0.0042920039553268,-0.0042920039553268,-0.0042920039553268,0.0024615769987185,0.0,-0.0042920039553268,-0.0039045903204682
KN,2045,-0.0042876320610643,-0.0037494214844385,0.002406086642706,-0.0043662452213719,-0.0043861340379363,-0.0043861340379363,-0.0043861340379363,-0.0043861340379363,-0.0043861340379363,0.0026503182916008,0.0,-0.0043861340379363,-0.003397840073954
KN,2050,-0.0042901744749626,-0.0038478360451379,0.002413274822046,-0.0042922177159868,-0.0044844857010197,-0.0044844857010197,-0.0044844857010197,-0.0044844857010197,-0.0044844857010197,0.0029058977767613,0.0,-0.0044844857010197,-0.0016020372510962
LC,2025,0.0102598303894288,0.0082456868641039,0.0166060373806877,0.0078770125523221,0.0134795029997261,0.0028289730029167,0.0028289730029167,0.0110926246230482,0.0054660974771349,0.0296631035500219,0.0028289730029167,0.0028289730029167,0.0648200970809212
LC,2030,0.0011086501738886,0.0069718863869908,0.0072489564840259,0.0011086501738886,0.0011086501738886,0.0011086501738886,0.0011086501738886,0.0011086501738886,0.0011086501738886,0.0069098126583566,-0.0032190315213849,0.0011086501738886,0.0046772845132114
LC,2035,0.0,0.0058567431338086,0.0066219598026803,0.0,0.0,0.0,0.0,0.0,0.0,0.0064076087497936,-0.000798257824639,0.0,0.0057626654210433
LC,2040,-0.0010972101748178,0.0047428348152773,0.0055989472559153,-0.0011074224298191,-0.0011074224298191,-0.0011074224298192,-0.0011074224298192,-0.0011074224298191,-0.0011074224298192,0.0056461585242261,0.0019455767114451,-0.0011074224298192,0.0024568292962544
LC,2045,-0.0032572784267819,0.002481308786317,0.0034364402769884,-0.0033358915870894,-0.0033557804036538,-0.0033557804036538,-0.0033557804036538,-0.0033557804036538,-0.0033557804036538,0.0036806719258832,0.0025708275085609,-0.0033557804036539,0.0007495332796351
LC,2050,-0.0043668824057779,0.0012688357624883,0.0023365668912307,-0.004368925646802,-0.004561193631835,-0.004561193631835,-0.004561193631835,-0.004561193631835,-0.004561193631835,0.002829189845946,0.0030846112289437,-0.004561193631835,0.0012590191878465
VC,2025,0.001466711293416,-0.0198306633264447,0.007812918284675,-0.0009161065436905,0.0046863839037134,-0.0059641460930959,-0.0059641460930959,0.0022995055270355,-0.0033270216188776,0.0208699844540092,-0.0059641460930959,-0.0059641460930959,0.07
VC,2030,-0.0060733238517972,-0.0041791606691808,6.698245834010502e-05,-0.0060733238517972,-0.0060733238517972,-0.0060733238517972,-0.0060733238517972,-0.0060733238517972,-0.0060733238517972,-0.0002721613673292,-0.0049307839156507,-0.0060733238517972,-0.0060733238517972
VC,2035,-0.0049307839156507,-0.0022603352378186,0.0016911758870295,-0.0049307839156507,-0.0049307839156507,-0.0049307839156507,-0.0049307839156507,-0.0049307839156507,-0.0049307839156507,0.0014768248341428,-0.0049307839156507,-0.0049307839156507,-0.0016330099892961
VC,2040,-0.0049205716606494,-0.0023487932186639,0.0017755857700837,-0.0049307839156507,-0.0049307839156507,-0.0049307839156507,-0.0049307839156507,-0.0049307839156507,-0.0049307839156507,0.0018227970383945,-0.0049307839156507,-0.0049307839156507,-0.0042464379659338
VC,2045,-0.0048322819387788,-0.002441089282115,0.0018614367649915,-0.0049108950990864,-0.0049307839156507,-0.0049307839156507,-0.0049307839156507,-0.0049307839156507,-0.0049307839156507,0.0021056684138863,-0.0049307839156507,-0.0049307839156507,-0.0037158043435448
VC,2050,-0.0047364726895936,-0.0025374787721115,0.001966976607415,-0.0047385159306178,-0.0049307839156507,-0.0049307839156507,-0.0049307839156507,-0.0049307839156507,-0.0049307839156507,0.0024595995621303,-0.0049307839156507,-0.0049307839156507,-0.0018489832367198
PS,2025,0.0152512711723047,0.0130942349686201,0.0370387749179244,0.0165414786008483,0.0339122405369628,0.0232617105401533,0.0232617105401533,0.0315253621602849,0.0258988350143716,0.0500958410872585,0.0232617105401533,0.0232617105401533,-0.0461919915357402
PS,2030,0.0432729088548391,0.0415480026065621,0.0245139747823855,0.0412073775602601,0.0183736684722481,0.0183736684722481,0.0183736684722481,0.0183736684722481,0.0183736684722481,0.0241748309567162,0.0240287059174987,0.0183736684722481,0.0165208140224975
PS,2035,0.0428543416821514,0.0411305238417949,0.0245870508226299,0.0407896390907688,0.0179650910199496,0.0179650910199496,0.0179650910199495,0.0179650910199496,0.0179650910199496,0.0243726997697433,0.0240287059174987,0.0179650910199496,0.0185310839948258
PS,2040,0.0422896887777741,0.0405673392147538,0.0241202840722611,0.0402261041184635,0.0174139143865266,0.0174139143865265,0.0174139143865266,0.0174139143865266,0.0174139143865265,0.0241674953405719,0.0240287059174987,0.0174139143865266,0.015758000484201
PS,2045,0.0410461483143207,0.0393270323524472,0.0229922735234515,0.0389984143772364,0.0162000528428092,0.0162000528428092,0.0162000528428092,0.0162000528428092,0.0162000528428092,0.0232365051723464,0.0240287059174987,0.0162000528428092,0.0149870483682814
PS,2050,0.0387157424466613,0.0370026862820428,0.020823026057267,0.0367761085909788,0.0139252655342012,0.0139252655342012,0.0139252655342012,0.0139252655342012,0.0139252655342012,0.0213156490119823,0.0240287059174987,0.0139252655342012,0.0151617857572436
SD,2025,0.0376941049798933,0.0036157300505687,0.0434142391633029,0.0353112871427866,0.0409137775901907,0.0302632475933812,0.0302632475933812,0.0385268992135128,0.0329003720675995,0.0555599282982573,0.0302632475933812,0.0302632475933812,0.0077843068836109
SD,2030,0.0263860174290597,0.0237412082952742,0.0325263237391971,0.0263860174290597,0.0263860174290597,0.0263860174290597,0.0263860174290597,0.0263860174290597,0.0263860174290597,0.0321871799135278,0.032917662126885,0.0263860174290597,-0.0352469963097074
SD,2035,0.0217026753082705,0.0215262369301293,0.0283246351109508,0.0217026753082705,0.0217026753082704,0.0217026753082704,0.0217026753082705,0.0217026753082705,0.0217026753082704,0.0281102840580641,0.032917662126885,0.0217026753082705,-0.0034039921631615
SD,2040,0.0196499307633267,0.0205886109489345,0.0263460881940599,0.0196397185083254,0.0196397185083254,0.0196397185083254,0.0196397185083254,0.0196397185083254,0.0196397185083254,0.0263932994623707,0.032917662126885,0.0196397185083254,-0.0043045647665641
SD,2045,0.0181932272718759,0.0198864024598285,0.0248869459756463,0.0181146141115684,0.018094725295004,0.0180947252950039,0.0180947252950041,0.0180947252950039,0.0180947252950038,0.025131177624541,0.032917662126885,0.0180947252950038,-0.0051638546804079
SD,2050,0.0170614137766202,0.0193284407127263,0.0237648630736289,0.017059370535596,0.0168671025505631,0.0168671025505631,0.0168671025505631,0.0168671025505631,0.0168671025505631,0.0242574860283442,0.032917662126885,0.0168671025505631,-0.0052102304294705
SR,2025,0.0172345888550484,-0.0496849074709412,0.0235807958463074,0.0148517710179417,0.0204542614653458,-0.0013241189803668,0.0098037314685364,-0.07,0.0124408559427546,0.0366378620156416,0.0098037314685364,0.0098037314685364,0.0626108418229649
SR,2030,0.0080331609972017,0.0086408829869742,0.014173467307339,0.0080331609972016,0.0080331609972017,0.0080331609972017,0.0080331609972017,0.0080331609972017,0.0080331609972016,0.0138343234816696,0.0112855116646711,0.0080331609972017,-0.0178992770325451
SR,2035,0.0068438402774044,0.0074887870201972,0.0134658000800848,0.0068438402774044,0.0068438402774044,0.0068438402774044,0.0068438402774044,0.0068438402774044,0.0068438402774044,0.0132514490271981,0.0112855116646711,0.0068438402774044,0.0086633242840632
SR,2040,0.0054892023375393,0.0061666555054714,0.0121853597682725,0.005478990082538,0.005478990082538,0.005478990082538,0.005478990082538,0.005478990082538,0.005478990082538,0.0122325710365833,0.0112855116646711,0.005478990082538,-0.0147043069118753
SR,2045,0.0045968562272017,0.0051967086940612,0.0112905749309721,0.0045182430668942,0.0044983542503298,0.0044983542503298,0.0044983542503298,0.0044983542503298,0.0044983542503298,0.011534806579867,0.0112855116646711,0.0044983542503298,-0.0056253908272479
SR,2050,0.0035010794815008,0.0040042942763399,0.0102045287785095,0.0034990362404766,0.0033067682554437,0.0033067682554435,0.0033067682554437,0.0033067682554437,0.0033067682554437,0.0106971517332248,0.0112855116646711,0.0033067682554437,0.005287976545738
SE,2025,-0.0416121220153237,0.002616691143609,-0.0073961253359619,-0.0040184720476864,-0.011909918325106,0.0160829934180003,0.0100772298127542,-0.0013575745318887,-0.003443288947498,0.0022869837659262,0.07,-0.0119998685092697,0.0286867294448591
SE,2030,0.0015472359498355,0.0072721070663184,-0.0068662985851252,0.0218042961035439,-0.0068460774388122,0.0076640851046344,0.0082048818774191,0.0157715377713865,-0.0081145035550908,0.0207625039488761,0.0199914402391523,-0.0071519575547129,0.0053051355638257
SE,2035,0.0009160970890582,0.0066145530380483,-0.0068709698586812,0.0204575040163163,-0.0069917694727517,0.00641971968743,0.0068741874345363,0.0145483214837449,-0.0081198754770575,0.0196297541690977,0.0182297218282887,-0.0071544621897559,0.0046058184973355
SE,2040,0.0007827878246729,0.006475593854696,-0.0068719570267779,0.0201728899457755,-0.0070225581915288,0.0061567511787867,0.0065929752373259,0.0142898223656706,-0.0081210107113613,0.019390928684866,0.0187478793411963,-0.0071549914877683,0.0029066000251727
SE,2045,0.0008845852623694,0.006581043572585,-0.0068712079193785,0.0203903545617469,-0.0069991943316837,0.0063563034701337,0.0068063716572912,0.0144859830831233,-0.0081201492446872,0.0195729499075693,0.0193172427631869,-0.0071545898327119,0.0034856731321062
SE,2050,0.0007381951739202,0.0064278717879697,-0.0068722961011346,0.0200830090437374,-0.0070331335586297,0.0060664262602661,0.0064963839423033,0.0142010326018386,-0.0081214006437777,0.0193097351871542,0.0181836332954192,-0.0071551732920462,0.0042919557068363
CH,2025,-0.0246016929678778,-0.0091428463521483,-0.0084004670406314,0.0016565056914806,0.0089662739420874,0.0088826194261759,0.0105435820327446,-0.0015223249386228,-0.0525552932528198,0.027777298912395,0.0088826194261759,0.0088826194261759,-0.0288731225084519
CH,2030,0.0037401017479824,0.0036093513077445,0.0038192860083998,0.0141456544806254,0.0036413667438838,0.0038160580349093,0.0164828270139425,0.0206137003265526,-0.0345289829410131,0.0213109421551307,0.0110780361547198,0.0038160580349093,-0.0254701421832025
CH,2035,0.002109704269508,0.0023850061173497,0.0021871335707002,0.0124997778549373,0.0020206919475433,0.0021839037528952,0.014830077204428,0.0192790884027098,-0.0345289829410131,0.0199164721421989,0.0101496145871198,0.0021839037528952,-0.0111487584782165
CH,2040,0.0010742047970198,0.0016060563626974,0.0011505197810408,0.0114544472529326,0.0009913675534354,0.0011472884978063,0.0137803812999002,0.0184314485103759,-0.0345289829410131,0.0190321201119729,0.0114436033324091,0.0011472884978063,-0.0128550118009331
CH,2045,0.0008315914411796,0.00141824956376,0.0009076488902948,0.0112095406131374,0.0007502009935891,0.0009044137185967,0.0135344417772105,0.0181967157182,-0.0345289829410131,0.0188255171354278,0.0114436033324091,0.0009044137185967,-0.0129235751839451
CH,2050,0.0005494927693854,0.0011370006413886,0.0006252520217757,0.0109251071506113,0.0004697845837908,0.000622011076788,0.0132484756050179,0.0179131063942006,-0.0345289829410131,0.0185869245816848,0.0114436033324091,0.000622011076788,-0.0126671584816455
SY,2025,-0.0506861727536739,-0.0183458888826832,0.0333370679832361,0.0027409869791485,0.0302105336022745,0.019560003605465,0.019560003605465,0.0278236552255965,0.0221971280796833,0.0463941341525702,0.019560003605465,0.019560003605465,0.0175024352477282
SY,2030,-0.0432483394732152,-0.0136256650611076,0.0346019857362765,0.0027409869791485,0.0284616794261391,0.0284616794261391,0.0284616794261391,0.0284616794261391,0.0284616794261391,0.0342628419106072,0.0284616794261391,0.0284616794261391,0.0187323404031089
SY,2035,-0.0432483394732152,-0.0148534282328196,0.026220983689958,0.0027409869791485,0.0195990238872776,0.0195990238872776,0.0195990238872776,0.0195990238872776,0.0195990238872776,0.0260066326370712,0.0284616794261391,0.0195990238872776,0.0207071578983391
SY,2040,-0.0432483394732152,-0.017137321463319,0.0206575429832071,0.0027409869791485,0.0139511732974726,0.0139511732974726,0.0139511732974726,0.0139511732974726,0.0139511732974726,0.0207047542515179,0.0284616794261391,0.0139511732974726,0.012971031264776
SY,2045,-0.0432483394732152,-0.0188096697761314,0.0168681692741099,0.0027409869791485,0.0100759485934676,0.0100759485934676,0.0100759485934676,0.0100759485934676,0.0100759485934676,0.0171124009230047,0.0284616794261391,0.0100759485934676,0.0097078084535658
SY,2050,-0.0432483394732152,-0.0195943320814262,0.0152608580923118,0.0027409869791485,0.008363097569246,0.0083630975692459,0.0083630975692459,0.0083630975692459,0.0083630975692459,0.0157534810470271,0.0284616794261391,0.008363097569246,0.0094897203174401
TJ,2025,0.07,-0.0433994781842454,0.0691045604911495,0.0287181284113146,-0.0110702470920938,0.0236700888619092,0.07,0.0262642497675021,-0.0634844062547396,0.07,0.0236700888619092,-0.0568252162189329,-0.0435686922760773
TJ,2030,0.07,0.0187262503168108,0.0690487366534798,0.0171735418404086,0.0149823256701962,0.0171735418404086,0.07,0.0689810942918799,0.0171735418404086,0.0562108199346966,0.0253557146712278,6.313357860288082e-05,-0.0208786238753345
TJ,2035,0.07,0.017764823815059,0.0690489973381024,0.0158955040275626,0.0149823256701962,0.0158955040275627,0.07,0.0683101684352999,0.0158955040275625,0.0548837333455478,0.0253557146712278,6.313357860288082e-05,-0.0377029470083326
TJ,2040,0.07,0.0175925625764618,0.0690492044692218,0.0156665147327867,0.0149823256701962,0.0156665147327867,0.07,0.0681899569382682,0.0156665147327867,0.0546459558564145,0.0253557146712278,6.313357860288082e-05,-0.0583683601390537
TJ,2045,0.07,0.0164228519844995,0.0690497540840809,0.0141314907568595,0.0141116019402951,0.0141116019402951,0.07,0.0673736812485163,0.0141116019402951,0.0530313683274144,0.0253557146712278,6.313357860288082e-05,0.0414552688685531
TJ,2050,0.07,0.0147720737019043,0.0690505701096631,0.0121094670646439,0.0119171990796109,0.0119171990796109,0.07,0.0662216952867646,0.0119171990796109,0.0507527482597347,0.0253557146712278,6.313357860288082e-05,-0.0265938655756468
TH,2025,0.0614031623498147,0.0470781886167476,0.0574610647906131,0.0453451481402021,0.0232692243368189,-0.0697668513168641,0.002333776608377,0.054966639724168,-0.0594077866142932,-0.0157348865472453,0.002333776608377,0.0117971839246548,0.0299566191386242
TH,2030,0.063327386113787,0.051608480285876,0.0615275113035997,0.0509804747011828,0.0344382578167764,-0.0009418704933913,-0.0010602104540392,0.0608809929847253,-0.0010602104540392,0.0262922950858179,0.005525866502804,0.0264851034997186,0.039242962711476
TH,2035,0.0632422320239852,0.0513045005582762,0.0610276470586144,0.0507815211087037,0.0340639413855546,-0.0016885917212339,-0.0018081773067872,0.0607845439035826,-0.0018081773067872,0.0258388981836519,0.005525866502804,0.0257165117985046,0.037230799652204
TH,2040,0.0631326408469956,0.0510102456686568,0.060371956227067,0.050525505256576,0.0335822665441482,-0.002649481489877,-0.0027706699603925,0.0606604320773621,-0.0027706699603925,0.0252500859476246,0.005525866502804,0.0247274788442735,0.0325741960348318
TH,2045,0.063005110826372,0.0506673750706142,0.0596075562173799,0.0502278048645905,0.0330210111605971,-0.0037691259248558,-0.0038921821030798,0.0605158149526122,-0.0038921821030798,0.0245626510424535,0.0041991929639106,0.0235750415103018,0.029587274638835
TH,2050,0.0628657866620088,0.0502927991476716,0.0587726857033335,0.0499081299811722,0.0324078563596305,-0.0049923041442597,-0.0051174007375636,0.0597213612032022,-0.0051174007375636,0.0238120656002087,0.0016585571146685,0.0223160380248168,0.028813062182723
TL,2025,0.0255220655688082,0.0246934695501306,0.0318682725600672,0.0231392477317015,0.0287417381791055,0.0180912081822961,0.0180912081822961,0.0263548598024276,0.0207283326565144,0.0449253387294013,0.0180912081822961,0.0180912081822961,0.0232254652176715
TL,2030,0.0136640058478787,0.0136640058478787,0.0198043121580161,0.0136640058478787,0.0136640058478787,0.0136640058478787,0.0136640058478787,0.0136640058478787,0.0136640058478787,0.0194651683323467,0.0208849047987577,0.0136640058478787,0.0178582822145342
TL,2035,0.0127898981668832,0.0127898981668832,0.0194118579695636,0.0127898981668832,0.0127898981668832,0.0127898981668832,0.0127898981668832,0.0127898981668832,0.0127898981668832,0.0191975069166768,0.0208849047987577,0.0127898981668832,0.0183221859315673
TL,2040,0.0122681794481863,0.012257967193185,0.0189643368789195,0.012257967193185,0.012257967193185,0.012257967193185,0.012257967193185,0.012257967193185,0.012257967193185,0.0190115481472303,0.0208849047987577,0.012257967193185,0.0182029930841554
TL,2045,0.0106404128792988,0.0105496710980439,0.0173341315830693,0.0105617997189913,0.0105419109024269,0.0105419109024269,0.0105419109024269,0.0105419109024269,0.0105419109024269,0.0175783632319641,0.0208849047987577,0.0105419109024269,0.0169214791946569
TL,2050,0.0089244957606275,0.0087787710510765,0.0156279450576362,0.0089224525196033,0.0087301845345704,0.0087301845345704,0.0087301845345704,0.0087301845345704,0.0087301845345704,0.0161205680123515,0.0208849047987577,0.0087301845345704,0.0154173192881992
TG,2025,0.07,-0.0592486437993938,0.0674573159209137,-0.0559268391608661,0.0354585693401435,0.0361060295075005,0.024808039343334,-0.0340680221937209,0.0274451638175523,0.0395268989345037,0.024808039343334,0.024808039343334,-0.0633418656329885
TG,2030,0.0420164961015658,0.0233177248788922,0.0684563372147204,0.0260824640558008,0.0211873550337771,0.0333905162753328,0.0211873550337771,0.0211873550337771,0.0211873550337771,0.0238513735384559,0.026170035507294,0.0211873550337771,0.0684960548677797
TG,2035,0.0413042149049798,0.0226382295832642,0.0684199752490399,0.025454423140046,0.0204893118128652,0.0328669838596489,0.0204893118128652,0.0204893118128652,0.0204893118128652,0.0238387962845882,0.026170035507294,0.0204893118128652,-0.064919629667923
TG,2040,0.0400678611510488,0.021410073540571,0.068354252692663,0.0243192684881953,0.0192276312606378,0.0319207234454784,0.0192276312606378,0.0192276312606378,0.0192276312606378,0.0228879674459896,0.026170035507294,0.0192276312606378,0.0660718979165785
TG,2045,0.0393870939574332,0.0203395126968318,0.0682969635592291,0.0233297752319517,0.0181278477237186,0.0310958857927889,0.0181278477237185,0.0181278477237185,0.0181278477237185,0.0220936453424638,0.026170035507294,0.0181278477237185,-0.0627487285093807
TG,2050,0.0385562780717042,0.0190899427788743,0.0682300950779247,0.0221748282578916,0.0168441687697982,0.0301331265773486,0.0168441687697982,0.0168441687697982,0.0168441687697982,0.0211068448828053,0.026170035507294,0.0168441687697982,0.0178253649723872
TO,2025,0.0062467160415126,0.005418120022835,0.0125929230327716,0.0038638982044059,0.0094663886518099,-0.0011841413449995,-0.0011841413449994,0.007079510275132,0.0014529831292187,0.0256499892021057,-0.0011841413449994,-0.0011841413449994,0.0089329656433804
TO,2030,-0.0038760856832134,-0.0038760856832134,0.0022642206269239,-0.0038760856832134,-0.0038760856832134,-0.0038760856832134,-0.0038760856832134,-0.0038760856832134,-0.0038760856832134,0.0019250768012546,-0.0108630850983862,-0.0038760856832134,-0.0044372509793045
TO,2035,0.0,0.0,0.0066219598026803,0.0,0.0,0.0,0.0,0.0,0.0,0.0064076087497936,-0.0064848959413644,0.0,0.0056678310707594
TO,2040,1.0212255001306874e-05,0.0,0.0067063696857345,0.0,0.0,0.0,0.0,0.0,0.0,0.0067535809540453,-0.0046693200436941,0.0,0.0057845703660657
TO,2045,9.85019768719234e-05,7.760195616967393e-06,0.0067922206806423,1.9888816564363516e-05,0.0,0.0,0.0,0.0,0.0,0.0070364523295371,0.0,0.0,0.0149387560308413
TO,2050,0.0001943112260571,4.858651650609126e-05,0.0068977605230658,0.0001922679850329,0.0,0.0,0.0,0.0,0.0,0.0073903834777811,0.0,0.0,0.003495342852697
TT,2025,0.0138631178889068,-0.0602862725728943,0.0202093248801658,-0.07,0.0170827904992042,0.0064322605023947,0.0064322605023947,-0.0144122901119001,0.009069384976613,0.0332663910494999,0.0064322605023947,0.0064322605023947,-0.05284317297635
TT,2030,0.0003970355936522,-0.0050423923097374,0.0065373419037895,0.0003970355936522,0.0003970355936522,0.0003970355936522,0.0003970355936522,0.0003970355936522,0.0003970355936522,0.0061981980781202,-0.0311596977932857,0.0003970355936522,-0.0424373015714193
TT,2035,-0.0017243768904364,-0.0053601106845284,0.0048975829122439,-0.0017243768904364,-0.0017243768904364,-0.0017243768904364,-0.0017243768904363,-0.0017243768904364,-0.0017243768904364,0.0046832318593571,-0.0332831326720108,-0.0017243768904364,-0.0489688248688097
TT,2040,-0.003210466582132,-0.0055842078962997,0.0034856908486011,-0.0032206788371333,-0.0032206788371333,-0.0032206788371333,-0.0032206788371333,-0.0032206788371333,-0.0032206788371333,0.0035329021169119,-0.0348100779033206,-0.0032206788371333,-0.031128587561922
TT,2045,-0.004413577147171,-0.0057776175247613,0.0022801415565993,-0.0045120791240429,-0.0045120791240429,-0.0045120791240429,-0.0045120791240429,-0.0045120791240429,-0.0045120791240429,0.0025243732054942,-0.0369869430649419,-0.0045120791240429,-0.0322006399723266
TT,2050,-0.0052704969229901,-0.0059203052480169,0.0014329523740185,-0.0054648081490472,-0.0054648081490472,-0.0054648081490472,-0.0054648081490472,-0.0054648081490472,-0.0054648081490472,0.0019255753287338,-0.0385115224248319,-0.0054648081490473,-0.0325500380718136
TN,2025,-0.0281824400625975,0.0083937773456985,0.0441738801944781,0.0065085580646297,-0.07,-0.0175418355271224,0.0090731566486284,0.0067756787955331,0.0122424784655629,0.0207459453863538,0.0090731566486284,0.0090731566486284,0.0127350105107165
TN,2030,0.0077780740607528,0.0053766134217506,0.0301061975389151,0.0189660543326678,0.0047141545804474,-0.0072445822196021,0.0047141545804474,0.0054364023030993,0.0049990707047006,0.0152245505948354,0.0115605058290835,0.0047141545804474,0.0018513337021392
TN,2035,0.006054870747174,0.003664549692551,0.028344815287578,0.0172237206518256,0.0029961902736865,-0.0080915683406374,0.0029961902736865,0.0037172030223884,0.0032806192188454,0.0134886145245433,0.0115605058290835,0.0029961902736865,-0.0069109351498215
TN,2040,0.0052968414354744,0.0029114206334293,0.0275699912345486,0.0164572759784475,0.0022404655772931,-0.0084641536886856,0.0022404655772931,0.002960935066563,0.0025246802145809,0.0127249841309914,0.0115605058290835,0.0022404655772931,-0.0077481591373127
TN,2045,0.0049798355203564,0.0025964639913787,0.0272459618016561,0.0161367507806465,0.0019244234463888,-0.008619967926202,0.0019244234463888,0.0026446657459568,0.0022085484606743,0.0124056358578,0.0115605058290835,0.0019244234463888,-0.0081612837396161
TN,2050,0.0042137102635217,0.0018352913230611,0.0264628624313983,0.0153621202839382,0.0011606274187359,-0.0089965325801812,0.0011606274187359,0.0018803206567235,0.0014445358362879,0.0116338496981394,0.0115605058290835,0.0011606274187359,-0.0087682427762612
TM,2025,0.0207566798017206,0.0685699244832016,0.035525735397464,0.0267967105690983,0.0323992010165024,0.021748671019693,0.021748671019693,0.0300123226398245,0.0243857954939112,0.0485828015667982,0.021748671019693,0.021748671019693,0.068767500080046
TM,2030,0.0275554533667108,0.0687678821000965,0.0199379150113595,0.0137976087012221,0.0137976087012221,0.0137976087012221,0.0137976087012221,0.0137976087012221,0.0137976087012221,0.0195987711856901,0.022995092671461,0.0137976087012221,-0.0603951724472476
TM,2035,0.0235166968329163,0.0686505977658423,0.0164348865067683,0.0098129267040879,0.0098129267040879,0.009812926704088,0.009812926704088,0.0098129267040879,0.009812926704088,0.0162205354538815,0.022995092671461,0.0098129267040879,0.0688581908426245
TM,2040,0.0227985379957345,0.0686297426386756,0.0158107529147068,0.0091043832289723,0.0091043832289723,0.0091043832289723,0.0091043832289723,0.0091043832289723,0.0091043832289723,0.0158579641830176,0.022995092671461,0.0091043832289723,0.068794158176946
TM,2045,0.0221764213263433,0.0686116765485839,0.0152828167026122,0.0085104848385342,0.0084905960219698,0.0084905960219698,0.0084905960219698,0.0084905960219698,0.0084905960219698,0.015527048351507,0.0222690638297025,0.0084905960219698,0.0687943357379817
TM,2050,0.0207660331038284,0.0685707192781138,0.013996851879627,0.007291359341594,0.0070990913565611,0.0070990913565611,0.0070990913565611,0.0070990913565611,0.0070990913565611,0.0144894748343422,0.015427210476991,0.0070990913565611,0.0688056529045644
TC,2025,0.0385454101380251,0.0377168141193475,0.0441236601284127,0.0361625923009184,0.0417650827483225,0.031114552751513,0.031114552751513,0.0393782043716446,0.0337516772257313,0.0561984071668562,0.031114552751513,0.031114552751513,0.0357033533339851
TC,2030,0.0042195592159059,0.0042195592159059,0.0103598655260433,0.0042195592159059,0.0042195592159059,0.0042195592159059,0.0042195592159059,0.0042195592159059,0.0042195592159059,0.010020721700374,0.0273538768411654,0.0042195592159059,0.0083700166831909
TC,2035,0.0041323722412267,0.0041323722412267,0.0107543320439071,0.0041323722412267,0.0041323722412267,0.0041323722412267,0.0041323722412267,0.0041323722412267,0.0041323722412267,0.0105399809910203,0.0258985405239817,0.0041323722412267,0.0096903365214436
TC,2040,0.0040589277115757,0.0040487154565744,0.010755085142309,0.0040487154565744,0.0040487154565744,0.0040487154565744,0.0040487154565744,0.0040487154565744,0.0040487154565744,0.0108022964106198,0.0257225693095037,0.0040487154565744,0.0099294211875513
TC,2045,0.004066880681301,0.003976138900046,0.0107605993850714,0.0039882675209934,0.0039683787044291,0.0039683787044291,0.0039683787044291,0.0039683787044291,0.0039683787044291,0.0110048310339662,0.0251938068733419,0.0039683787044291,0.0104346562741736
TC,2050,0.0001943112260571,4.858651650609126e-05,0.0068977605230658,0.0001922679850329,0.0,0.0,0.0,0.0,0.0,0.0073903834777811,0.0203999778798624,0.0,0.0066991899312043
TV,2025,-0.0044122271004148,-0.0052408231190924,0.001933979890844,-0.0067950449375215,-0.0011925544901175,-0.0118430844869269,-0.0118430844869269,-0.0035794328667954,-0.0092059600127086,0.0149910460601782,-0.0118430844869269,-0.0118430844869269,-0.0072845770392042
TV,2030,-0.0208516376390232,-0.0208516376390232,-0.0147113313288858,-0.0208516376390232,-0.0208516376390232,-0.0208516376390232,-0.0208516376390232,-0.0208516376390232,-0.0208516376390232,-0.0150504751545551,0.0,-0.0208516376390232,-0.0166858209383684
TV,2035,0.0,0.0,0.0066219598026803,0.0,0.0,0.0,0.0,0.0,0.0,0.0064076087497936,0.0,0.0,0.0056140076361301
TV,2040,1.0212255001306874e-05,0.0,0.0067063696857345,0.0,0.0,0.0,0.0,0.0,0.0,0.0067535809540453,0.0,0.0,0.0059968606406202
TV,2045,9.85019768719234e-05,7.760195616967393e-06,0.0067922206806423,1.9888816564363516e-05,0.0,0.0,0.0,0.0,0.0,0.0070364523295371,0.0,0.0,0.0063554671130506
TV,2050,0.0001943112260571,4.858651650609126e-05,0.0068977605230658,0.0001922679850329,0.0,0.0,0.0,0.0,0.0,0.0073903834777811,0.0,0.0,0.0279709028915906
TR,2025,0.0070594482140245,0.0074989923514878,0.0282876044243909,0.0422814584458154,-0.0136308723536928,0.035974303187536,-0.0693381827787115,0.0135569163454243,-0.0088802045566933,0.0267061844374381,0.0483587439959054,0.0079083352086602,-0.0052638796976563
TR,2030,0.0491164714480929,0.0087744771244552,0.0299665156928261,0.0265710305781929,0.0494699900228472,0.0076329069452147,0.0029829727255303,0.0344191217179652,0.0127840937390879,0.0527093019505623,0.0260888029703392,0.0164368079174921,-0.0119887857858727
TR,2035,0.0488293980844923,0.0084751951631319,0.0296561953850778,0.0262642084643342,0.0493781986344707,0.0073318224317156,0.0026832776299161,0.0341223681406118,0.012481162349248,0.0523948292593345,0.0244180344792395,0.0161330927651731,-0.0110974053303245
TR,2040,0.0480852227447358,0.0076993692081602,0.0288644132923772,0.0254690406184796,0.0491402486383184,0.0065513237368401,0.0019063807106127,0.0333530964928199,0.0116966738537967,0.0515795894033544,0.0235339891478831,0.0153457746887833,-0.0123468701596791
TR,2045,0.0471589867484311,0.0067337210166981,0.0278788939369082,0.0244793265258934,0.0488440791405458,0.0055798595207807,0.0009393995207329,0.0323956062584795,0.0107202436480259,0.0505648522214389,0.0221007904336401,0.0143658225852231,-0.0131409449346923
TR,2050,0.0461165674548179,0.0056469466840389,0.02676975907441,0.0233655808255551,0.0485107596033255,0.0044865396301157,-0.0001488750150834,0.0313179991208067,0.0096213348584199,0.0494228581862242,0.0202480658177643,0.0132629501283585,-0.0137938914876607
UG,2025,0.0406248123965444,0.0544538198619769,0.0458564953438455,0.0699983765422172,0.0438444850068418,0.0331939550100324,0.0331939550100324,0.0414576066301639,0.0358310794842506,0.0577579588607457,0.0331939550100324,0.0331939550100324,0.0534197204054768
UG,2030,0.025919938814463,0.0466446894520229,0.0320602451246004,0.0682488549842538,0.025919938814463,0.025919938814463,0.025919938814463,0.025919938814463,0.025919938814463,0.0317211012989311,0.0342054354796246,0.025919938814463,0.0429994461653662
UG,2035,0.0228828323589588,0.0436603769818777,0.0295047921616391,0.0650864391164941,0.0228828323589589,0.0228828323589588,0.0228828323589589,0.0228828323589588,0.0228828323589588,0.0292904411087524,0.0342054354796246,0.0228828323589587,0.0317896140661185
UG,2040,0.0203302140288345,0.0411420960503024,0.0270263714595677,0.062417867491653,0.0203200017738331,0.0203200017738331,0.0203200017738331,0.0203200017738331,0.0203200017738331,0.0270735827278785,0.0342054354796246,0.0203200017738333,0.029563685448451
UG,2045,0.0184232624599038,0.0391815380151056,0.0251169811636742,0.0603403035963858,0.0183247604830318,0.0183247604830318,0.0183247604830318,0.0183247604830319,0.0183247604830318,0.025361212812569,0.0342054354796246,0.0183247604830318,0.0365189071811368
UG,2050,0.0166830012200639,0.0373773839175326,0.0233864505170727,0.0584284778063168,0.0164886899940068,0.0164886899940068,0.0164886899940068,0.0164886899940068,0.0164886899940068,0.0238790734717879,0.0342054354796246,0.0164886899940068,0.0265095433698908
UA,2025,-0.0375130497564698,-0.0627687475162385,-0.0399012113592185,-0.0641764579359673,-0.0462740691855885,-0.0446507644531272,-0.07,-0.0614301317435109,-0.0324562564625786,0.0014608551895541,-0.07,0.0154172217058002,-0.0614248072526306
UA,2030,-0.0044102421519539,-0.0106777468047942,-0.0024417111845524,-0.0321619398574103,-0.0179332884448632,0.0011780253373292,0.0011780253373292,0.0017061543054955,-0.0023294413796498,0.0037575514014686,0.0229473653721704,0.0252546256216591,-0.041093209647084
UA,2035,-0.008043433036604,-0.0145051445156967,-0.0064206292266387,-0.0323134410850288,-0.0213684644998063,-0.0080388730835959,-0.0080388730835959,-0.0074400150920821,-0.0080713005091862,-0.0054758316277357,0.0165956944554026,0.0162547424670762,-0.0536737476700477
UA,2040,-0.0085591345715529,-0.0147754194660934,-0.0066432236684677,-0.0323219184667165,-0.021561113058509,-0.008554612573759,-0.008554612573759,-0.007951796878821,-0.0085867700865059,-0.0059924935283542,0.0135102637980975,0.0157511462530685,-0.0543411320885577
UA,2045,-0.0091111735690563,-0.0152364078165121,-0.0068814185734205,-0.0323309690697212,-0.0217673360576847,-0.0091066922008842,-0.0091066922008842,-0.0084996399340482,-0.0091385607821362,-0.0065455605610009,0.0100387270927797,0.0152120655440012,-0.0552553809043722
UA,2050,-0.0101235163285715,-0.0161249049394845,-0.0073182754501974,-0.0323470039687366,-0.0221455128912149,-0.0101191094680043,-0.0101191094680043,-0.0095042880708976,-0.0101504481995387,-0.007559788556774,0.006841985134794,0.0142234860141372,-0.0549925670499377
AE,2025,-0.0053549919444386,-0.0280393772147689,0.040442301434154,0.031744961867808,0.0373474523152122,0.0266969223184027,0.0266969223184028,-0.0681231956408657,0.0293340467926209,0.0528851843420234,0.0266969223184025,0.0266969223184025,-0.0281821003573739
AE,2030,0.0156923125971315,0.0164516693059051,0.0218326189072689,0.0156923125971315,0.0156923125971315,0.0156923125971316,0.0156923125971315,0.0156923125971315,0.0156923125971316,0.0214934750815995,0.0457669154840528,0.0156923125971315,-0.0168235416677537
AE,2035,0.0114796592288823,0.0122979193222391,0.0181016190315627,0.0114796592288823,0.0114796592288823,0.0114796592288823,0.0114796592288823,0.0114796592288823,0.0114796592288823,0.017887267978676,0.037192391074651,0.0114796592288823,-0.028959266330485
AE,2040,0.011854283782287,0.0126673056914842,0.0185606534680215,0.011854283782287,0.011854283782287,0.011854283782287,0.011854283782287,0.011854283782287,0.011854283782287,0.0186078647363323,0.0337278655754986,0.011854283782287,-0.0290997707157673
AE,2045,0.0116400517161154,0.0124560691230858,0.0184322723967578,0.0116599405326798,0.0116400517161154,0.0116400517161154,0.0116400517161154,0.0116400517161154,0.0116400517161154,0.0186765040456526,0.028915171008194,0.0116400517161154,-0.0293837778479031
AE,2050,0.0115697222753836,0.0123867230630722,0.0184674827984494,0.0117619902604166,0.0115697222753836,0.0115697222753836,0.0115697222753836,0.0115697222753836,0.0115697222753836,0.0189601057531647,0.0249161130060666,0.0115697222753836,-0.0294566681368903
GB,2025,0.002670832498517,0.0005321386917597,0.0041176112135861,-0.0021592032788956,0.0134706009712525,0.07,-0.0035779794090691,0.0076798281507026,-0.0213420761114082,0.0030120007094334,-0.0373616471912653,0.0312103352973518,0.0154120197799254
GB,2030,0.0044227886890592,0.0054381191780216,0.005170873350187,0.013046975791556,0.0399756273199448,0.0304063380305699,0.0296309997040884,0.0273926957471297,-0.0121807298534972,-0.0063362137164099,-0.0108080391551824,0.0110101502577595,0.0165693944083855
GB,2035,0.0034626882673232,0.0045401238730066,0.0039839912909052,0.0121705815696877,0.0389874970352302,0.0292156441175954,0.0284412017392383,0.0263437686923734,-0.0121822918956801,-0.0063389172415677,-0.0108080391551824,0.0098418697576917,-0.0027791868446166
GB,2040,0.0028094525378383,0.0038863196615508,0.0031945285495478,0.0115742891046887,0.0383151801388949,0.0284055043531941,0.0276316715716398,0.0256300861012765,-0.0121833546981958,-0.0063401608267856,-0.0108080391551824,0.0090469799218018,-0.0040455847905451
GB,2045,0.0024482025310577,0.0035281965944084,0.0027579628491837,0.0112444638858508,0.0379432959379191,0.0279573850502208,0.0271838894599838,0.0252353209517069,-0.0121839425749344,-0.0063408758763083,-0.0108080391551824,0.008607295937813,-0.0043480503875747
GB,2050,0.001951699305713,0.003036025802202,0.0021579429264707,0.0107911886408652,0.0374322023776314,0.0273415189032066,0.0265684867268773,0.0246337986382208,-0.0121847505146494,-0.0063411355060843,-0.0108080391551824,0.0080030227468878,-0.0045549946928244
US,2025,0.0173229255524687,0.0161542391614569,0.0177188996818203,-0.0402578373808258,-0.0179445632949881,-0.0159586124983629,0.0167690570488694,0.0558972920881493,0.0631226749962453,-0.0497079641696389,0.0110229827373957,0.0298057802744001,0.0295378100540561
US,2030,0.037232735185304,0.016010744879693,0.0130645430825046,0.0065421782942605,0.0048684785291454,0.0088671068542794,0.0048503163358977,0.0251975781906689,0.0578338466293684,0.0045010701390473,0.0187211108719167,0.0239252190580686,0.0147006116083253
US,2035,0.0366653839593617,0.015464213226756,0.0125122288967023,0.0059744219353821,0.0281094259351642,0.0083167530657207,0.004301496056805,0.024634654182939,0.0572562480018721,0.0040832384276045,0.0154744890035967,0.0233659806169219,0.0071385098739455
US,2040,0.0361884484422534,0.0150067878032467,0.0120474088717702,0.0055005746059079,0.023570519127233,0.0078535843941139,0.0038396179614734,0.0241634752225856,0.0567701505231578,0.003731598150446,0.0134523708754121,0.0228953347682297,0.0063446318685344
US,2045,0.0355613419813101,0.0144064096109285,0.0114359827646121,0.0048920768518541,0.0229509863491466,0.0072442963419975,0.0032320276336481,0.0235436498143687,0.0561307001369362,0.0032320276336481,0.0115750007153681,0.0222762106565067,0.0058330265880875
US,2050,0.0348687684945143,0.0137433547008827,0.0107607524316999,0.0042202018366276,0.0222667772028112,0.0065714014238324,0.0025610076743698,0.0228591174886649,0.0554244940759237,0.0025610076743698,0.0096105755341928,0.0215924528394202,0.0054468960770834
UY,2025,0.0084312146151752,0.0099268524549919,0.006669211811623,0.0060483967780685,0.0116508872254726,-0.07,0.0010003572286632,0.0092640088487947,-0.0015143851954066,-0.0222641569131436,0.0010003572286632,-0.0426991162784914,-0.0068063009258233
UY,2030,-0.0007098078845465,0.021826787059846,0.0449579385894735,-0.0007098078845465,-0.0007098078845465,-0.07,-0.0007098078845465,-0.0007098078845465,0.0627272941829007,-0.0164096479673468,0.0030891673913433,0.0049141262705492,0.0164351776891727
UY,2035,-0.0008312563445955,0.0217232314994954,0.0449572511306218,-0.0008312563445955,-0.0008312563445955,-0.07,-0.0008312563445955,-0.0008312563445955,0.0627272941829007,-0.0164096479673468,0.0030891673913433,0.0047919943072016,-0.0002456172854899
UY,2040,-0.0012429245152629,0.0213635063628952,0.0449548630770156,-0.0012531367702642,-0.0012531367702642,-0.07,-0.0012531367702642,-0.0012531367702642,0.0627272941829007,-0.0164096479673468,0.0030891673913433,0.0043677395684915,0.0013847373766568
UY,2045,-0.0018256298957762,0.0207913684058413,0.0449510649101027,-0.0019042430560838,-0.0019241318726481,-0.07,-0.0019241318726481,-0.0019241318726481,0.0627272941829007,-0.0164096479673468,0.0030891673913433,0.003692968153377,-0.005165276711131
UY,2050,-0.0026644424574084,0.0198704771332316,0.0449457744845461,-0.0026664856984325,-0.0028587536834655,-0.07,-0.0028587536834655,-0.0028587536834655,0.0627272941829007,-0.0164096479673468,0.0030891673913433,0.0027530863574567,-0.0048205881485869
UZ,2025,-0.0011696090832578,-0.033406493651102,-0.0486621428489353,-0.0092971356234935,-0.0205031566773562,0.05734900135732,0.0184951348489732,0.0662553167926787,-0.0698546676225464,0.0699996896764782,0.0184951348489732,0.0184951348489732,-0.0553609685654535
UZ,2030,0.0169486258018557,0.0148265769430908,0.0170826818984663,0.0291418298573183,0.0170126052021861,0.0645809617312871,0.0170126052021861,0.0685084175638192,0.0170126052021861,0.0699998524119273,0.018577766400073,0.0170126052021861,-0.0533011366962234
UZ,2035,0.0143338027865582,0.0123508502730563,0.0144074501902544,0.0270752235248249,0.0143338027865582,0.0645809346706549,0.014333802786558,0.0684330099192578,0.0143338027865582,0.069999850559478,0.018577766400073,0.0143338027865582,-0.064978982564752
UZ,2040,0.0129987488731768,0.0111170046528307,0.0130741659929053,0.0260457497233635,0.0129987488535139,0.064580921184254,0.0129987488535139,0.0683954284717176,0.0129987488535139,0.0699998493229241,0.018577766400073,0.0129987488535139,-0.0657407917978819
UZ,2045,0.0129122005216935,0.0110370186659717,0.0129877368381342,0.02597901476236,0.0129122003320358,0.0645809203099612,0.0129122003320358,0.0683929921516267,0.0129122003320357,0.0699998521482181,0.018577766400073,0.0129122003320356,-0.0650489607651783
UZ,2050,0.0124880797340708,0.0106450571474908,0.0125641824505327,0.0256519831398225,0.0124880793599397,0.0645809160255908,0.0124880793599397,0.0683810532481345,0.0124880793599397,0.0699998537730184,0.018577766400073,0.0124880793599397,-0.0645918305318288
VU,2025,0.0310489163156069,0.0194396591387178,0.0373951233068659,0.0286660984785002,0.0342685889259043,0.0236180589290948,0.0236180589290948,0.0318817105492263,0.0262551834033131,0.0504521894762,0.0236180589290948,0.0236180589290948,-0.043531345476413
VU,2030,0.0219735938552492,0.0219735938552492,0.0281139001653865,0.0219735938552492,0.0219735938552492,0.0219735938552492,0.0219735938552492,0.0219735938552492,0.0219735938552492,0.0277747563397172,0.023683810126767,0.0219735938552492,0.0219735938552492
VU,2035,0.0197967148638882,0.0197967148638882,0.0264186746665686,0.0197967148638882,0.0197967148638882,0.0197967148638882,0.0197967148638882,0.0197967148638882,0.0197967148638882,0.0262043236136818,0.023683810126767,0.0197967148638882,0.0223218531167044
VU,2040,0.0189361617636331,0.0189259495086318,0.0256323191943663,0.0189259495086318,0.0189259495086318,0.0189259495086318,0.0189259495086318,0.0189259495086318,0.0189259495086318,0.0256795304626771,0.023683810126767,0.0189259495086318,0.0189259495086318
VU,2045,0.0182215457514297,0.0181230437745578,0.0249152644552002,0.0181429325911222,0.0181230437745578,0.0181230437745578,0.0181230437745578,0.0181230437745578,0.0181230437745578,0.025159496104095,0.023683810126767,0.0181230437745578,0.0187457979029098
VU,2050,0.016427565123342,0.0162332538972849,0.0231310144203507,0.0164255218823178,0.0162332538972849,0.0162332538972849,0.0162332538972849,0.0162332538972849,0.0162332538972849,0.023623637375066,0.023683810126767,0.0162332538972849,0.0188190352788125
VN,2025,0.0391882538788928,0.0469302393649347,-0.0686270154220635,0.0624399405508758,-0.0506227169167497,0.0101670039740517,0.0101670039740517,0.07,-0.07,-0.0580502793617029,-0.07,0.0101670039740517,0.0125830173690166
VN,2030,0.0054073263814292,0.050561226277745,0.005366722338269,0.0573395940861379,0.0096806624975739,0.0052902256883362,0.0052902256883362,0.0056843729882045,0.0052902256883362,0.0052902256883362,0.0125442652973202,0.0052902256883362,0.0227936013531663
VN,2035,0.0045198418904967,0.0496670306019311,0.0044775612632177,0.0569853842970056,0.0088518923981529,0.0044011322680441,0.0044011322680441,0.0048006950368222,0.0044011322680441,0.0044011322680441,0.0125442652973202,0.0044011322680441,0.0105937012404111
VN,2040,0.0037783943515697,0.0489199762140231,0.0037347130246939,0.0566894602790659,0.0081594977063806,0.0036583405515837,0.0036583405515837,0.0040624276654475,0.0036583405515837,0.0036583405515837,0.0125442652973202,0.0036583405515837,0.0068578826535752
VN,2045,0.0025614747414608,0.0476938542205794,0.0025154944807862,0.0562037674665247,0.0070230873278764,0.0024392147759486,0.0024392147759486,0.0028507275861277,0.0024392147759486,0.0024392147759486,0.0125442652973202,0.0024392147759486,-0.0024701670921057
VN,2050,0.0008868877567678,0.0460066039578585,0.0008377439636907,0.0555354120092834,0.0054592880322576,0.0007615919160463,0.0007615919160461,0.0011833231287382,0.0007615919160463,0.0007615919160461,0.0125442652973202,0.0007615919160461,0.0065794435611048
YE,2025,0.037138376579231,-0.0133062910714699,0.0429511321627509,0.0347555587421243,0.0403580491895284,0.0297075191927189,0.0297075191927189,-0.0201671420233494,0.0323446436669372,0.0551431319977606,0.0297075191927189,0.0297075191927189,-0.0156264404913793
YE,2030,0.0271633405251969,-0.008565638511695,0.0333036468353343,0.0271633405251969,0.0271633405251969,0.0271633405251969,0.0271633405251969,-0.0094784877703568,0.0271633405251969,0.032964503009665,0.0308904579957475,0.0271633405251969,0.07
YE,2035,0.0233893705850328,-0.008565638511695,0.0300113303877132,0.0233893705850328,0.0233893705850328,0.0233893705850328,0.0233893705850327,-0.0094784877703568,0.0233893705850329,0.0297969793348264,0.0308904579957475,0.0233893705850327,-0.031374271650321
YE,2040,0.0208719239905937,-0.008565638511695,0.027568081421327,0.0208617117355924,0.0208617117355924,0.0208617117355924,0.0208617117355924,-0.0094784877703568,0.0208617117355924,0.0276152926896378,0.0308904579957475,0.0208617117355924,-0.0085988723115584
YE,2045,0.0193775290466157,-0.008565638511695,0.0260712477503861,0.0192989158863081,0.0192790270697438,0.0192790270697438,0.0192790270697438,-0.0094784877703568,0.0192790270697438,0.0263154793992809,0.0308904579957475,0.0192790270697438,0.0311226851630346
YE,2050,0.017904562875018,-0.008565638511695,0.0246080121720267,0.0179025196339938,0.0177102516489608,0.0177102516489608,0.0177102516489608,-0.0094784877703568,0.0177102516489608,0.025100635126742,0.0308904579957475,0.0177102516489608,-0.0071188541614212
ZM,2025,0.0372922784956744,0.0188752070486494,0.0430793837597871,0.0349094606585677,0.0405119511059717,0.07,0.0298614211091623,0.0381250727292938,0.0324985455833806,0.0552585584350931,0.0298614211091623,0.0298614211091623,0.0547113240613591
ZM,2030,0.0271207326715282,0.0287153498417982,0.0332610389816656,0.0271207326715283,0.0271207326715283,0.07,0.0271207326715283,0.0271207326715282,0.0271207326715283,0.0329218951559963,0.0324377881777291,0.0271207326715282,0.028211094254567
ZM,2035,0.0248931139073513,0.0266310105424447,0.0315150737100317,0.0248931139073513,0.0248931139073513,0.07,0.0248931139073513,0.0248931139073513,0.0248931139073513,0.031300722657145,0.0324377881777291,0.0248931139073513,0.0275487786793754
ZM,2040,0.0224861143724713,0.0243684279523436,0.0291822718032046,0.02247590211747,0.0224759021174701,0.07,0.02247590211747,0.0224759021174701,0.02247590211747,0.0292294830715154,0.0324377881777291,0.02247590211747,0.0238094674219982
ZM,2045,0.0202309646874713,0.0221489306897645,0.0269246833912417,0.0201523515271637,0.0201324627105994,0.07,0.0201324627105994,0.0201324627105994,0.0201324627105994,0.0271689150401365,0.0324377881777291,0.0201324627105994,0.0219556541773344
ZM,2050,0.0184519700581115,0.0203499372922216,0.0251554193551202,0.0184499268170873,0.0182576588320544,0.07,0.0182576588320544,0.0182576588320544,0.0182576588320544,0.0256480423098355,0.0324377881777291,0.0182576588320544,-0.0221923518376723
ZW,2025,0.0231527945782053,0.0632092913407922,0.07,0.07,0.0263724671885026,0.0038536211929027,0.0157219371916932,0.07,0.0183590616659114,0.0425560677387984,0.0157219371916932,0.0157219371916932,0.0325301916810889
ZW,2030,0.0162830666763755,0.0395378739208562,0.07,0.07,0.0169406851030601,0.0290239974506518,0.0162830666763754,0.07,0.0162830666763756,0.0220842291608436,0.0162830666763755,0.0162830666763755,0.0031775497555299
ZW,2035,0.0162830666763755,0.0393153424760145,0.07,0.07,0.0168703193984109,0.028739741737829,0.0162830666763754,0.07,0.0162830666763756,0.0226906754261692,0.0162830666763755,0.0162830666763755,0.0240726401142826
ZW,2040,0.0162932789313768,0.0384972573072932,0.07,0.07,0.0166116362293823,0.0276947416348101,0.0162830666763754,0.07,0.0162830666763756,0.0230366476304209,0.0162830666763755,0.0162830666763755,0.013956768103876
ZW,2045,0.0163815686532474,0.0374588789029541,0.07,0.07,0.0162832950901522,0.0263683448475378,0.0162830666763754,0.07,0.0162830666763756,0.0233195190059127,0.0162830666763755,0.0162830666763755,0.0141162083675461
ZW,2050,0.01458140847746,0.0359591563654977,0.07,0.07,0.0143870972514029,0.0244526394099346,0.014387097251403,0.07,0.0143870972514029,0.0217774807291839,0.0162830666763755,0.0143870972514028,0.0276426881407514
DEFAULT,2025,0.01294881033818097,0.010824703813259694,0.018918623463013807,0.013582670761416456,0.017330816508681793,0.009951380377963823,0.010598003057518061,0.01593680775440903,0.010788499059238961,0.025664373384428625,0.010008304529806451,0.010356201154043431,0.010440521103054167
DEFAULT,2030,0.013163403602554578,0.019762092915811057,0.018439676074610986,0.014590984691857378,0.011133372892172557,0.015717314701411866,0.012178731113201658,0.01604107350502269,0.011116149808215054,0.014587822175437427,0.014581042201139175,0.013025661102532822,0.004529722626305275
DEFAULT,2035,0.01232131660535087,0.018930596196770705,0.017556257543243827,0.0137310046389,0.01031423603909143,0.014862510270979888,0.01116609305552144,0.015166160442313014,0.01003573013744323,0.014045719886086301,0.013897259384569646,0.012313695281363944,0.0056724779609243475
DEFAULT,2040,0.011542273174786922,0.01813955199455297,0.016788951287686763,0.012914601466838312,0.009447880223239172,0.014085323586068932,0.010289651211383043,0.014379276310712149,0.009233011894950629,0.013431180804055821,0.01362556338876039,0.011435794002831111,0.003978481484893747
DEFAULT,2045,0.01068974471929836,0.0172843092345731,0.015899249210152972,0.011959232679425098,0.008486055813802712,0.013128815643521485,0.009300674602410205,0.01348174876561231,0.008255437814023691,0.012656096325264552,0.013156535026671785,0.010273170736542993,0.004742057250650366
DEFAULT,2050,0.00971402713335875,0.01636266615650758,0.014958633434253797,0.011019159852707348,0.007412641380178879,0.012093999249808344,0.00821108891278277,0.012437968984396117,0.0071624200293823595,0.011820541077990495,0.012480562887486354,0.009153611382271656,0.004560131107305604
