country,total residential space,total residential water,electricity residential,total services space,total services water,total road,total rail,electricity rail,total domestic aviation,total international aviation,total domestic navigation,total international navigation,services electricity,agriculture electricity,agriculture oil,residential oil,residential biomass,residential gas,agriculture biomass,services oil,services biomass,services gas,residential heat oil,residential heat biomass,residential heat gas,other electricity,other oil,other gas,other biomass,other heat
AF,0.0233539027365816,0.0233539027365816,0.0487543217485035,0.0346797473502305,0.0346797473502305,0.0287570956441634,0.002,0.002,-0.072,-0.072,0.0006563649702276,0.0007631367056535,0.072,0.04471485617247,0.0005189666615272,0.0501770204500269,0.0200185875764236,-0.0001338998167057,0.0001378189207347,0.064715070296893,0.0001378189207347,0.0018661001832942,0.0501770204500269,0.0200185875764236,-0.0001338998167057,0.0340013948399845,0.0484798788598825,-0.0659400326925032,0.0200185875764236,-7.39473811296465e-05
AL,-0.0036713541201692,-0.0036713541201692,-0.0092806264420418,0.0054414607841205,0.0054414607841205,-0.0141863905143676,-0.029363441669763,-0.029363441669763,0.0232844105095386,0.068,0.0080060728732413,0.0358078786940456,0.0080913872235626,-0.0027553602308655,0.0082441828729311,0.025535656272112,-0.0345497186326198,-0.002,-0.0109835466317776,0.07,-0.0563255440870802,0.0,0.025535656272112,-0.0345497186326198,-0.002,-0.005013858472057,0.033202538352011,-0.0138502204171934,-0.0352371092193212,0.0147755169605061
DZ,0.0173987938732646,0.0173987938732646,0.0511224267850685,0.0357780643886869,0.0357780643886869,0.0091226217089982,0.0022979864936383,0.0022979864936383,0.068,-0.0331668525839503,-0.0468872206129525,-0.0138100092598081,0.072,0.0690664265482157,0.0279024499271145,-0.0253612514973342,0.0099624806315617,0.0675951524855662,0.0017217510877727,-0.0006094935330251,0.0017217510877727,0.07,-0.0253612514973342,0.0099624806315617,0.0675951524855662,0.0324104391750488,-0.0237294598405365,0.0621237095127764,0.0141369721988691,0.0146609066259059
AS,0.0008147054651112,0.0008147054651112,0.0295002495074583,-0.0093864261854172,-0.0093864261854172,0.0012157910331598,0.0153813713636387,0.0153813713636387,-0.0504649593283409,-0.0110578141008489,0.0083691065811867,-0.0013695694436132,0.008990447501626,0.0,0.0031126158906132,0.0046058605973414,-7.801615878125223e-05,-0.0020837280432263,-8.876706943217183e-05,-0.0463636571306365,-8.876706943217183e-05,-8.372804322631655e-05,0.0046058605973414,-7.801615878125223e-05,-0.0020837280432263,0.0136285053408437,-0.0041792884739948,-8.372804322631655e-05,-8.15997956648921e-05,-7.664170183546704e-05
AD,0.0107675657725543,0.0107675657725543,0.0215721637417067,-0.006401278215481,-0.006401278215481,-0.0093334674105065,0.002,0.002,-0.0020723136612831,0.0375950421220454,-4.596124875599905e-05,-0.0005395535347294,-0.0257724753492899,-0.0071904134016244,-0.000128815808653,-0.0175099412093435,0.0518894634998393,-0.0020768249728327,0.000192056570886,5.213088931244059e-05,0.000192056570886,-7.682497283278966e-05,-0.0175099412093435,0.0518894634998393,-0.0020768249728327,-0.0065317841609624,-0.0155099412093435,-7.682497283278966e-05,0.0518894634998391,-0.07
AO,0.0116490435411684,0.0116490435411684,0.0593881150277982,-0.0161442257715273,-0.0161442257715273,0.0033649590493143,0.0025756865122235,0.0025756865122235,-0.072,-0.072,-0.07,-0.0142161076993372,0.0014088003122851,-0.0005911996877148,-0.07,0.0207538550038136,0.0159918750948928,-0.0017985994752012,-1.0875993553871588e-05,-0.0661762279296394,-1.0875993553871588e-05,0.0002014005247987,0.0207538550038136,0.0159918750948928,-0.0017985994752012,0.0571233901837333,-0.0067782827716519,-0.0311910246038243,0.0159918750948928,-7.245732948490957e-05
AI,0.017285189435328,0.017285189435328,0.0198345506621322,0.0024829699811416,0.0024829699811416,-0.0261637734433555,0.002,0.002,-0.0020805703636652,0.0073912305793184,0.0111210514882809,0.0123083251345077,0.0082964226668194,0.0,-0.0062543321511754,0.0523284349148656,0.0016144804389836,-0.002087347047865,0.0016144804389836,0.0001083238666285,0.0016144804389836,-8.734704786506065e-05,0.0523284349148656,0.0016144804389836,-0.002087347047865,0.0104093560416802,0.0543284349148656,-8.734704786506065e-05,-0.0018960333080253,-7.888393137950311e-05
AG,-0.0154536619435739,-0.0154536619435739,0.009632646360941,0.0134999391391102,0.0134999391391102,0.0289679255631501,0.002,0.002,0.0382868939099394,0.0066822637377824,0.0496421141433764,0.028022858189722,0.0306953984927769,0.0,0.0048340580522434,0.0206096372362931,-0.0648923589046222,-0.0020782641623927,0.0242356276378491,-0.0008530054117921,0.0242356276378491,-7.826416239276046e-05,0.0206096372362931,-0.0648923589046222,-0.0020782641623927,0.0207241249873129,0.0226096372362931,-7.826416239276046e-05,-0.0648923589046222,-6.637035115253376e-05
AR,-0.019071503890223,-0.019071503890223,-0.0180134497583831,0.0012878815869563,0.0012878815869563,-0.0075696018966334,0.0023769904436472,0.0023769904436472,0.0037858811299737,0.0034014115281592,0.07,-0.06349837205547,-0.0244596007806407,-0.07,-0.0037289506260575,-0.0021083006915321,-0.0568877369726025,0.0017815259934655,0.0,0.0110338557543638,0.0338812115091002,-0.0153039401349981,-0.0021083006915321,-0.0568877369726025,0.0017815259934655,0.0064043105411736,0.0019508890891906,0.0081418366170732,-0.034240468735074,-2.044076315876886e-05
AM,0.010766194058165,0.010766194058165,0.0053661032750065,-0.027134698810268,-0.027134698810268,0.0069660234372322,0.0031079942608254,0.0031079942608254,-0.0070735238509216,0.0679164558141256,-0.001163241060313,0.0001243958290605,-0.0385387952410721,0.0213414166501937,-0.064939621366745,-0.0016926307109746,0.009307937227017,0.0246832756584525,-0.0006278744985857,0.07,-0.07,-0.07,-0.0016926307109746,0.009307937227017,0.0246832756584525,0.0259397527291859,0.0204623886360487,0.025185623063467,0.0143085076759958,0.0064950550279489
AW,0.0092468233326945,0.0092468233326945,0.0083379181051408,-0.0039929388503741,-0.0039929388503741,-0.0240801181682798,0.002,0.002,-0.0020788364937334,0.0039754333543144,-5.426354903356745e-05,0.0084465724603963,-0.0157304443000566,-0.007670483417647,-0.0068221104107464,0.0070053715529934,0.0228221479096208,-0.0020870494645305,-0.00022616876291,7.190712600059952e-05,-0.00022616876291,-8.704946453053086e-05,0.0070053715529934,0.0228221479096208,-0.0020870494645305,0.0004004049470103,-0.0042995725700873,-8.704946453053086e-05,0.0228221479096208,-7.834790217819965e-05
AU,0.0068800358028364,0.0068800358028364,-0.0268565289479912,-0.0143662024455448,-0.0143662024455448,-0.0086584136393192,0.0236611263756487,0.0236611263756487,-0.0367143801914028,-0.0310852870578762,0.0410925782624593,-0.037985646391674,-0.0313919864596837,-0.0409128322133376,0.0188200399259555,-0.0424167982036501,0.07,-0.0069430943878405,-0.0001354301672646,0.0068345023932568,-0.0334275840610083,0.0005202583452557,-0.0424167982036501,0.07,-0.0069430943878405,0.0019001233898927,0.014658071345135,-0.0085604824896762,0.0666322542076279,0.0530800733717619
AT,-0.0253602580490877,-0.0253602580490877,-0.0150224476015316,-0.0251342928258379,-0.0251342928258379,-0.020704359250457,-0.0538234284647271,-0.0538234284647271,-0.0141599943974077,0.0250869544959786,-0.07,-0.0027911185480776,-0.0367960827630763,-0.0155924560416136,-0.0354120735856844,-0.0424511733999822,-0.0112358813409732,-0.0223937194063075,0.07,0.0074247782923275,-0.0404649004023912,-0.0307009664302118,-0.0424511733999822,-0.0112358813409732,-0.0223937194063075,0.0043903562725086,-0.0323510071404312,-0.0121976405023353,-0.0089443742486811,-0.0375173273864736
AZ,-0.0275662994773196,-0.0275662994773196,0.0032262855511988,0.0053572259107538,0.0053572259107538,-0.0032022300141494,-0.068,-0.068,-0.0052634455912755,0.0108783546999914,0.0581424474527897,-0.07,0.0326967159468034,0.0583305929582561,-0.0141947148942924,-0.0661991828620733,-0.07,0.0535002844301143,-0.07,-0.0185255134920012,-0.0627422988117868,0.07,-0.0661991828620733,-0.07,0.0535002844301143,0.0254226796763008,-0.0050392550116298,0.0551506217625126,-0.0685707029844232,0.0382930512856477
BS,-0.000812049301405,-0.000812049301405,0.0001378610382889,0.0125811813075811,0.0125811813075811,0.0229766452960254,0.0009888858277899,0.0009888858277899,0.0496910475381534,-0.0274384169700817,0.07,0.023814630442806,-0.0105564522621353,0.0,0.0007743083491509,0.0034618077619641,-0.0038125034585425,-0.0020854522076366,-0.0070769194182976,0.0680435491183944,-0.0070769194182976,-8.54522076366715e-05,0.0034618077619641,-0.0038125034585425,-0.0020854522076366,-0.0095830877575982,0.0398222272839878,-8.54522076366715e-05,-0.0075922048815992,-9.12611540678232e-05
BH,-0.0137435540071799,-0.0137435540071799,0.0352106730113134,0.0058397027983711,0.0058397027983711,0.021944567078995,0.0018661181835433,0.0018661181835433,-0.0070555604781113,0.0274243370658175,-9.913609861786354e-05,0.0001144115868364,0.0223355798773472,0.0203763707830216,-9.731446838259772e-06,0.0311785844065625,-0.07,-0.0024092464281024,0.0014590390415207,-2.6561297280847107e-05,0.0014590390415207,-0.0004092464281024,0.0311785844065625,-0.07,-0.0024092464281024,0.0320015300895119,0.0331785844065625,0.0020786660063301,0.0374993573626172,-8.357623324251051e-05
BD,3.0043727974375656e-05,3.0043727974375656e-05,0.07,-0.0088865524894269,-0.0088865524894269,-9.371739518940924e-05,0.0453154572960956,0.0453154572960956,0.0200456069268738,-0.0452723427222636,0.0484266492273128,0.0563396853992844,0.072,0.0326573041777454,0.0128530818495828,-0.0382461539033113,0.0046410557580601,0.0336952293291743,0.0005160297492512,-0.07,0.0005160297492512,-0.0380622397069591,-0.0382461539033113,0.0046410557580601,0.0336952293291743,0.0551220363736788,0.024623992479332,0.0314836706563236,0.0046397042427546,-4.776673428221375e-05
BB,0.0165855129068384,0.0165855129068384,-0.0065287825765288,-0.0012138777989741,-0.0012138777989741,-0.0086336028037419,0.002,0.002,-0.002070816671871,-0.018690148750909,0.0002373853437832,-0.000150983318902,0.0141708205588424,-0.0018823380377975,-0.0322365765080322,0.0459491254782034,0.000763628827023,0.0030437844152887,-0.0022554668591515,-0.0307533984398795,-0.0022554668591515,0.013982533544292,0.0459491254782034,0.000763628827023,0.0030437844152887,-0.0067740893641826,-0.0063495538651348,0.0124111176575129,-0.0085452835630069,-7.676444906506985e-05
BY,-0.0294895507750613,-0.0294895507750613,-0.0241343955361299,-0.0076735235406533,-0.0076735235406533,-0.0155246759923269,-0.0345182789244854,-0.0345182789244854,0.0050736792900187,0.013292785026213,-0.0648087521496812,0.0,-0.0165125906381335,-0.0267424845427837,0.0101368617640459,-0.072,-0.0149562269372874,-0.0015124253878966,-0.07,-0.0046500207724878,-0.009242570010619,-0.0002889127413728,-0.072,-0.0149562269372874,-0.0015124253878966,0.0073554221992596,-0.0002238821644416,-0.022309171341214,-0.0225403195191958,-0.0591148293679541
BE,-0.0197516942484444,-0.0197516942484444,-0.0384378851851207,-0.0161200575004638,-0.0161200575004638,0.0210333941916343,-0.0205721107215663,-0.0205721107215663,-0.0395350330355445,0.0270386576364947,-0.0160286970350056,0.0168350121592682,-0.0418332040063248,-0.0274721029644473,-0.029648954746831,-0.0198129722321135,-0.0095953134003382,-0.0298467971128815,0.0545571230346617,-0.0388839752338105,0.0392547347299663,-0.0230177854916863,-0.0198129722321135,-0.0095953134003382,-0.0298467971128815,-0.0052251391482603,-0.0238256524300571,-0.0199876062769069,-0.00730450340982,0.0218053524045921
BZ,0.0010320175955217,0.0010320175955217,-0.0334847597546417,0.0248104515315789,0.0248104515315789,0.0260341924332973,0.002357391074843,0.002357391074843,0.0442297501642753,0.0494355898053922,-0.0018028310605303,-0.0004920355578695,0.0314646719386639,-0.0089330369474312,-0.0012614966840361,0.068,-0.0628402508318537,-0.002063696381581,-0.002159169430767,0.07,-0.002159169430767,-6.369638158104651e-05,0.068,-0.0628402508318537,-0.002063696381581,0.0186440688049357,0.0413689938910476,-6.369638158104651e-05,-0.0628402508318537,-9.143189869886824e-05
BJ,0.0339317898273906,0.0339317898273906,-0.0064920925144689,0.0376773776033063,0.0376773776033063,0.0204102059174184,0.002,0.002,-0.072,-0.0270804376461553,0.0,-0.07,0.0535241371942802,0.07,-0.07,0.068,0.0260460839176415,0.0077492855645304,0.0,0.0686284241057041,0.0188076635487106,0.0097492855645304,0.068,0.0260460839176415,0.0077492855645304,0.0395955170464012,0.0013508017464848,0.0097492855645304,0.0249387727636164,-0.0297714749219082
BM,0.0012359953459427,0.0012359953459427,0.0006473689251504,-0.005988188418306,-0.005988188418306,-0.0044825892294239,0.0023571146414984,0.0023571146414984,-0.0020843129801691,0.0187751023607124,-0.0500443866324506,-0.0031756233767333,-0.0232829159090494,0.0,-1.3856080356838827e-05,0.0140188510460986,-0.0082214950911031,-0.0020893699171672,-0.0008299945401847,0.0002495266931771,-0.0008299945401847,-8.936991716723686e-05,0.0140188510460986,-0.0082214950911031,-0.0020893699171672,-0.0094203452769042,0.0160188510460986,-8.936991716723686e-05,-0.0082214950911031,-6.937562374065287e-05
BT,0.0089854001277803,0.0089854001277803,0.0476716373623145,0.0117643162360422,0.0117643162360422,0.07,0.002,0.002,-0.002074280510394,0.0379503480661715,0.0,0.0123654819835471,0.0341229641849298,0.0217630251572593,0.0030985403024313,0.0217225536755499,0.0073229521143744,-0.0020893054065833,0.0127608140971635,0.0002627920686589,0.0127608140971635,-8.930540658336206e-05,0.0217225536755499,0.0073229521143744,-0.0020893054065833,0.0348297259322436,0.0239587456500617,-8.930540658336206e-05,0.007272977130941,-8.166442160689735e-05
BO,0.0113762598617071,0.0113762598617071,0.0329658684023669,0.0256948263055839,0.0256948263055839,0.0224162746118701,0.0021114444696522,0.0021114444696522,-0.0057686395188869,-0.0060119188563189,-0.0003827790004368,0.0002736355061866,0.0263659181469902,0.026077308495832,0.0168075801405732,0.0185538455671619,-0.0524250659820406,0.068,-0.0006617597144563,0.025892707512293,-0.0006617597144563,0.0511824392775086,0.0185538455671619,-0.0524250659820406,0.068,0.0247830408273722,0.0106682002822626,0.0225106190200948,-0.0524250659820406,-7.484522599315868e-05
BQ,0.005527251696881,0.005527251696881,-0.0005003270227225,0.0002716911303367,0.0002716911303367,0.0144561044977213,0.0017266488845367,0.0017266488845367,-0.0020852347194469,-0.0150631075689484,-0.0238377297613659,-0.0170503822424169,0.0014996729772774,-0.0005003270227225,0.0011432591925418,0.0187772222449,-7.45500721865966e-05,-0.0021209170820702,-7.670291510020188e-05,-0.00021528845876,-7.670291510020188e-05,-0.0001209170820702,0.0187772222449,-7.45500721865966e-05,-0.0021209170820702,0.0400875120622098,0.0135040619194953,-0.0001209170820702,-7.45500721865966e-05,-7.120884829170393e-05
BA,0.0104908693782083,0.0104908693782083,0.0069056214601805,0.009618348643042,0.009618348643042,0.0259580694456959,0.0022429179454896,0.0022429179454896,-0.0044022973258707,0.068,-0.0002593621449375,0.0001577863904848,0.0339196835648901,0.0224649836185508,0.0641483847010768,-0.0598179589391215,0.0697719104892424,0.0215186565845042,0.0015704567368446,-0.059970241439564,0.047833035389638,0.016690917057204,-0.0598179589391215,0.0697719104892424,0.0215186565845042,-0.0005402249472497,-0.0193567384274245,0.0315098697360381,0.0687372905598843,0.0008148129810822
BW,-0.0134886079713972,-0.0134886079713972,0.0282194670531148,0.0019192267173101,0.0019192267173101,0.0263636010402947,-0.0087377728202311,-0.0087377728202311,-0.072,-0.0394841389288656,9.597164502522793e-05,0.0002187305251044,0.0101098426556849,0.0060940087357924,-0.0257128921442874,-0.0550449382847418,0.01657911437055,-0.002,0.0161258500293305,-0.0185587858157746,0.0161258500293305,0.0,-0.0550449382847418,0.01657911437055,-0.002,0.0146370688078683,-0.0025835408858818,0.035,0.01657911437055,0.0699999999999999
BR,0.0148719763703709,0.0148719763703709,0.0163169555005071,0.0332074922923416,0.0332074922923416,0.0075994787595223,-0.0013343923908151,-0.0013343923908151,-0.0142078115927247,-0.012210463627901,-0.0153372561724912,-0.0139000592425145,0.0050800845990253,0.0329038799199433,0.011300932954493,-0.002400178603947,0.0080745484754523,0.0389415592396076,0.0319207909041701,0.0669360686696916,0.0594858548977011,0.0013279610029482,-0.002400178603947,0.0080745484754523,0.0389415592396076,0.0100618029409515,0.0002695006704148,-0.013287078719617,0.0119563489878424,0.07
VG,0.004643508033929,0.004643508033929,0.0102359685806172,0.0007373865800838,0.0007373865800838,-0.0152301892709401,0.0023243900021289,0.0023243900021289,-0.0020797290656801,0.0010564779929269,0.000120473246912,0.0030564779929269,0.0029046874825691,0.0,0.0009150734201054,-0.000309566002472,0.0163207966676363,-0.0020807065633772,7.349759170438563e-05,5.206780943911582e-05,7.349759170449666e-05,-8.070656337721971e-05,-0.000309566002472,0.0163207966676363,-0.0020807065633772,0.0017189679209176,0.0009652738043267,-8.070656337721971e-05,0.0163207966676363,-7.991309285038106e-05
BN,-0.0108093541836581,-0.0108093541836581,0.0063265447384288,0.0116289438703969,0.0116289438703969,0.0007018359642453,0.0014539708470066,0.0014539708470066,-0.072,-0.072,-0.0003223563649181,-0.07,0.0202300136180323,0.0005453714554535,0.0036748822646958,0.0005205659492528,0.0113921752520852,-0.0443408037523125,0.0198523991419737,0.0064333627215814,0.0198523991419737,0.0,0.0005205659492528,0.0113921752520852,-0.0443408037523125,0.010305676319807,-0.0271167408914443,-0.0423408037523125,0.0113921752520852,-7.495781615007857e-05
BG,-0.0141758953058408,-0.0141758953058408,0.0139885224125223,0.03226854802148,0.03226854802148,0.0112519034101263,-0.0340341358363734,-0.0340341358363734,-0.0394442529749398,0.0386921181100139,-0.07,-0.0050868050601004,0.0107813187411142,0.0239683489659048,-0.0026584319074478,-0.0363282632618428,-0.07,0.0638005773443203,-0.0473312199358056,0.0258787696814602,0.07,0.0224141036633455,-0.0363282632618428,-0.07,0.0638005773443203,0.0112485519896529,0.0152137469806389,0.0196441583743348,-0.063136698349145,-0.0039047119709469
BF,0.0271266722299302,0.0271266722299302,0.0399441686482676,0.0455659352218626,0.0455659352218626,0.0566359143003554,-0.0011527910654967,-0.0011527910654967,-0.0137390945082623,-0.0353277172614933,-9.814518496326086e-05,-0.0002030557910388,0.0423467780621586,0.07,-0.07,0.068,0.015463053864499,-0.0020830371747081,-9.659390145416724e-05,0.07,0.07,-8.303717470814487e-05,0.068,0.015463053864499,-0.0020830371747081,0.0563052014115597,0.0334266319013064,-8.303717470814487e-05,0.0314080288591165,-9.42876074758181e-05
BI,-0.0281228058092522,-0.0281228058092522,0.0265110273942439,0.0048163395213285,0.0048163395213285,0.0670963835830175,0.002,0.002,-0.0020863942327287,0.0047761090784699,1.949036546711191e-05,-0.007807387224749,0.015665842242498,-0.0007736610134622,-0.0018481728965106,-0.072,-0.010284611012805,-0.0020838064149517,-8.178402552572184e-06,0.0036915006603203,-8.178402552572184e-06,-8.380641495170371e-05,-0.072,-0.010284611012805,-0.0020838064149517,0.02951245140488,-0.0215462359338511,-8.380641495170371e-05,-0.010284611012805,-6.97705571139351e-05
CV,0.0040596688862309,0.0040596688862309,0.0293322716048557,0.0223622029710107,0.0223622029710107,0.0185575695676568,0.0014302759922375,0.0014302759922375,-0.0449803084509937,-0.072,0.0381333352460352,0.0288245995464239,0.072,0.0001013226531634,-0.0009290804142631,0.019650666251149,-0.005380025622155,-0.002091633970301,0.0031066215732745,0.0144338242810693,0.0031066215732745,-9.16339703010416e-05,0.019650666251149,-0.005380025622155,-0.002091633970301,0.0185009638143731,-0.035929615244749,-9.16339703010416e-05,-0.0054649033321464,-7.591955983643484e-05
KH,0.025822469453569,0.025822469453569,0.07,0.0333291727935799,0.0333291727935799,0.0643881360954339,0.072,0.072,-0.072,-0.0366608043818519,0.07,-2.4371191365113457e-05,0.072,-0.002015328628268,0.07,0.068,0.0115424663681753,-0.0020750580074681,-0.0001542945774066,0.0615460437591945,-0.0001542945774066,-7.505800746815394e-05,0.068,0.0115424663681753,-0.0020750580074681,0.07,0.0255354190624978,-7.505800746815394e-05,0.0046658198291401,-7.513769889222477e-05
CM,0.0146307829830109,0.0146307829830109,0.032417641294878,-0.0010352035877601,-0.0010352035877601,0.0147791121688745,0.072,0.072,-0.0015150263451752,-0.072,0.0359384833910245,0.0459024346380068,-0.0667182492374973,-0.0051140390270971,0.0004187875775749,0.0230557455877862,0.022915941075488,-0.0020793377142413,-0.000222111552581,0.0138035762177829,0.0488531963829153,-7.933771424134539e-05,0.0230557455877862,0.022915941075488,-0.0020793377142413,0.0306997169151299,0.0246563951272025,-7.933771424134539e-05,0.0275497098329197,-7.952350967349586e-05
CA,-0.0273587227734231,-0.0273587227734231,0.0040706106642304,0.0059493873535404,0.0059493873535404,-0.0045502648876142,-0.0013046495355673,-0.0013046495355673,0.0091429289350898,0.0128435754720124,-0.0155427899520781,-0.0238956132517287,0.0123758904680715,0.0050845823498044,0.0109296174221731,-0.0420607638856726,-0.0352242077294031,-0.0047911967051936,0.0,-0.0080669304047752,0.0,0.0194885893508656,-0.0420607638856726,-0.0352242077294031,-0.0047911967051936,0.0050613366645929,-0.0023155991238439,0.01293180851276,-0.0003632255529469,-0.0399045356325573
KY,0.0064988345019772,0.0064988345019772,0.0310868302582392,-0.0068645410965566,-0.0068645410965566,0.0164424349562757,0.0020148511259051,0.0020148511259051,-0.0077054395263579,0.0045428874499406,-2.640906801196219e-05,-0.0003166551748771,-0.0273419016981988,0.0,-4.8778879196687e-05,0.0217291486718795,-0.0001657103101659,-0.002066934855782,0.0002500392607184,-0.0002993670929641,0.0002500392607184,-6.69348557820193e-05,0.0217291486718795,-0.0001657103101659,-0.002066934855782,0.0167826699073856,0.0237291486718798,-6.69348557820193e-05,-0.0324992357194632,-7.539994021671381e-05
CF,0.0005913403495982,0.0005913403495982,-0.0297215607569296,0.0002860755472347,0.0002860755472347,0.07,0.0014724040839542,0.0014724040839542,0.068,0.0533494524302676,-0.0009832275640071,-0.0002317949397829,0.0055098712478716,0.0,-0.0003890306804751,-0.0235664114337313,0.0274188678696683,-0.0020784353871423,0.0001420449598379,-0.0022275047824881,-0.0020596288893022,-7.843538714230602e-05,-0.0235664114337313,0.0274188678696683,-0.0020784353871423,-0.0028753273687069,0.0674273133766293,-7.843538714230602e-05,0.0277537912493317,-8.04752113667262e-05
TD,0.0148435870983229,0.0148435870983229,0.0148766380835829,0.0123358903163575,0.0123358903163575,0.0218840210654396,0.002,0.002,0.0426604405026449,0.0254488972083253,-0.0004847551744093,-0.0222290421625515,0.0515990958999856,0.0,-0.0059323958923581,0.0385995408412365,0.0080148838218294,-0.0020836633680971,-0.0019659384768169,-0.0002059327896415,-0.0019659384768169,-8.366336809711994e-05,0.0385995408412365,0.0080148838218294,-0.0020836633680971,0.0197591891250086,0.0421241906533548,-8.366336809711994e-05,0.0080148838218294,-8.16787664126295e-05
CL,-0.0100129529370379,-0.0100129529370379,0.0313715544199797,0.0376963747134735,0.0376963747134735,0.0147033097579732,0.072,0.072,0.0181358606618022,-0.035333077020436,0.0187007179607346,-0.07,0.0170062169887819,0.07,0.0364906676067594,0.006153836006062,-0.0634905625947457,0.0272978677775699,-0.07,0.0464956126767211,0.07,0.017283669188391,0.006153836006062,-0.0634905625947457,0.0272978677775699,0.0152335123904844,0.0187217614239656,0.0426863955101047,-0.0640333301868253,0.07
CN,0.0279670703142968,0.0279670703142968,0.055984798617124,0.018216320614271,0.018216320614271,0.0645894087210402,-0.0406223918376597,-0.0406223918376597,0.0086381415165071,-0.072,0.0178036783108129,0.0468936132156798,0.002,0.0435843380441436,0.0173071240198957,0.0204132613500012,-0.0001158710624101,0.0636038206552994,-6.108713626984397e-05,0.07,-6.108713626989948e-05,0.0009263695933542,0.0204132613500012,-0.0001158710624101,0.0636038206552994,0.0560974786662079,0.017602944372421,0.0680814204649241,-0.016355124629406,0.0687183285849937
HK,0.003274689335369,0.003274689335369,0.0265521276017007,0.0051719932319163,0.0051719932319163,0.0062768575208675,0.0012899678588681,0.0012899678588681,-0.0358909644644135,-0.0716547924531391,0.0076070075382773,-0.0279352748517446,0.015546013172464,0.0095753811794667,0.0038035037691386,-0.015818001165263,0.0277417873987237,-0.0020997182273536,-9.703086580659104e-05,0.0053387088483616,-9.703086580659104e-05,-9.971822735366231e-05,-0.015818001165263,0.0277417873987237,-0.0020997182273536,0.0071810789048001,-0.010622897750344,-9.971822735366231e-05,0.0277417873987237,-7.043692053870787e-05
MO,0.0124483524471071,0.0124483524471071,0.0446142969978685,0.0154923305247094,0.0154923305247094,0.0402442773978156,0.0016870867415549,0.0016870867415549,-0.0033942225338735,0.0003138174035767,-0.0010987376627038,-0.07,0.021793889215135,-0.0002038987851,9.183135843092438e-05,-0.0145111641441178,-0.0161437785145606,0.068,-0.0293113478019405,-0.0005132193143567,-0.0293113478019405,0.07,-0.0145111641441178,-0.0161437785145606,0.068,0.0238595244394871,-0.0310741898887975,0.07,-0.0029762092271808,-8.292640273815932e-05
CO,0.0155571703772891,0.0155571703772891,0.0623908857732571,0.023979364201022,0.023979364201022,-0.0112124158336734,-0.0024219717347787,-0.0024219717347787,-0.0086887716843577,0.0519227451025112,0.0308612557142962,0.059287379085673,0.0294602174924389,0.0388655388327807,0.0035237465961292,0.0385993805328268,-0.0301583634564771,0.0382304940555178,0.0173276910069986,0.0559108861629138,0.0006616944981288,0.0098846586506067,0.0385993805328268,-0.0301583634564771,0.0382304940555178,0.0217381790391558,-0.0013124821554223,0.0167824854251791,-0.0190318155059633,-0.0297625437621236
KM,0.0282689026383271,0.0282689026383271,0.07,0.0041631203386982,0.0041631203386982,0.07,0.002,0.002,0.068,0.068,-0.0012940634264867,-0.07,0.0019826604537184,-1.733954628158063e-05,-0.07,0.068,0.0188736463752226,-0.0020669384602412,0.0155994683123068,-0.0008627089509911,0.0155994683123068,-6.693846024125039e-05,0.068,0.0188736463752226,-0.0020669384602412,0.0699999999999999,-0.0285095838659331,-6.693846024125039e-05,0.0201197802226562,-8.542850385079293e-05
CG,0.0087497136818045,0.0087497136818045,0.0541085614997429,0.0045190178166161,0.0045190178166161,-0.027643864837864,-0.068,-0.068,-0.072,-0.035133782294239,-0.0012806077340596,-0.0015944097967169,0.0192971118497791,-0.0014253931174831,-0.0010481299965716,0.0100815573333176,0.0182493079562886,-0.0020817242441926,-0.000223825404443,-0.0009154909346789,-0.000223825404443,-8.172424419261581e-05,0.0100815573333176,0.0182493079562886,-0.0020817242441926,0.0611844425005046,0.0159081383622509,-8.172424419261581e-05,0.0183570876679876,-7.424620988488728e-05
CK,-0.0243500790626043,-0.0243500790626043,-0.0004531789446255,0.0003496448320961,0.0003496448320961,-0.0153802859929945,0.002,0.002,0.0288555703604165,-0.0216114300945972,0.0077071332269069,-0.07,0.0015468210553744,-0.0004531789446255,0.0005629296656477,-0.0009532123795795,-0.07,-0.0020970248082333,-6.820409896191038e-05,1.6987180205670544e-05,-6.820409896191038e-05,-9.702480823337024e-05,-0.0009532123795795,-0.07,-0.0020970248082333,0.0044370259862652,0.0006125750188694,-9.702480823337024e-05,-0.07,-8.358006055669831e-05
CR,-0.0154410463524362,-0.0154410463524362,0.0298444300322302,-0.0076525579808153,-0.0076525579808153,0.0003643836032767,-0.068,-0.068,0.0618649198102552,0.0440890194078165,-0.0283338969247653,0.0,0.0250432202380261,0.0179542499664085,-0.027249078629876,0.0603723885937887,-0.0698840732601719,-0.0368114543909256,0.0006517337993807,0.0491580022296378,-0.07,-0.0348114543909256,0.0603723885937887,-0.0698840732601719,-0.0368114543909256,0.0161343087058886,0.0144733314704746,-0.0348114543909256,-0.0699327377645202,-0.0297716907399661
HR,-0.0226886278801678,-0.0226886278801678,0.0063560577326031,0.0157337526636841,0.0157337526636841,0.0203823867657107,-0.0470543204761784,-0.0470543204761784,-0.019242798270772,0.0478904876661249,0.0177414021254113,0.0637736870788222,0.009499646510805,0.0080049731310705,0.0046087602946589,-0.0531105462082758,-0.0129771873805343,-0.0019781500516932,0.0001089006183763,-0.0525095709069903,0.07,0.0359449350509216,-0.0531105462082758,-0.0129771873805343,-0.0019781500516932,0.0085415358712386,-0.0119045914099427,0.0125535074715377,-0.0132109561608043,0.0050113427070497
CU,-0.0042175626684714,-0.0042175626684714,0.0090971962088363,0.0187078956325971,0.0187078956325971,-0.01734439617579,0.0011032645157866,0.0011032645157866,0.0477383144334389,-0.072,-0.001224351299069,-0.0476229266965223,0.0425160865801468,-0.0153705973939294,-0.0699286792788888,0.0468871199091187,-0.0566215338702672,-0.0029182740442656,-0.0209968379672393,0.0336167040416736,-0.0003829340471661,-0.0009182740442656,0.0468871199091187,-0.0566215338702672,-0.0029182740442656,-0.0080746116664548,-0.0254167123702834,-0.07,-0.0469512001526796,-6.764001536879727e-05
CW,-0.0211520549750745,-0.0211520549750745,0.0014257194413109,0.0015466902391957,0.0015466902391957,-0.0234061279216469,0.0024756416294057,0.0024756416294057,-0.0021834406667534,0.0093657641090604,0.0005016284755404,-0.025590158894694,0.0017113775939148,-0.0011386846911662,7.763874696394002e-05,-0.0006547334363528,-0.060221801825926,-0.0025796296629449,0.0050778180230595,-2.2804997246439473e-05,0.0050778180230595,-0.0005796296629449,-0.0006547334363528,-0.060221801825926,-0.0025796296629449,0.0030804196377609,-0.0178344250156443,-0.0005796296629449,-0.0602218018259259,-0.0003772900721916
CY,0.00578762015064,0.00578762015064,0.0229621882251545,0.0100493417452346,0.0100493417452346,0.0091705176258266,0.0022409226963552,0.0022409226963552,-0.072,0.023947502740921,-0.07,0.0074314787642587,0.0144413923394586,0.0264734803879596,0.0119230252522724,-0.0131705851064708,0.0673417949952327,-0.0368083494368416,0.07,-0.0094356759216784,0.07,-0.0348083494368416,-0.0131705851064708,0.0673417949952327,-0.0368083494368416,0.0155050264844891,0.0089182942129081,-0.0348083494368416,0.0644985448073466,0.0116037326780457
CZ,0.0019221016879208,0.0019221016879208,0.0258242799202141,-0.0002842843865042,-0.0002842843865042,0.0319961621736269,-0.0141780153199162,-0.0141780153199162,-0.0645961538461538,0.0170301997081347,0.0690165880080718,0.0,0.015083297871675,0.046372878601036,-0.0031841062144421,0.012633313393318,0.0248243983461179,-0.0316914066756733,0.0059235192968768,0.0172631890494088,-0.0113050622636766,-0.022178562203424,0.012633313393318,0.0248243983461179,-0.0316914066756733,0.0136210366802495,0.0015501020846789,-0.0196806728890809,0.0230129032228127,-0.0243237080431234
CI,0.0214622872412695,0.0214622872412695,0.07,-0.0015773024726235,-0.0015773024726235,0.0696838944816661,0.0483487528783974,0.0483487528783974,0.068,0.068,-0.0217370925088146,0.0326844510200737,0.01059112471869,-0.0593799950932578,-0.0005904139571608,0.068,-0.0023139306088022,-0.0012992076673891,0.0,-0.0145099180916134,-0.0030912088501818,0.0007007923326108,0.068,-0.0023139306088022,-0.0012992076673891,0.0558612053705109,0.0264240191641599,0.0266963906963049,-0.0022249005431545,0.0062582132845904
CD,0.0119650597475064,0.0119650597475064,0.07,-0.017193847436768,-0.017193847436768,0.0007148271251679,0.0017377451158587,0.0017377451158587,-0.0026245461591214,-0.0614321690204442,0.0013755320568846,0.0002088479590123,-0.068,0.0002718029261034,-0.0004452183506312,-0.0020267034625644,0.0399924107833596,-0.0020705280782758,0.0257167606294148,-0.000703785128213,-1.0765405834001207e-06,-7.05280782758444e-05,-0.0020267034625644,0.0399924107833596,-0.0020705280782758,0.0484541036483477,-0.07,-7.05280782758444e-05,0.0375410878818887,-6.76530390444352e-05
DK,-0.0373412105018417,-0.0373412105018417,-0.025490771123117,-0.0196070047510552,-0.0196070047510552,-0.005930399982959,-0.049395570507343,-0.049395570507343,-0.0263888817788904,0.001800968903471,-0.0308190273733214,-0.0092957082235936,-0.033061553982701,-0.0293196846924322,-0.0385499527436247,-0.0608475705532772,-0.0162520069811611,-0.034924053971087,0.002756345431059,-0.0548995180340881,0.0085166571733045,0.0010163958392634,-0.0608475705532772,-0.0162520069811611,-0.034924053971087,0.0017009298329778,-0.0378091813009872,-0.0209281538048976,-0.0131638829016185,-0.0292629234072094
DJ,-0.0095769503745768,-0.0095769503745768,0.0552401557452872,-0.0028047290749059,-0.0028047290749059,0.0298814871359152,0.002,0.002,-0.0020848572102044,-0.0064466246526779,-0.07,0.0013199300825948,0.056803377740941,-0.0005134031139888,-0.07,-0.0156529621823369,-0.010978421596932,-0.0020994673444614,-0.0274112736671134,-0.0405115530289896,-0.0274112736671134,-9.946734446147908e-05,-0.0156529621823369,-0.010978421596932,-0.0020994673444614,0.0556071215274696,-0.0035850679176216,-9.946734446147908e-05,-0.0109784215969321,-8.797434890328582e-05
DM,0.0006301669469941,0.0006301669469941,0.0027949395707257,0.00940835788844,0.00940835788844,-0.0117563799305143,0.0021147232810189,0.0021147232810189,-0.0020799497525299,0.0037634168262113,3.80392895636128e-05,-2.5987137518279635e-05,-0.012106281461471,0.0322535300757852,-0.0107818442649732,0.0068594880438565,-0.0028993283903501,-0.0020696588125239,-0.0003382807034874,0.0501476525312428,-0.0003382807034874,-6.965881252390949e-05,0.0068594880438565,-0.0028993283903501,-0.0020696588125239,0.0015289707341422,0.0056477571118162,-6.965881252390949e-05,-0.0028993283903501,-8.481475899335678e-05
DO,0.0096301117420792,0.0096301117420792,0.0175374657624737,0.0352799176253026,0.0352799176253026,0.0294074841720171,0.0025143330271851,0.0025143330271851,0.0655730337078651,0.0138127506113771,0.0004734993411565,0.0003544328203089,0.0467315557552581,0.0005822615263844,0.0283170963086404,0.0186180866044591,0.0124131126803846,-0.0021408640586062,0.004861014579339,0.0245289788045585,0.07,-0.0001408640586062,0.0186180866044591,0.0124131126803846,-0.0021408640586062,0.0229939509868593,0.0266617264304493,0.002368783110632,0.0125512794377333,-0.0637900243164825
EC,0.0150894373312424,0.0150894373312424,0.0297899253618739,0.001735490492821,0.001735490492821,0.0208285718084619,0.002,0.002,-0.0461167856280686,0.0028260507364712,0.0210912720909239,0.0661336385745852,0.0467590751964739,0.0001109310376581,0.0138066286197169,0.0173763111740028,-0.0401079991802756,0.068,0.0005402534193736,-0.0403573666445635,0.0005402534193736,0.0,0.0173763111740028,-0.0401079991802756,0.068,0.0267952067664477,0.0083976926828095,-0.0028888616421437,-0.0250415104096599,0.0150189624419858
EG,0.0031523605952776,0.0031523605952776,0.0037981794536474,0.015897356169035,0.015897356169035,0.0353457132212869,0.002,0.002,-0.0071883244205568,-0.072,-0.0358748959489983,0.0403380291317391,0.0485487171565659,0.0254438575227147,0.0090327218747874,-0.0401890106305597,0.0154377890695624,0.0342083033468304,0.013556097896761,0.0005771671462513,0.013556097896761,0.0009074424765619,-0.0401890106305597,0.0154377890695624,0.0342083033468304,0.0110561732188367,0.0359533079055127,-0.0426319096624721,0.0154377890695625,0.006847666450464
SV,-0.014098762933126,-0.014098762933126,-0.0016104605284492,0.0029441251133773,0.0029441251133773,0.0466925657555701,0.0013085934104715,0.0013085934104715,-0.072,0.014525400650903,0.0004102537446991,0.0004885219134809,0.0115867082641039,0.07,1.1014902821543382e-05,0.0295139190112163,-0.07,-0.0018102078105943,-0.0015661821774189,-0.07,0.07,0.0001897921894056,0.0295139190112163,-0.07,-0.0018102078105943,0.011233382479129,0.0520308589653273,0.0001897921894056,-0.07,-0.0001193013408077
GQ,-0.0066144756733508,-0.0066144756733508,0.07,0.0005877848828158,0.0005877848828158,0.0055113860190127,0.0019974680086143,0.0019974680086143,-0.0020812424922128,-0.0519667282912618,-4.416704795762172e-05,-0.000293683773647,0.0573559873087848,-0.0008714110392228,-6.968455142382368e-05,-0.0297117781222618,0.0125347998710163,-0.002666448768807,0.0156616009912854,-0.07,0.0156616009912855,-0.000666448768807,-0.0297117781222618,0.0125347998710163,-0.002666448768807,0.0667139037433155,-0.0314709502907367,-0.0112348924346692,0.0125347998710163,-6.665401675820526e-05
ER,0.0120667909333498,0.0120667909333498,0.0308828591654748,0.0020225710942794,0.0020225710942794,0.0101358578757347,0.0020871626187136,0.0020871626187136,0.0331950223142785,0.0207781954693884,-0.0001056105188249,0.07,0.0057764509437796,-0.0004098288078425,4.176065513149252e-05,0.0116267737010385,0.0266549683902758,-0.0020813692912647,0.0001719490806196,-0.0282520550348554,0.0306472577594582,-8.136929126478787e-05,0.0116267737010385,0.0266549683902758,-0.0020813692912647,0.0164956879483724,0.0065539769023975,-8.136929126478787e-05,0.0268621647407518,-7.502770708123219e-05
EE,-0.0279959144297656,-0.0279959144297656,0.0176954473509587,-0.0013576222549841,-0.0013576222549841,0.0326235195903134,-0.068,-0.068,0.0330398242486458,0.0072018905913893,0.0072574425924462,-0.0149864498644986,0.0270002874193064,-0.0244249085555324,-0.0472614512127448,-0.0496914963716431,-0.0254642700705925,-0.0088319768470613,0.017222567639618,-0.0569010637684264,0.0172665232203641,0.0072037641088192,-0.0496914963716431,-0.0254642700705925,-0.0088319768470613,0.0167483368240527,-0.0465583427110888,-0.0252307658208469,-0.0232121619718124,0.007921244015944
SZ,0.0277997347703948,0.0277997347703948,0.0389653156466791,0.0080430596329414,0.0080430596329414,0.0159742837558802,-0.0517622908317099,-0.0517622908317099,0.0006662824191465,0.068,-0.0005156807812637,0.0003880582332387,0.0407555322096473,0.0361566011611753,0.0652959078757968,0.0556045760866454,0.0298840200666172,-0.0020893918420782,-0.0004228473917083,-0.0080710544440947,-0.0004228473917083,-8.939184207829021e-05,0.0556045760866454,0.0298840200666172,-0.0020893918420782,0.0233754630189444,0.0016454882345465,-8.939184207829021e-05,0.0298840200666172,-7.438216850502721e-05
ET,0.0006588044819646,0.0006588044819646,0.07,0.019299050964069,0.019299050964069,0.056543378785208,0.001634890342971,0.001634890342971,-0.072,0.068,-5.05822886108509e-05,-7.42000353313732e-05,0.0352368273692341,-0.0003106335984168,0.051552416996006,0.0216756852925571,0.017113729390924,-0.0368130012375871,-0.000157573106149,0.052284773256586,0.0244876044680433,-0.0348130012375872,0.0216756852925571,0.017113729390924,-0.0368130012375871,0.0521161343106092,0.0468852585559538,-0.0348130012375872,0.0172123629881049,-0.0297676176210567
FO,0.023864125419826,0.023864125419826,0.0109418099929663,-0.0024772137444673,-0.0024772137444673,0.0226951167446527,0.0017557596331074,0.0017557596331074,-0.0039746075040902,0.0329795954860238,-0.0001813130107548,0.0699325245762456,0.0039886198525932,0.07,0.0227986287964017,0.0036699605818406,0.07,-0.0020775843223624,-9.171515857686607e-05,-0.0137281753495235,-9.171515857686607e-05,-7.758432236243396e-05,0.0036699605818406,0.07,-0.0020775843223624,0.0345050343857376,0.0153065805172637,-7.758432236243396e-05,0.07,-7.709209568296238e-05
FK,-0.0214919929701987,-0.0214919929701987,0.0048058823626031,-0.0170395393664759,-0.0170395393664759,-0.0332986539152253,0.002,0.002,0.0160453495899206,-0.072,-2.722009266759029e-05,-0.000163040356421,0.002,0.0082252954681458,0.0001248237948909,-0.0623134617818681,-8.643983748043982e-05,-0.0020760772912477,-8.208017465621831e-05,-0.07,-8.208017465621831e-05,-7.607729124775586e-05,-0.0623134617818681,-8.643983748043982e-05,-0.0020760772912477,0.0193436170433796,-0.0696009220825176,-7.607729124775586e-05,-8.498661653903265e-05,-9.191120127000074e-05
FJ,-0.0074810674882614,-0.0074810674882614,0.0290554903684624,-0.0308495483728416,-0.0308495483728416,0.033159777991793,0.0030368911810878,0.0030368911810878,0.066115211820725,0.0679999999999999,-0.0149985911797434,0.0223703090415119,0.0073797953921358,0.0002410068128062,0.0010611166970104,0.0335480072208218,-0.0191772621569489,-0.0368139475286573,-0.025964041354845,-0.07,-0.025964041354845,-0.0348139475286573,0.0335480072208218,-0.0191772621569489,-0.0368139475286573,0.0073365287267563,0.0146521785884318,-0.0348139475286573,-0.0191772621569488,-0.0297720709062582
FI,-0.0402121543285388,-0.0402121543285388,0.0201335902772499,-0.0095150180985177,-0.0095150180985177,-0.011292844863327,-0.049432650615085,-0.049432650615085,-0.0190354357764359,-0.0015294910124075,-0.0509067246004469,0.07,0.0083503530411805,0.0172092022382394,-0.0273069436089392,-0.070588498879761,-0.0067911087863296,-0.0432568553195257,-0.0200919967004109,-0.0189115592531533,0.0073786343165022,-0.0348775004986005,-0.070588498879761,-0.0067911087863296,-0.0432568553195257,0.0014253700001343,-0.03584701743449,-0.039759357847421,-0.003638720017507,-0.0028043202391657
FR,-0.0399808966749506,-0.0399808966749506,0.0022550257513682,-0.0150027203682072,-0.0150027203682072,0.0149285988935889,-0.0246917916572025,-0.0246917916572025,0.0032144069591758,-0.0025416980466395,-0.0115530816532103,-0.0580399005217086,-0.0051921941379025,-0.0126558985320073,0.0030129967012187,-0.0520498536239805,-0.0198359330471456,-0.0480569033537258,-0.0541446199731812,-0.0360513616454983,0.0033918245004929,-0.0221591501899208,-0.0520498536239805,-0.0198359330471456,-0.0480569033537258,-0.0035434858791716,-0.0256482177721589,-0.0318363973351321,-0.0159255676417914,0.0206132011694401
GF,0.0213368513309243,0.0213368513309243,0.07,0.0201461298094989,0.0201461298094989,0.0360491383924846,-0.0006319582748184,-0.0006319582748184,0.0329657237970638,0.0351331395030601,0.0073148765300199,0.0042662790061201,0.072,0.07,0.0233902389435257,0.0316840208625907,0.0343962585663641,-0.0020697254361817,0.0029515114366759,0.0057027332375015,0.0029515114366759,-6.972543618177784e-05,0.0316840208625907,0.0343962585663641,-0.0020697254361817,0.0472861830636375,0.018101791484857,-6.972543618177784e-05,0.0476505038122253,-7.462305502831112e-05
PF,0.0064236970049984,0.0064236970049984,0.0125608820221186,-0.0003823109842323,-0.0003823109842323,0.0071101171063295,-0.0010809792176122,-0.0010809792176122,0.013793836604844,-0.0020463079790246,-0.0072025981900001,-4.6307979024606816e-05,0.0025751622791109,0.000270711590155,-0.0019445986215155,0.0160669241176809,0.0052900924228484,-0.002085925525534,0.0009078225639737,-0.0049263032544799,0.0009078225639737,-8.592552553404742e-05,0.0160669241176809,0.0052900924228484,-0.002085925525534,0.0070655648656035,0.008123169995663,-8.592552553404742e-05,0.0052900924228484,0.0172125162473669
GA,-0.0383918247300081,-0.0383918247300081,0.0382784689618174,0.0126810954766112,0.0126810954766112,-0.0466589491026001,0.0026866453138799,0.0026866453138799,-0.02803469752737,-0.0215962296116611,-0.0021800561831865,-0.0207909271497529,0.0251945561389641,-0.07,-0.07,-0.0537065524298177,-0.0593212296059395,-0.002147692154267,-0.0010431765409695,-0.0177792551724835,0.0434567730942312,-0.000147692154267,-0.0537065524298177,-0.0593212296059395,-0.002147692154267,0.0314757019914532,-0.0042551671416842,0.016429908809658,-0.0268101196317084,-6.618076010755924e-05
GM,-0.0012848899342543,-0.0012848899342543,0.0,-0.0003055441287347,-0.0003055441287347,0.0073957281545201,0.002,0.002,-0.0020864590629485,-0.0045622022814331,-0.0001743753863143,0.0,0.002,0.0,-0.0020557042109033,-0.002,0.0002161550492033,-0.0020708248519662,-0.0029627068805902,-0.0001886447823824,-0.0029627068805902,-7.082485196624466e-05,-0.002,0.0002161550492033,-0.0020708248519662,0.056383178647091,0.0593561358783636,-7.082485196624466e-05,0.0002161550492033,-0.0001118551348733
GE,-0.0086521282542656,-0.0086521282542656,-0.0231272104862613,0.0005,0.0005,0.0650607282463416,-0.068,-0.068,-0.072,0.068,-0.07,-0.07,0.072,-0.07,-0.07,-0.072,-0.0219563847627968,0.068,-0.0005007134384399,-0.07,-0.07,0.07,-0.072,-0.0219563847627968,0.068,0.0650486819759085,0.048259921917513,0.0693539166335032,-0.0375248520341572,0.07
DE,-0.0375816622950343,-0.0375816622950343,0.0012412825243374,-0.0239532060633983,-0.0239532060633983,-0.0208379001301361,0.0184783397860908,0.0184783397860908,-0.0662002124178788,0.0094452118418102,0.0229851682549562,-0.0133855282658047,-0.0002689118292522,0.0192905454949574,0.07,-0.0568009647446442,-0.0123241080496384,-0.0436199140908203,0.0217560271721635,-0.0684469669382923,0.0124777295898503,-0.039574675075899,-0.0568009647446442,-0.0123241080496384,-0.0436199140908203,-0.004716462167213,-0.0302767289056112,-0.0418866292887971,3.1803173720078125e-05,-0.0150013129196365
GH,0.0006787251049732,0.0006787251049732,0.0466675676366795,0.0289935330454789,0.0289935330454789,0.0376553244234788,-0.068,-0.068,0.0458561822237262,0.0363990809547433,-0.07,-0.07,0.0612255808241134,0.07,0.0175567648491555,0.0042135799505944,0.0066918580603365,-0.0088692626960114,0.0001284605026183,0.07,-0.0083821859461862,-0.0068692626960114,0.0042135799505944,0.0066918580603365,-0.0088692626960114,0.0512159745740473,0.0133250452805468,-0.07,0.0113931593332911,-0.0001029155153421
GI,-0.0086262659270404,-0.0086262659270404,-0.07,0.0194459913500759,0.0194459913500759,0.0392334452850768,0.0028463258757778,0.0028463258757778,-0.002074483605982,0.0083601202904608,0.0003835801590395,0.0093400989880114,0.072,0.0,0.0006323969074719,-0.0004542120289721,-0.0233333333333333,-0.0020912524188158,0.0056471419698751,0.0002280758492446,0.0056471419698751,-9.1252418815857e-05,-0.0004542120289721,-0.0233333333333333,-0.0020912524188158,-0.0064286793098579,0.0007337805131029,-9.12524188159125e-05,0.07,-8.4514573496286e-05
GR,0.0212751182782601,0.0212751182782601,0.0109198099435477,0.001658564324476,0.001658564324476,0.0131132621658306,-0.068,-0.068,0.0439924567010824,0.0559306054538805,0.028400702979968,-0.0142211967746893,0.0087422120251265,0.0059032666670975,0.014631481638878,0.0125212427485781,-0.0161700549930815,0.0674741670792837,0.0,-0.0002485056931777,0.0112573882063093,-0.013116837240354,0.0125212427485781,-0.0161700549930815,0.0674741670792837,0.0005797351037798,0.0067278034263604,0.02317872646458,-0.01336042628134,0.0232689032189187
GL,-0.0021932472844635,-0.0021932472844635,0.0118646852774785,0.0087601309365287,0.0087601309365287,0.0015885626294329,0.0017444285780638,0.0017444285780638,-0.0187389653602829,-0.002037923783177,0.0326899465047543,0.07,0.0225050187288117,-0.0014321727091065,0.0050144993697921,-0.0044277088214204,-6.66900535114534e-05,-0.0020853429784585,-6.25899513163608e-05,0.0126834379470782,-6.25899513163608e-05,-8.534297845858019e-05,-0.0044277088214204,-6.66900535114534e-05,-0.0020853429784585,0.0115529357322881,0.0015815599588511,-8.534297845858019e-05,-6.532335277975587e-05,0.0003649106233904
GD,0.0092863497603909,0.0092863497603909,0.0209152176109899,0.0209257689128553,0.0209257689128553,0.0213070355266934,0.001507389027244,0.001507389027244,-0.0020811768930064,0.0648143683512423,-0.0002955763766901,0.0,0.0138809325790218,0.0,0.07,0.0185180183507806,0.0114292110344803,-0.0020881801040882,-8.96768235123524e-05,0.07,-8.96768235123524e-05,-8.81801040882868e-05,0.0185180183507806,0.0114292110344803,-0.0020881801040882,0.0152422860774085,0.0491018048580869,-8.81801040882868e-05,0.0114292110344803,-9.35717101352429e-05
GP,0.0335802741200684,0.0335802741200684,0.07,0.0130332567483869,0.0130332567483869,0.0345140364177708,0.0016605210444087,0.0016605210444087,-0.0020818686640414,0.0060070301134107,-0.0003966879338027,-0.0018544161669175,0.0471004644402969,0.000857232755504,-0.0004761128277001,0.0328302605222043,0.07,-0.002089438161999,0.0050360326272215,8.596808802818767e-05,0.0050360326272215,-8.943816199902255e-05,0.0328302605222043,0.07,-0.002089438161999,0.0469524109185013,0.0105694358728133,-8.943816199902255e-05,0.0483453442090738,-8.401265232638178e-05
GU,-0.003000709412348,-0.003000709412348,-0.0073120320769461,-0.009721947662921,-0.009721947662921,-0.0030340193035105,0.0019216177665757,0.0019216177665757,-0.0020872333715259,-0.0138984030509168,-8.03564840110571e-05,-0.0118984030509168,-0.0386280123126391,-0.0303742510340387,-0.0030339700748148,-0.0079883926421705,0.001068792054507,-0.0020825276493807,-9.63713166574065e-05,-8.08793730068073e-05,-9.63713166574065e-05,-8.252764938077028e-05,-0.0079883926421705,0.001068792054507,-0.0020825276493807,-0.0070846198799525,-0.0033028069652234,-8.252764938077028e-05,0.001068792054507,-8.41591140667471e-05
GT,0.0320196580271851,0.0320196580271851,0.0270236667102077,0.0350664101275113,0.0350664101275113,0.0575895226225602,0.0014415297695249,0.0014415297695249,-0.0045070937919571,0.0665350765761908,-0.0016613674205303,0.0369691652117418,0.0400317178384398,-0.000523843831884,-0.0008414173388302,0.068,0.030645252989625,-0.0025862789080696,-0.0004863925168226,0.07,0.0308202015796752,-0.0005862789080696,0.068,0.030645252989625,-0.0025862789080696,0.0303134472912266,0.0646076050859715,-0.0005862789080696,0.0305779657835607,-0.0003635016559253
GG,-0.0014630251077802,-0.0014630251077802,0.0187543244858434,-0.0057519264364598,-0.0057519264364598,-0.0001526379688654,0.0019087034932148,0.0019087034932148,-0.0020835423882546,-0.0023615763194413,-8.438112634495676e-05,-0.0003615763194413,-0.0227608696303135,-0.0019169003385633,-0.0001505878372178,-0.0022264364131132,-7.69726377319313e-05,-0.0020856662724953,-7.437829287393338e-05,-8.679155015665445e-05,-7.437829287393338e-05,-8.566627249534386e-05,-0.0022264364131132,-7.69726377319313e-05,-0.0020856662724953,-0.0002655326725546,-0.000157731024534,-8.566627249537162e-05,-7.610785611263567e-05,-8.08825230652251e-05
GN,0.0075205943506016,0.0075205943506016,0.07,0.0209344947703519,0.0209344947703519,0.0698066620403219,0.0023448370159478,0.0023448370159478,-0.0059554376109805,0.0472044023503497,-0.0001461629591925,0.0113153048883671,0.072,0.0006083730255685,0.0025002759631663,0.0038300709521575,0.0208200335444707,-0.0020883214448234,0.0119488853314787,-0.0001225848052477,0.0119488853314787,-8.832144482345816e-05,0.0038300709521575,0.0208200335444707,-0.0020883214448234,0.07,0.0540752546214678,-8.832144482345816e-05,0.0208200335444706,-7.533559430801991e-05
GW,0.0204949948835296,0.0204949948835296,0.07,0.0355415411808799,0.0355415411808799,0.0138411814302869,0.0042430333331829,0.0042430333331829,-0.0020863981155203,0.068,0.07,0.0002243221826147,0.072,0.07,-0.0009239472198406,0.068,-0.0044497866330468,-0.0020652287163642,5.797259164580515e-05,0.0002313934398839,0.07,-6.522871636427396e-05,0.068,-0.0044497866330468,-0.0020652287163642,0.07,0.07,-6.522871636427396e-05,-0.0044497866330468,-5.657378520812495e-05
GY,0.0037799848453823,0.0037799848453823,0.0363856292656019,0.0162810643604159,0.0162810643604159,0.0644067020144292,0.0031222444178027,0.0031222444178027,-0.070421016452796,0.0059548956347383,0.0013990738597615,0.0015527224974882,-0.0113328608237528,-0.0309333483241129,0.0540464037764456,0.0452263464608619,-0.0416321941200854,0.0077458021953704,0.0008863189908134,0.0658249970792326,0.0008863189908134,0.0097458021953704,0.0452263464608619,-0.0416321941200854,0.0077458021953704,0.0225145115738424,0.0523616917417354,0.0097458021953704,-0.0415771243335292,0.0150228636870328
HT,-0.0080433813159401,-0.0080433813159401,-0.0337621771540445,-0.0195181750662817,-0.0195181750662817,0.0440505567519914,0.0027027864029303,0.0027027864029303,-0.0054516852681133,-0.0270258657205465,0.0003513932014651,0.0,-0.0541454804326947,-0.0301415441979837,0.0001615910136783,-0.0268400135541033,0.0163210590807417,-0.0136111894744588,0.0121442434838522,-0.0244602738418255,0.0121442434838522,-0.0116111894744588,-0.0268400135541033,0.0163210590807417,-0.0136111894744588,-0.0039226468298812,0.0190535672330123,-0.0116111894744588,0.0163239776137395,-0.0119569546513849
HN,0.0069262914988303,0.0069262914988303,0.0306610807436457,0.0168840115578127,0.0168840115578127,0.0481100581264869,0.002,0.002,0.0307698386185824,-0.0025348769527024,-0.07,-0.0005348769527024,0.0188766517098138,6.524310853794901e-07,-0.0685849185882969,0.068,-0.045156081097893,-0.0020650444056158,0.0007635489606846,0.0692930552136396,-0.0205686162865868,-6.50444056158328e-05,0.068,-0.045156081097893,-0.0020650444056158,0.0307515279405608,0.0135749088576718,-6.50444056158328e-05,-0.0393642374829532,-5.0583590290309566e-05
HU,-0.0208349462769048,-0.0208349462769048,0.0160544268645459,-0.0061266787317553,-0.0061266787317553,0.0406892203093644,-0.033572257771092,-0.033572257771092,-0.0673008291883364,0.0535951349706984,-0.0481804498293639,0.0,0.0100953894243376,0.0297779139197296,0.0152704144813728,-0.023339562896645,-0.0498030376689367,0.0106377617348674,0.0337258017504344,0.0419229346145817,-0.0366239299333679,-0.0399011090325727,-0.023339562896645,-0.0498030376689367,0.0106377617348674,0.0182644889665634,0.0316410738986909,-0.0011857109269791,-0.0277132916293324,-0.0130322074994934
IS,-0.0006389093399973,-0.0006389093399973,0.0160570602304668,0.0037895496542281,0.0037895496542281,0.0240081975773967,0.0017519318181119,0.0017519318181119,0.0151890849799602,0.0669051546724903,0.0450321494853067,0.0355321077814152,0.072,0.0365925631627522,0.0236415374342978,-0.0161172557901643,0.0064536503209573,0.0077468774492148,-0.0062676813057547,-0.0603209975265476,-0.0062676813057547,0.0097468774492148,-0.0161172557901643,0.0064536503209573,0.0077468774492148,0.0100533327667954,0.0162296214287371,0.0097468774492148,0.0022132064453866,0.0365387755055499
IN,-0.0034144695772106,-0.0034144695772106,0.0382489727119637,0.0176051396314326,0.0176051396314326,0.0683817427826693,-0.036350312481367,-0.036350312481367,0.068,-0.023138277529827,0.0640056744540909,0.0233547049955771,-0.0021002668494025,0.0350605067185869,-0.0649672168211621,0.054234476609045,0.0052184729019814,-0.0696963582426584,-0.0002996586254406,-0.0233080121023351,0.0258288374774684,0.07,0.054234476609045,0.0052184729019814,-0.0696963582426584,0.0414126688952318,0.0519552801866734,0.0441152293740947,0.0303223701205305,-0.0297619956024839
ID,0.0209502174113397,0.0209502174113397,0.037669776092704,0.0342806492061305,0.0342806492061305,-0.0391914008802504,0.0399128994607295,0.0399128994607295,-0.0355266425107342,-0.072,0.0555031571995219,-0.0193005994810736,0.0323042263133714,0.0233287162512737,0.0356800463841351,0.0648506522340191,-0.07,0.068,-0.0006296351705996,0.0354480056817503,-0.0006296351705996,0.07,0.0648506522340191,-0.07,0.068,0.0326323775461826,0.0314371428625194,0.0426757663453853,0.0011260944929064,-0.0001166826231145
IR,-0.0094339676142064,-0.0094339676142064,0.0413876783888256,0.0076969726273205,0.0076969726273205,0.0323962527570658,0.0002605445988878,0.0002605445988878,-0.0718782859922277,0.0437062045247209,-0.0358697277005561,-0.0438585067526879,0.0457546508563245,0.0260341166914386,-0.0166931511829111,0.0108874767344849,-0.07,0.0308106204228956,-0.0001955668726251,-0.0465362079203189,-0.0001955668726251,0.0317650144459016,0.0108874767344849,-0.07,0.0308106204228956,0.0382367390200823,-0.0111534707803883,0.0423887207238089,-0.07,-4.2710799093848006e-05
IQ,-0.001669683599683,-0.001669683599683,0.0657477011379665,0.0023840771870337,0.0023840771870337,0.0202563303743794,0.002,0.002,-0.072,-0.072,0.0,0.0330820441216997,0.0097812492844195,0.0396760159490068,1.6743571830818427e-05,-0.002870550417106,-0.0001385003819431,-0.002,-0.0002449405362847,0.0,-0.0002449405362847,0.0,-0.002870550417106,-0.0001385003819431,-0.002,0.0102104126244705,0.000931514532591,0.0235584284911849,0.007011803762728,-9.652839383478272e-05
IE,-0.0122273751788706,-0.0122273751788706,0.0100971241255295,-0.0009049875222793,-0.0009049875222793,0.0080277252698845,-0.0083624329292472,-0.0083624329292472,0.068,0.0546209806992128,0.07,0.0188986995234116,0.032369806455883,-0.0008036003260321,0.0011756592763841,-0.0046569064032075,-0.0187536635366453,-0.0132715555967589,2.7695760209334175e-05,-0.0229678921627472,-0.017443889109445,0.0044220247271917,-0.0046569064032075,-0.0187536635366453,-0.0132715555967589,0.0190505353613861,-0.0031451773101108,0.0089278155366597,0.006582695238844,0.0324402883338307
IM,-0.0090956714582351,-0.0090956714582351,-0.0080517410881251,-0.006427620530769,-0.006427620530769,1.4166756557978943e-05,0.0019347695254052,0.0019347695254052,-0.0020791391422818,-0.0019697593161867,-7.561693675847692e-05,3.0240683813298475e-05,-0.0257297373312693,-0.0068448490366999,-5.229056882967431e-05,-0.0020174948953907,-8.620303299364251e-05,-0.0251833164463209,-8.789004764275798e-05,-7.26806467926296e-05,-8.789004764275798e-05,0.0001798259026284,-0.0020174948953907,-8.620303299364251e-05,-0.0251833164463209,-0.0083713851256916,-4.902888548554494e-05,-0.0231833164463209,-8.676537121001433e-05,-7.281214080329113e-05
IL,-0.0240575372893711,-0.0240575372893711,0.029429213529593,0.0048293627658206,0.0048293627658206,0.0105695277136493,0.0340935520786299,0.0340935520786299,0.0083093122076424,0.0115895044230058,-0.0001251808977041,0.0516459211270614,0.0020398397450802,0.0654196569459841,7.846749303069833e-05,-0.0710497893407557,0.0001350150619057,-0.0012578375892635,0.0001350150619057,0.0164004338455601,0.0001350150619057,0.0007421624107364,-0.0710497893407557,0.0001350150619057,-0.0012578375892635,0.0189440809621286,0.0064454544178828,0.0047522858929405,0.0360832247285941,0.0185689360633659
IT,-0.0368617236571422,-0.0368617236571422,-0.0344913349334174,-0.0040346678086275,-0.0040346678086275,-0.00670361593555,0.0006921243814206,0.0006921243814206,0.0675973337957499,6.893622611858947e-05,-0.0202743681349388,0.0069261940617833,-0.0294060401833226,-0.0189018618577377,0.0029027064509423,-0.0377686429349905,-0.0412366839305033,-0.0315798441059328,0.07,-0.0106888023119939,0.0465350170882848,-0.0225788458274786,-0.0377686429349905,-0.0412366839305033,-0.0315798441059328,0.0022587152243942,-0.0137720690360606,-0.0147573648832009,-0.0352628549480453,-0.0398827261236821
JM,0.0019722755783471,0.0019722755783471,0.0143720123615709,-0.0128352230836451,-0.0128352230836451,0.0440028693312458,0.0020946352979807,0.0020946352979807,0.068,0.0118615145825847,-0.0031946247877979,0.0391631021443191,0.0710408038299512,0.07,0.0125053396858388,0.0493030743740064,-0.0383219473784292,-0.0050643002605356,0.0003397374630828,0.0168945785496315,-0.0692762747141633,-0.07,0.0493030743740064,-0.0383219473784292,-0.0050643002605356,0.018180615101878,-0.0414519435710025,-0.0699999999999999,-0.0116951042929089,-9.46365823074798e-05
JP,-0.0310026030774596,-0.0310026030774596,-0.0091103340879946,-0.0061808553137305,-0.0061808553137305,-0.0151559414567832,-0.0096610919116658,-0.0096610919116658,-0.0074426066080066,-0.0059353092160571,-0.0047448555728379,0.0218375906202836,0.0047510320698154,0.0056523290947135,0.0135801722421716,-0.022608072885132,-0.0599518967987402,-0.0104478395485065,6.745143491981853e-05,-0.0445175175997235,0.0211563061692842,-0.0061132418942984,-0.022608072885132,-0.0599518967987402,-0.0104478395485065,-0.0064243631550737,-0.0234703957056988,-0.0475333647997067,0.0210654449045912,-0.0007690539847465
JE,-0.0186471862382338,-0.0186471862382338,0.0079839362047491,-0.0082033270245968,-0.0082033270245968,-0.0150874566889802,0.002257519130302,0.002257519130302,-0.0110535887788877,-0.0023447540539287,-0.0328778973512823,-0.0003447540539287,-0.0326469211200263,-0.0045614505554038,-7.779268247472271e-05,-0.0537881884487868,-8.468117464585645e-05,-0.0020686890912688,-9.322025795310827e-05,-4.477629139058396e-06,-9.322025795310827e-05,-6.8689091268892e-05,-0.0537881884487868,-8.468117464585645e-05,-0.0020686890912688,-0.002926744305528,-0.0335751297179127,-6.8689091268892e-05,-8.752753574827372e-05,-8.835786528553029e-05
JO,0.0045097004843111,0.0045097004843111,0.0385900110611936,0.002628152335264,0.002628152335264,0.0078734761055462,0.002,0.002,-0.0307501144552646,-0.0696071210020054,-0.0014814170819248,0.0672462284252841,0.0063748612695804,0.0281636405356837,-0.0010617918110411,0.035800185158081,0.0145151473049196,-0.0367862310100673,0.0,0.038923979081543,0.0,-0.0347862310100673,0.035800185158081,0.0145151473049196,-0.0367862310100673,0.0257512662209704,0.0467507023372813,-0.0347862310100673,0.0292279389442528,0.0338912307272594
KZ,0.0087865009558501,0.0087865009558501,0.031936187016228,0.0096137203200302,0.0096137203200302,-0.0324762236148438,0.0459570548971239,0.0459570548971239,0.0631911003734455,0.067766209261464,-0.063302019678622,-0.07,0.072,0.07,0.0203507735525921,0.0244265859151248,-0.0660670830475745,0.068,0.0042851453786004,-0.0357790286250984,0.0042851453786004,-0.0020512354733808,0.0244265859151248,-0.0660670830475745,0.068,0.0535530362956965,0.0154020155520683,0.054373370319753,-0.0618880954424111,0.025416285051592
KE,0.0420363724968822,0.0420363724968822,0.07,0.0191203581162756,0.0191203581162756,0.0605286857485103,0.016041605555463,0.016041605555463,0.0250360302501656,-0.0024336213110198,0.0539511639186889,0.050720810166799,0.0306017372307925,0.0001832363707835,0.0406187408384404,0.068,0.0601985320493418,-0.0020894145586949,0.0002097529156636,0.0457593568773416,0.0002097529156636,-8.941455869498904e-05,0.068,0.0601985320493418,-0.0020894145586949,0.0308608213547558,0.0310435984721986,-8.941455869498904e-05,0.0188150856155639,-7.383662850370583e-05
KI,-0.0059443301176319,-0.0059443301176319,0.0193687781109355,0.0083364670938002,0.0083364670938002,0.023550447405709,0.002,0.002,0.0310395560608228,0.0107767475181208,0.0616671512715178,0.0,0.0339191555748705,0.0,0.0127519007125905,-0.0182745825818209,0.0025300691443846,-0.0020884769154595,-0.0003991276256116,-8.568265859835537e-05,-0.0003991276256116,-8.84769154595455e-05,-0.0182745825818209,0.0025300691443846,-0.0020884769154595,0.0476634167721972,0.0116103216353775,-8.84769154595455e-05,0.0025300691443846,-9.475358555077752e-05
KP,-0.0289198429345316,-0.0289198429345316,0.0342401955541438,-0.013271918248578,-0.013271918248578,-0.0253915308686184,0.0020215014852746,0.0020215014852746,0.0179637067279779,-0.002,1.0750742637344324e-05,0.0,-0.0059565364286114,-0.0186654882296728,-0.0132969260218443,-0.072,-0.0224911294222376,0.0077316006186427,0.0131372628156564,-0.07,0.0131372628156564,0.0097316006186427,-0.072,-0.0224911294222376,0.0077316006186427,0.0115809071134327,-0.052959392471272,0.0097316006186427,0.0145641911782992,0.0150041755993137
KR,-0.021159305377236,-0.021159305377236,0.0164077408586482,0.0042902255603473,0.0042902255603473,-0.0081495528564727,-0.0668367500770652,-0.0668367500770652,0.0232604022664551,0.020758270905071,0.062242311048607,0.0240328742420747,0.0113394106945652,0.0349334566886981,-0.0485848855080659,-0.0599633139503815,-0.0050519030042031,0.0015373008228765,-0.07,0.0109509707191704,-0.0034473409924262,-0.00168213817992,-0.0599633139503815,-0.0050519030042031,0.0015373008228765,0.0116541476030747,-0.0190490328794442,-0.0004369933442772,-0.0451832390797672,0.0185481887592917
XK,0.0009990251902115,0.0009990251902115,0.0223000593827311,0.0303360042961021,0.0303360042961021,0.041062508564932,-0.0570386597938231,-0.0570386597938231,-0.0020852080884542,-0.072,0.0005601233116274,0.0003987192134254,0.0523609146568703,0.07,-0.0121656095204582,0.0028808919317513,0.002274723612339,-0.0021585399734557,0.07,0.0197881069187208,0.0493535355822733,-0.0001585399734557,0.0028808919317513,0.002274723612339,-0.0021585399734557,0.0254875185709028,0.0302031348795338,-0.0001585399734557,0.0059147255602786,0.0690180213564267
KW,0.0347074220139192,0.0347074220139192,0.02934916534793,0.0049741415085622,0.0049741415085622,0.0237820859452094,0.0017151186951505,0.0017151186951505,-0.0053019363059887,0.0338307619657309,-0.0139422147958828,-0.0173237501773446,0.0313490673702889,0.0293534009290554,-0.0071837642156058,0.0408469280304706,0.0664390671996777,-0.0031637291883904,-0.0008364525553532,-0.0094523195922964,-0.0008364525553532,-0.0011637291883904,0.0408469280304706,0.0664390671996777,-0.0031637291883904,0.0293489893822806,-0.0263023444838422,0.0380313944243702,0.0664390671996777,-0.0297598204126713
KG,0.0171034967523883,0.0171034967523883,0.054702934106012,-0.0588508395019241,-0.0588508395019241,-0.0494248232249054,0.072,0.072,0.068,-0.072,-0.0007693404794237,-0.00030624879934,-0.0525900433505341,-0.0274246565524129,-0.07,0.068,-0.07,0.0533104902571651,-0.07,-0.0428133146571624,-0.07,-0.07,0.068,-0.07,0.0533104902571651,0.0217090766546234,0.0557043659041371,0.0358510053119374,-0.07,0.0326888125925324
LA,0.0164918776740416,0.0164918776740416,0.0579072607308259,0.0327790226179525,0.0327790226179525,0.0256449586678768,0.0018698767790524,0.0018698767790524,-0.0027662692374888,0.0513673508220402,0.0004605971200805,0.0015333117938672,0.0630234999459948,0.0235299863229432,-0.07,0.068,-0.0164377482772011,-0.0020866187006738,-0.0094825239861794,0.07,-0.0018207907735109,-8.661870067383504e-05,0.068,-0.0164377482772011,-0.0020866187006738,0.0598679417807267,-0.011410090962342,-8.661870067383504e-05,-0.013762842731116,-8.237303440098802e-05
LV,-0.0034017347814608,-0.0034017347814608,-0.0314855773681256,-0.0077835255024515,-0.0077835255024515,0.0170491220154641,-0.068,-0.068,-0.0473108685490885,0.0411198494471839,-0.07,0.0586843140367965,-0.0300554471910319,-0.0110078709901332,0.0322424945585792,0.0216183649800141,-0.0127550061674515,-0.0190685631569451,0.0256057237394511,0.0167184137420763,-0.0404667302379756,0.0226696616771251,0.0216183649800141,-0.0127550061674515,-0.0190685631569451,0.0050623791423978,0.0201013462840964,-0.0168413138375501,0.0126623992421731,0.014031275541041
LB,0.004930397276231,0.004930397276231,-0.0010832367842935,0.0009883637031298,0.0009883637031298,0.0154407414414762,0.001980885860033,0.001980885860033,-0.0020881421843678,-0.0316732965331608,-0.0005811460766142,-4.993447479967328e-05,0.0024762906004271,-0.0002968350691102,-0.0003190851272743,-0.0015662103743657,0.0184277030432198,-0.0020703008401609,0.0021280989253633,-0.0005806338731104,0.0021280989253633,-7.030084016090843e-05,-0.0015662103743657,0.0184277030432198,-0.0020703008401609,-0.0172158147168459,-0.0035818396093755,-7.030084016090843e-05,0.0214588483321594,0.01675355254678
LS,0.0188733076803038,0.0188733076803038,0.0261495210701043,-0.0066166519774593,-0.0066166519774593,0.0156682959870912,0.002,0.002,-0.0471194831472722,-0.020424111762726,0.0086303548685688,0.0,-0.0417081085222265,-0.07,0.0043645652418861,0.0531967428367499,-0.0043102542492799,0.0077334344534414,-0.0001559972379278,0.0056640633968756,-0.0001559972379278,0.0097334344534414,0.0531967428367499,-0.0043102542492799,0.0077334344534414,-0.0030302513376676,0.040458321652672,0.0097334344534413,-0.0043268452736014,0.0150084881222444
LR,0.008046921090945,0.008046921090945,0.0001827839691331,0.0177493968613396,0.0177493968613396,-0.0232502984790254,0.0017124890415766,0.0017124890415766,-0.0479066377187025,-0.0040860689634284,-0.0001859942773192,0.0133061568401282,0.0021827839691332,0.0001827839691332,0.068992563114304,-0.0022476542200113,0.028467033337261,-0.0020786158444146,-9.91437936638806e-05,0.068992563114304,-9.91437936638806e-05,-7.861584441465341e-05,-0.0022476542200113,0.028467033337261,-0.0020786158444146,0.0138958496140217,-0.0109061184470934,-7.861584441465341e-05,0.028467033337261,-8.677086858838168e-05
LY,0.0023644779182795,0.0023644779182795,0.07,-0.0131695867671228,-0.0131695867671228,0.0033472045542131,0.0038087971012761,0.0038087971012761,-0.072,-0.072,0.0003149383703486,0.0238544096246348,-0.0650656253269122,0.0145809437314023,0.0003300528908417,-0.0145263885940712,0.0261552665102436,-0.0045354441613336,0.0148190740308044,0.0001036483889499,0.0148190740308044,-0.0025354441613336,-0.0145263885940712,0.0261552665102436,-0.0045354441613336,-0.017310901097661,-0.0435375679323458,-0.0617071760426715,0.0261552665102436,0.0150103860038477
LI,-0.0013717879951491,-0.0013717879951491,-0.0290205039614939,-0.0067979611624711,-0.0067979611624711,-4.3942518371337114e-05,0.0019199099106378,0.0019199099106378,-0.0020869262695085,-0.002,-8.119991483435118e-05,0.0,-0.0270205039614939,-0.0290205039614939,-6.451995344797234e-05,-0.002040045044681,-7.53189407663446e-05,-0.002,-8.805791032451271e-05,-8.328277806612938e-05,-8.805791032451271e-05,0.0,-0.002040045044681,-7.53189407663446e-05,-0.002,-0.0113274289583491,-6.16872233865892e-05,-0.0304122970474078,-0.0107289938155322,0.0224035162107665
LT,0.0087169108308406,0.0087169108308406,0.026649355675578,-0.0071286948739507,-0.0071286948739507,0.0474740855849957,0.0031785380109893,0.0031785380109893,-0.072,0.0419359409255012,-0.0234680030409833,0.0371574009936116,0.0133592635924356,0.0180863286757574,0.021768641949051,0.0168499192500479,-0.0270346028027331,0.0363354160452071,0.0419762683957828,-0.0427224372375579,-0.0158955088084161,0.0167439029577354,0.0168499192500479,-0.0270346028027331,0.0363354160452071,0.0229693445359402,0.0157821350197527,0.0150255541357122,-0.0143903663624232,-0.0028618917026687
LU,-0.0073898588832295,-0.0073898588832295,0.0084822808062278,-0.0004063772776508,-0.0004063772776508,-0.0176512379075984,-0.0129678211863524,-0.0129678211863524,-0.072,0.0345771201486115,-0.07,0.0,0.0287905074575723,-0.001592146206072,0.020783127311407,-0.0303340182941384,0.0129513418105388,-0.0047869001660888,0.0008401700565293,0.0655274094980455,-0.07,-0.0259434260662212,-0.0303340182941384,0.0129513418105388,-0.0047869001660888,0.0106504050527279,0.009963131058693,-0.0226105665317694,-0.0076550514659902,0.0669875938728262
MG,0.0297953995073609,0.0297953995073609,0.0264073860846839,0.0353647842409536,0.0353647842409536,0.0451352177109305,0.0014543405137578,0.0014543405137578,-0.072,0.000708513109467,0.0454888868228732,0.0397324823852687,0.072,-0.07,-0.0005676019603832,0.0405468990892089,0.0509122206615524,-0.0020729212286785,-0.0007881872538828,-0.0004679418075068,0.07,-7.292122867852413e-05,0.0405468990892089,0.0509122206615524,-0.0020729212286785,0.031361604567267,0.0235269823580362,-7.292122867852413e-05,0.0607762751569679,-7.905274328717793e-05
MW,0.0032402981195552,0.0032402981195552,0.0130915551755337,-0.0067245931643924,-0.0067245931643924,0.0364551658842452,-0.068,-0.068,-0.0160815787423803,0.0070476739608942,-0.07,-0.0003939432685432,0.0166169741510147,-0.07,-0.07,-0.0158081230875929,0.0178002344311391,0.0077287830151195,-0.0003389186706819,-0.07,0.0167558701762959,0.0097287830151194,-0.0158081230875929,0.0178002344311391,0.0077287830151195,0.01511423444707,-0.0598324620719621,0.0097287830151195,0.0177421763602213,0.0149954520113816
MY,0.0189679385284571,0.0189679385284571,0.0333596008143819,-0.0236249690603462,-0.0236249690603462,-0.0118004048935307,0.002,0.002,-0.0399840763471629,-0.072,0.0004255087618472,0.0514560651454935,0.0014131288365906,0.060145264269583,-0.001225411427283,0.0362102234323242,-0.0080043686750281,0.0286979608280752,-0.0002794838480426,-0.0437905859534049,-0.0002794838480426,-0.051842935276528,0.0362102234323242,-0.0080043686750281,0.0286979608280752,0.0231207694618777,-0.0024921532575265,0.0697732004022795,-0.008038282068948,-9.936688510175928e-05
MV,0.0127409920076941,0.0127409920076941,0.07,0.0180230238544328,0.0180230238544328,0.0666727449783134,0.0025454116131318,0.0025454116131318,-0.0179258619974656,-0.072,0.0420240511995845,0.0262913593894821,0.072,0.0005046659204407,-1.6572360295785682e-05,0.0372051840814209,0.0030893520973368,-0.0020715601556753,-5.601714616748632e-05,0.0002196727195741,-5.601714616748632e-05,-7.156015567538754e-05,0.0372051840814209,0.0030893520973368,-0.0020715601556753,0.0656655128248428,0.0571381587149868,-7.156015567538754e-05,0.0030893520973368,-8.412120905620935e-05
ML,-0.0032369331547961,-0.0032369331547961,0.07,0.0433032692682787,0.0433032692682787,0.07,-0.0208471557951132,-0.0208471557951132,-0.0005480333782386,0.0189840601946451,0.07,0.0006399237836534,0.072,-0.0007997437870814,0.07,0.0018697078049139,-0.0095121130282842,-0.002068394241018,7.841532639274451e-06,0.07,0.0312814713141331,-6.83942410180105e-05,0.0018697078049139,-0.0095121130282842,-0.002068394241018,0.0603296612161718,0.0556773479235937,-6.83942410180105e-05,-0.0067682912349045,-7.028463110653194e-05
MT,-0.0072675235983008,-0.0072675235983008,0.0431609601077553,0.0002590366813767,0.0002590366813767,0.0150188379256786,0.002,0.002,-0.044523015649849,0.0363687507665963,0.061316944679586,0.0502461185034563,0.0132958340200364,0.0405449063469378,0.061690744573547,-0.0221939906231195,0.0024649711247323,-0.0020735512965152,0.0,-0.0121861359980141,0.0,-7.355129651520631e-05,-0.0221939906231195,0.0024649711247323,-0.0020735512965152,0.0236852211646892,0.0158061338437067,-7.355129651520631e-05,0.0024649711247323,-0.0281248499606124
MH,0.0019648030364435,0.0019648030364435,0.0324446195928601,-0.0086095516839624,-0.0086095516839624,-0.0185555905013463,-0.0232019939188424,-0.0232019939188424,-0.0020827634503548,0.002550650790284,-0.0126538248062401,-0.0001760391552454,-0.0257811101556063,6.044170436592111e-06,-0.0127239829396694,0.0080590507113805,-8.263547719866704e-05,-0.0020820061248513,-8.33342157663397e-05,-0.0084917562396256,-8.33342157663397e-05,-8.20061248513193e-05,0.0080590507113805,-8.263547719866704e-05,-0.0020820061248513,0.0142496689986098,0.0100590507113805,-8.20061248513193e-05,-8.286839005455793e-05,-7.439348669624479e-05
MQ,0.0096492064631784,0.0096492064631784,0.07,0.012144807624157,0.012144807624157,0.0340891177907657,0.0017309234751378,0.0017309234751378,-0.0020922182778301,0.0153489804484761,-0.0020535933834871,0.07,0.050838864559347,0.07,-0.0022053079858663,-0.0039095556056346,0.0349506691456998,-0.0020934941505299,-9.866170860028944e-05,-0.0020674782035887,-9.866170860028944e-05,-9.349415052994914e-05,-0.0039095556056346,0.0349506691456998,-0.0020934941505299,0.0461534128227693,0.0110081589345816,-9.349415052994914e-05,0.0232675588609331,-7.92409570826158e-05
MR,0.0121759221198204,0.0121759221198204,0.0504546531299715,0.017641442128087,0.017641442128087,0.07,0.00071703865411,0.00071703865411,0.0133584295603181,-0.0109496169504811,-0.0013277088545634,-6.048255429347282e-05,0.072,0.0002104367372171,0.046550800203965,0.0234707189291303,0.0151533094143512,-0.0020962619840203,-0.000348597775395,-0.0009893717282363,-0.000348597775395,-9.626198402035158e-05,0.0234707189291303,0.0151533094143512,-0.0020962619840203,0.0427261909288187,0.0668237301443701,-9.626198402035158e-05,0.0151533094143512,-8.36686424688926e-05
MU,-0.0166061405849113,-0.0166061405849113,0.0220916366560858,0.0080500908871517,0.0080500908871517,0.0161674735360152,0.0019830840045659,0.0019830840045659,-1.174895229483046e-05,-0.0137886064230475,0.0044638277908575,0.0558522095511361,-0.002764381784092,-0.0331240891067854,-0.0049629117840278,0.0222163028454067,-0.0699700533091171,-0.0020646712910237,-0.0005997522629985,0.0356291688867211,-0.0005997522629985,-6.467129102372127e-05,0.0222163028454067,-0.0699700533091171,-0.0020646712910237,0.0043752367076065,0.0073184252157839,-6.467129102372127e-05,-0.06185333109506,-9.659468882872169e-05
MX,-0.0558040588031543,-0.0558040588031543,0.0276792521042463,-0.0310935805533727,-0.0310935805533727,-0.0158428519154486,-0.0525073089932424,-0.0525073089932424,0.0141700232044117,-0.0051599575326213,-0.0526664504037318,-0.07,-0.0215590054771744,0.026737462082911,-0.041490273473242,-0.072,-0.038674037491924,-0.056738138917539,-0.0336925763255571,-0.0657216813025308,-0.033692576325557,-0.0034010591082286,-0.072,-0.038674037491924,-0.056738138917539,0.0209513506819749,-0.0577257171967304,-0.0630243968168366,-0.0386740374919238,0.07
FM,-0.0131710107395473,-0.0131710107395473,-0.0084200398099111,0.0131878440256688,0.0131878440256688,0.0056269396308911,0.0164272403020512,0.0164272403020512,0.0490995655600153,0.0197587571476557,0.0065183008268354,0.0386246664096365,0.0475917282336494,-0.000335634731112,0.0024435988874786,0.0052136201510256,-0.0426520070045809,-0.0020746453650867,0.0004830791263688,0.0047512141077438,0.0004830791263688,-7.464536508672293e-05,0.0052136201510256,-0.0426520070045809,-0.0020746453650867,0.0234866889935131,0.0030806853843624,-7.464536508677844e-05,-0.0271778251522605,-9.639321951665504e-05
MN,-0.0061100889919506,-0.0061100889919506,0.0602599189030248,-0.0090262924593901,-0.0090262924593901,0.0572122945452465,0.0021117517205431,0.0021117517205431,-0.0680348140274618,0.068,0.0080575282858826,-0.0007942691454295,0.0021839183551903,0.04880922314909,0.0036681759281997,-0.0023412587124432,0.0208081855048415,-0.0367971937682503,0.0001355110058536,-0.0036274054303544,0.0001355110058536,-0.0347971937682503,-0.0023412587124432,0.0208081855048415,-0.0367971937682503,0.0463058821227469,0.0240931903106355,-0.0347971937682503,0.0208081855048415,0.0193048594817568
ME,-0.0323573168758144,-0.0323573168758144,0.0042986305207531,0.0363988705570827,0.0363988705570827,0.0599358427339795,0.072,0.072,-0.0020635334756892,0.0620111558259699,0.07,0.0,0.072,0.0216969572615274,-0.0655060590587352,-0.072,-0.0230106102057065,-0.0020613404217367,-0.07,0.0397524381095273,0.0339043845405404,-6.134042173672194e-05,-0.072,-0.0230106102057065,-0.0020613404217367,0.025647408805828,0.0432555251292858,-6.134042173672194e-05,-0.0155990031437615,-8.000539312025268e-05
MS,0.0166680684304038,0.0166680684304038,0.0036483032303077,0.0044524412388932,0.0044524412388932,-0.07,0.0026007954908019,0.0026007954908019,-0.002072138405058,-0.072,0.0002561428533066,-0.0591772602913768,0.0182574229363648,0.0027722320336618,-2.701660590762045e-05,0.0521661146278532,-8.833170698482884e-05,-0.0020735776296567,-8.74217819848977e-05,-0.0002866585691501,-8.74217819848977e-05,-7.357762965676251e-05,0.0521661146278532,-8.833170698482884e-05,-0.0020735776296567,0.0069176232987823,0.0541661146278532,-7.357762965676251e-05,-8.802839865151846e-05,-9.435794472723023e-05
MA,0.0148164115478654,0.0148164115478654,0.0252704736266007,0.0262436992957344,0.0262436992957344,0.019720895299024,0.0592593602856132,0.0592593602856132,0.0032725735690265,0.034793810328962,0.0003544840586988,0.0012537307195573,0.0188660985774877,0.0090290318731622,0.0239529619906899,0.0270838520930352,0.0199697116360557,-0.0026043290854944,-0.0003651467778596,0.0355149665999313,0.051198061091013,-0.0006043290854944,0.0270838520930352,0.0199697116360557,-0.0026043290854944,0.0205853814038623,0.0212906113538389,-0.0191952910776008,0.0382785736640588,0.07
MZ,0.0537649822941378,0.0537649822941378,0.0237944983061035,0.0180356463149862,0.0180356463149862,0.0685690576719749,0.0024602120165223,0.0024602120165223,-0.0029329858933559,-0.072,-0.07,-0.07,-0.068,-0.07,0.0023119055288412,0.068,0.0252949468824135,0.068,0.000142585259945,0.07,0.000142585259945,0.07,0.068,0.0252949468824135,0.068,0.0082493787813306,0.07,0.0290550491667872,0.0255138322338005,0.0007214191241832
MM,0.0347994571671692,0.0347994571671692,0.07,0.0086702496257293,0.0086702496257293,0.0203177842345527,-0.068,-0.068,-0.0057215632599852,-0.072,0.0007137858082745,0.07,0.0490286615549753,-0.0006283116791511,-0.0495445920303605,0.068,0.0385919338727333,-0.0021935623712254,-0.0003531462024836,0.0403372314317288,0.015315105516213,-0.07,0.068,0.0385919338727333,-0.0021935623712254,0.0309091221025676,-0.0134846599718922,-0.07,0.017917757371623,-0.0017071180517587
NA,0.0103597112078323,0.0103597112078323,0.0230559301874646,0.0030201809552018,0.0030201809552018,0.0052312369225786,0.0024247269624024,0.0024247269624024,0.068,0.0665563996955989,-0.07,0.0352262398733619,-0.0090759847154195,0.0172948267427235,0.0466391113559767,-0.0015613966454369,0.0347578269333543,-0.0021172966644202,-0.00056309479891,0.0218370999995571,-0.00056309479891,-0.0001172966644202,-0.0015613966454369,0.0347578269333543,-0.0021172966644202,0.0060265875008625,0.0249426640137015,-0.0001172966644202,0.0426504444038141,0.07
NR,0.0131448667956618,0.0131448667956618,0.07,0.0179532011898138,0.0179532011898138,0.0009368232258946,0.0020798234313094,0.0020798234313094,-0.0020775250446042,0.0346717370324535,0.0001410760689325,-0.0037785377950587,0.072,0.0,0.0010129118735814,0.0416087299270191,-7.210365584184308e-05,-0.0021020258841916,-5.588181599258668e-05,-2.9287540560381704e-05,-5.588181599258668e-05,-0.0001020258841916,0.0416087299270191,-7.210365584184308e-05,-0.0021020258841916,0.0699999999999999,-0.0048692411419537,-0.0001020258841916,-6.669637589209095e-05,-8.341066679673492e-05
NP,0.0130648991468524,0.0130648991468524,0.07,0.0317313960811806,0.0317313960811806,0.0376382456632293,0.002,0.002,-0.0297400066897128,0.0181372239392199,0.0,0.0,0.072,0.07,0.0441119191898393,0.0659792114853348,-0.0244544372083342,-0.0023300768364432,-0.0336930755818685,0.07,-0.0147443388388339,-0.0003300768364432,0.0659792114853348,-0.0244544372083342,-0.0023300768364432,0.0699999999999999,0.0600432145324486,-0.0003300768364432,-0.0240127282179341,0.0292471565826313
NL,-0.0486292575498045,-0.0486292575498045,-0.0183123716996267,0.0034395297033333,0.0034395297033333,0.0070978859723387,-0.0294879665932199,-0.0294879665932199,-0.0259120763804448,-0.0061997022364718,-0.0385801978572301,-0.0122318145418443,-0.0133816556168908,0.0105539860757934,0.0047187736823871,-0.0207856513114806,-0.0693618984264843,-0.0557402229114485,0.07,0.0060208547779004,0.07,-0.0488810803476761,-0.0207856513114806,-0.0693618984264843,-0.0557402229114485,0.0009755386520396,-0.0002978100909399,-0.0417199316374877,-0.0400271598967502,-0.03973611352401
NC,-0.013073802765496,-0.013073802765496,0.0118073829468137,0.0010295306964636,0.0010295306964636,0.0028064353065483,0.0022993141492626,0.0022993141492626,0.0197874014942073,-0.0103908154920821,0.067657029933476,0.07,0.0024197076960337,-7.990707906357919e-05,0.0082711379735553,-0.0195059941589263,-0.0176299359863281,-0.0020854781512334,-0.0251489152921599,0.0269328085332143,-0.0251489152921599,-8.547815123349789e-05,-0.0195059941589263,-0.0176299359863281,-0.0020854781512334,0.0154204036254186,-0.0065614955527519,-8.547815123349789e-05,-0.0191199497408617,0.0227496209449664
NZ,0.013102142504553,0.013102142504553,-0.0284324195665005,0.0065584216234216,0.0065584216234216,0.0082118897654113,-0.0048754254527542,-0.0048754254527542,0.0278886150855642,0.0045860184083827,-0.0497354795906458,-0.0231242720729823,-0.0338496398403717,-0.028022715544841,0.0074753115459406,0.033161104597005,-0.0097628029928318,0.0159081259094859,0.0003554562186329,0.0560171778793384,0.0003554562186329,0.0037106922360869,0.033161104597005,-0.0097628029928318,0.0159081259094859,-3.959705546223475e-05,0.0207870619386186,0.0112527438860222,0.00443496975847,0.0168033502598258
NI,0.0039207147142307,0.0039207147142307,0.0190652994819007,0.0031835621327611,0.0031835621327611,0.0340699765484576,0.002,0.002,-0.072,-0.0319009175778926,0.0315979448181584,0.0,0.0170929276633637,0.0302603334604001,0.0352225981867914,0.0424941041683855,-0.026538813902604,-0.0041931461230891,0.0184853750585958,0.035783893474115,-0.0379494264833448,-0.0021931461230891,0.0424941041683855,-0.026538813902604,-0.0041931461230891,0.0167657195129569,0.0356240346193583,-0.0021931461230891,-0.0269052968577907,-0.0013174068289162
NE,0.0138848234535782,0.0138848234535782,0.0388113639271432,0.0303981859885055,0.0303981859885055,0.0307957643193203,0.0025613555337529,0.0025613555337529,-0.013400085108308,0.0423048510797929,-0.0011938602842412,0.0,0.072,0.0326301765446628,-0.0005969301421206,0.068,-0.0242764394224978,-0.0020690902167673,-0.0326683742013773,0.07,-0.0203381658292103,-6.90902167673757e-05,0.068,-0.0242764394224978,-0.0020690902167673,0.0525301480995494,0.0332093249606906,-6.90902167673757e-05,-0.0236232841911765,-8.23106716751898e-05
NG,0.0043627978856635,0.0043627978856635,0.0208395670127576,0.0117551227352607,0.0117551227352607,0.0303839041066833,0.0336047838040061,0.0336047838040061,-0.072,0.0479547847657249,0.0660128273282218,-0.0520114228131937,0.0246706361542849,0.0,0.0117545150079763,0.068,0.0170883936569906,-0.072,0.0,0.0048438959154634,0.0175059588712944,0.0,0.068,0.0170883936569906,-0.072,0.018568076108536,0.0519426303388741,-0.0081989067881224,-0.0018167181694039,0.015020186979232
NU,-0.0117552134250039,-0.0117552134250039,0.0094616496109058,0.0102307039336438,0.0102307039336438,0.0182567871779809,0.0020582673060135,0.0020582673060135,0.0208839880236917,0.0050371651852014,-0.0405154011971751,0.0013492041559884,0.0090024550568128,0.0,0.0475280635230718,0.0018028956302619,-0.0349789840934893,-0.0020895518117844,0.0009018550812395,0.0311080574083076,0.0009018550812395,-8.95518117844385e-05,0.0018028956302619,-0.0349789840934893,-0.0020895518117844,0.0107556093016264,0.0287630539917488,-8.95518117844385e-05,-0.0349789840934893,0.0067935316373565
MK,0.0016173656149607,0.0016173656149607,0.0008741250835383,-0.0098827907831252,-0.0098827907831252,0.0446654555265103,-0.0515191889890204,-0.0515191889890204,-0.035664800076675,0.0132978086580672,-8.548643345157592e-05,0.0005193381403612,0.030468836867499,0.0104559428449539,-0.0094029421248346,-0.0497883149445349,-0.0133595882105828,0.068,0.0089592537875902,-0.07,0.07,-0.07,-0.0497883149445349,-0.0133595882105828,0.068,0.0096532227696628,-0.0139909588976557,0.0340090176754422,-0.0107946191527677,0.0218104295833677
MP,0.0004368335005411,0.0004368335005411,-0.0178214308682032,0.0006325449254041,0.0006325449254041,-0.01386222828439,0.0026459484556929,0.0026459484556929,0.068,0.0032984305291146,0.0002843682089498,0.0224568159275053,0.0023446353931501,0.0003446353931501,0.0013439253512567,0.0034737007649553,-7.70510023332116e-05,-0.0020861492609985,-7.950504353015919e-05,0.0003511986129951,-7.950504353015919e-05,-8.614926099853593e-05,0.0034737007649553,-7.70510023332116e-05,-0.0020861492609985,-0.0303123832950406,0.0049707074521102,-8.614926099853593e-05,-7.786901606552747e-05,-8.458212789219655e-05
NO,-0.0438501967678771,-0.0438501967678771,-0.0256672001427787,-0.030067653176389,-0.030067653176389,-0.0303345266698598,-0.0413025875059064,-0.0413025875059064,-0.0055236910698654,-0.0186741854131183,-0.0314766730950105,-0.0057057371789662,-0.02864461369697,-0.0146740144236897,0.0084921492757872,-0.072,0.0083330613279142,-0.0678836516315458,0.0,-0.017353179047572,-0.004272819961014,-0.07,-0.072,0.0083330613279142,-0.0678836516315458,0.0080041923256501,-0.027032710818541,-0.0105252059509007,0.0105485266633394,0.0549171250511888
OM,0.0154223710291519,0.0154223710291519,0.0375498717234992,0.0281168343486093,0.0281168343486093,-0.0091106111673733,0.0026768490096177,0.0026768490096177,0.0174778445207018,-0.042072225874165,0.0078435916853328,0.07,0.0492109025344644,0.0430872888971521,0.0040706492461456,0.0255391416923413,0.0227279713951145,-0.002,0.0001888456331669,0.0052290611235552,0.0001888456331669,0.0578385281032507,0.0255391416923413,0.0227279713951145,-0.002,0.0440668989326461,0.0470438464523414,0.0183173896169342,0.0227279713951145,-8.560603109786236e-05
PK,0.0123771151273155,0.0123771151273155,0.042272472750122,0.0367682714462745,0.0367682714462745,-0.0340783329836416,0.0303785088806538,0.0303785088806538,-0.0300496266450262,0.0203001004128513,0.0003346501552729,-0.07,0.0528030987244358,0.0210086352090632,-0.07,0.0589223073279758,0.0024000214919674,-0.0241909834379966,0.0106451355444098,0.033134808884116,0.0132137966241999,0.0479213815523461,0.0589223073279758,0.0024000214919674,-0.0241909834379966,0.035134701334479,0.0336296587919705,-0.039177836934015,0.0027575580265492,-0.0297638065584028
PW,-0.0069804115296322,-0.0069804115296322,0.037415630550705,0.0019829541817392,0.0019829541817392,-0.0205002906171967,0.002,0.002,-0.0020854616886979,-0.0326474581730154,0.0168279752973826,0.0042847443705035,0.0019760335612117,-0.0002438839857089,0.0058019954833451,0.0001423721852517,-0.0189991878183238,-0.0020844189558246,-8.664011067249788e-05,0.0061268422322424,-8.664011067249788e-05,-8.441895582467218e-05,0.0001423721852517,-0.0189991878183238,-0.0020844189558246,0.0261703908180848,0.0062869574584799,-8.441895582467218e-05,-0.0189991878183238,-7.52256877072921e-05
PA,0.0257445852148597,0.0257445852148597,0.0308359278283976,0.0230450976868299,0.0230450976868299,0.0316564105191409,0.0026969746667595,0.0026969746667595,0.0020370221686846,0.0420632626917051,0.0008308755288974,-0.07,0.0308401898553782,0.07,-0.0332697981867753,0.068,0.0112353605790097,-0.0020016049344304,0.0150073177525256,0.0463344880738464,0.0150073177525256,-1.6049344304103208e-06,0.068,0.0112353605790097,-0.0020016049344304,0.0553552721240566,0.0102431992005453,-1.6049344304103208e-06,0.0093839565381222,-2.4929475746393592e-05
PG,0.0154493351983767,0.0154493351983767,-0.0006232810089605,0.0265706162168084,0.0265706162168084,0.0088864688280221,0.002,0.002,0.0442978600738592,0.0113577751871788,-0.0008214228591712,-0.0103874787703441,0.072,0.0420884579858049,0.0015603897296692,0.068,0.0127338586111962,-0.0343858530160659,0.0126377923835692,0.0540305254997306,0.0126377923835692,-0.0323858530160659,0.068,0.0127338586111962,-0.0343858530160659,0.0163229142750523,0.0291342179055875,-0.0323858530160659,0.0127338586111962,-0.0297510860014887
PY,-0.012410694373613,-0.012410694373613,0.0451533329850247,0.0017563277357731,0.0017563277357731,0.0487472813433706,0.0016307169811464,0.0016307169811464,0.0008286151991925,0.045927023141306,-0.001136762115951,0.0005834587199605,0.0489123807886746,0.0002001225385167,-0.0006242435637293,-0.0018929121494465,-0.0332525469898324,-0.00208662398156,0.0,-0.07,0.0281995541359778,-8.662398156000783e-05,-0.0018929121494465,-0.0332525469898324,-0.00208662398156,0.0417153527524741,-0.0052214632368591,-8.662398156000783e-05,0.0020806659886376,-8.016445895370206e-05
PE,0.0364114772029735,0.0364114772029735,0.0250418581410535,0.0140218259768948,0.0140218259768948,0.0623600315813534,0.072,0.072,0.0679999999999999,-0.0450134909400252,0.0405629818721217,0.0406863348435368,0.013319337792667,0.0417615988292218,0.0060846729492865,0.0072397003409385,0.0339947312679819,0.068,-0.0095222610917127,-0.0298541104510685,0.042272838741624,0.030349237824357,0.0072397003409385,0.0339947312679819,0.068,0.0253445091809408,0.0009101394501592,0.0447772542043906,0.0307320304702758,0.07
PH,0.0141023408438634,0.0141023408438634,0.0526027581202811,0.0208720751870296,0.0208720751870296,0.0298634558921683,-0.068,-0.068,-0.0247736008923025,0.0074648689468566,0.0127655580279637,-0.0334995126200506,0.0160718296896048,0.07,0.0228914706681422,0.0467390975976005,0.0009660738672228,-0.0053981489332329,-0.0010970991233919,0.0674523751228644,0.0033622448688822,-0.0033981489332329,0.0467390975976005,0.0009660738672228,-0.0053981489332329,0.0397567480818821,0.0530188847350267,-0.07,0.0002936633292483,-0.0001061256618023
PL,0.0225341320816981,0.0225341320816981,0.0070627602540598,-0.0047333854913386,-0.0047333854913386,0.0458307756414491,-0.0094798038016155,-0.0094798038016155,0.0518787126292956,0.0679952090336225,-0.07,0.0518398432216049,0.0194138260378857,0.0171108045318741,0.0266480075532651,-0.0065530863394665,0.0559237584102272,0.0182317241743337,-0.0111530503237732,-0.0044121720324669,-0.0097501005940531,-0.0241850953767203,-0.0065530863394665,0.0559237584102272,0.0182317241743337,0.0167168451224315,0.0154275177829507,0.0103032637410728,0.0384193801709067,-0.0150477989547077
PT,-0.0019156479371319,-0.0019156479371319,-0.0196818811811427,-0.0018295442374038,-0.0018295442374038,-0.0038866565830534,-0.0445455839146941,-0.0445455839146941,0.0244292503366356,0.052695780839111,-0.0594199078735329,0.0038196543791173,-0.0376769313645914,-0.0086466730901364,-0.0102837474014325,-0.0425218273105841,0.0355952904335864,0.001179593065602,-0.0284599265779179,-0.0046625869058994,0.0393437974217396,-0.004322456100864,-0.0425218273105841,0.0355952904335864,0.001179593065602,0.0032094574579052,-0.0257271704403393,0.0077547081665165,0.0374133645981112,-0.0204557306916056
PR,-0.001327655114416,-0.001327655114416,0.0091134608098849,-0.0039973314103429,-0.0039973314103429,4.909817425235996e-05,0.0019526225710809,0.0019526225710809,-0.0020791659786154,-0.0015937599628105,-5.843201069172243e-05,0.0004062400371894,-0.015750708046734,-0.0092780415159007,5.145144798293644e-05,-0.0018205686958647,-8.349695999670947e-05,-0.0020788996873867,-9.724252065479444e-05,-6.247538659624279e-05,-9.724252065473892e-05,-7.889968738672426e-05,-0.0018205686958647,-8.349695999670947e-05,-0.0020788996873867,-0.008423782922758,6.372614542450205e-05,-7.889968738672426e-05,-8.807881354940446e-05,-5.827215230436167e-05
QA,0.0058859019708258,0.0058859019708258,0.0529091653935734,0.0114483747628649,0.0114483747628649,0.0168093717247672,0.0023203362530689,0.0023203362530689,-0.002118902800657,0.0084519882278808,8.416008800624097e-05,0.0,0.0549095215498457,-0.000384458447815,3.0429253180433435e-05,0.0131850797670869,0.0063127845518558,-0.0018401584064652,0.0,-0.0092758640919207,0.0,0.0001598415935347,0.0131850797670869,0.0063127845518558,-0.0018401584064652,0.0431124365965127,0.0151850797670869,0.07,0.0063127845518558,-0.000156683993632
MD,-0.008223567773474,-0.008223567773474,0.0119192559795238,-0.0130389670899954,-0.0130389670899954,0.0452151802906067,-0.0628087521496812,-0.0628087521496812,0.0056791001842146,0.068,-0.07,0.0005061019922851,0.0306932745452659,0.0588860746781097,0.0695949185703656,-0.0246964627283469,0.0040093984100293,-0.0039836390021044,-0.0645609273362192,-0.07,0.0262892256012757,-0.0391383685065236,-0.0246964627283469,0.0040093984100293,-0.0039836390021044,0.0137771161167104,0.0421541673899925,-0.0082777204057363,0.0042832735152453,-0.0246900759665148
RO,0.0115860277909484,0.0115860277909484,0.0207247089769413,0.0196120614738121,0.0196120614738121,0.0317566774375696,-0.0188065149017064,-0.0188065149017064,0.034786795902181,-0.0528526096221138,0.0214873629211129,-0.0194218757287522,0.0152540749726186,-0.0366312357586365,0.0364423120209859,0.023447735206953,0.0043362785815095,0.0069740695843828,-0.07,0.0012226934834767,0.0617125033016351,0.0002589741375181,0.023447735206953,0.0043362785815095,0.0069740695843828,0.0239709221027808,0.0449767853944455,0.0102486558947286,0.0029463096713621,-0.0348138919895449
RU,0.0296388853807325,0.0296388853807325,0.0274762336724988,0.0196835305282737,0.0196835305282737,0.0201673645639626,0.072,0.072,-0.0200846722217947,-0.0202105520159066,-0.0645740101775459,0.0414050206130148,0.009068398092955,0.0374139832452691,-0.0059019453601844,0.0618085536214422,-0.0283738286260403,0.0554819311467958,-0.07,-0.023725620456955,0.0233913444770949,0.07,0.0618085536214422,-0.0283738286260403,0.0554819311467958,0.0102923595136579,0.049163283041486,0.0477530371915028,-0.0034605891298567,-0.0046916049120363
RW,0.0317998915550931,0.0317998915550931,-0.0664189941056282,0.0234004037452981,0.0234004037452981,0.0647067627095901,0.0012977445824064,0.0012977445824064,0.0536018719706342,0.0382211652009465,0.0003579232790371,0.0,0.0719615763212137,-0.0010641902110748,0.0002053016659874,0.068,0.0203220666052339,0.0070776080600455,0.0120067092608432,0.0005557213390901,0.0120067092608432,0.0090776080600455,0.068,0.0203220666052339,0.0070776080600455,0.0586925206712441,0.07,0.0090776080600455,0.02068290653022,-9.097008446416292e-05
BL,0.0009072313697428,0.0009072313697428,0.0278463670982099,0.0055398536632023,0.0055398536632023,0.0059855950691713,0.0011563803855465,0.0011563803855465,-0.0020765807329287,-0.0036313613636338,0.0488721688308461,0.0071354134882842,0.0252345861659657,-0.0003435004774581,0.0390958757291055,0.0049138057187523,-9.39611678886787e-05,-0.0020981504416351,-8.274994098034227e-05,-0.0028942711305407,-8.274994098034227e-05,-9.815044163519192e-05,0.0049138057187523,-9.39611678886787e-05,-0.0020981504416351,0.0267539740136697,0.0186022088702123,-9.815044163519192e-05,-9.39611678886787e-05,-8.556581458746271e-05
MF,-0.0040971295006485,-0.0040971295006485,-0.0098610945565233,-0.0204476169344141,-0.0204476169344141,-0.0270468499073045,-0.0254985446418699,-0.0254985446418699,-0.0270220078157895,0.002702661335814,-0.0350232905829897,-0.0022324864235197,-0.00513013969048,0.0004943825383211,-0.0076682125596188,-0.0023238432684432,0.0268325258699617,-0.0368000711034642,-0.030750164184464,-0.011110092759248,-0.030750164184464,-0.0348000711034642,-0.0023238432684432,0.0268325258699617,-0.0368000711034642,-0.011565169143838,-0.0003238432684432,-0.0348000711034643,0.0268325258699617,-0.0297639622607675
WS,-0.0091469244114246,-0.0091469244114246,0.0626194661677854,0.0255366359770932,0.0255366359770932,0.0254602826312656,0.002,0.002,0.0329601551504765,-0.0010621440411926,0.07,0.0009378559588073,0.0460990770101401,0.0,0.0048770998582103,0.0043235592341401,-0.029668230912783,-0.0020961015556311,0.0006066653117698,-0.0138564315461359,0.07,-9.610155563116728e-05,0.0043235592341401,-0.029668230912783,-0.0020961015556311,0.0488845547465583,0.0201343051460031,-9.610155563116728e-05,-0.0300621315052089,0.0354657391493574
ST,0.0261905984626955,0.0261905984626955,0.0381956476661476,0.0278953351065568,0.0278953351065568,0.0101224416870171,0.002059140974675,0.002059140974675,0.0098779492601717,0.0302649703381623,-1.9901785251214e-05,0.0,0.0428073583460943,-0.0002714388531092,0.0378335843640406,0.0672999985817384,0.0133545421534104,-0.002082745347062,-0.000103176636779,0.0689599040639741,-0.000103176636779,-8.274534706215197e-05,0.0672999985817384,0.0133545421534104,-0.002082745347062,0.0405058989331377,0.0423458289652411,-8.274534706209646e-05,0.013359549488702,-8.011977333988174e-05
SA,0.0107526312256827,0.0107526312256827,0.0168875838911757,0.0041904876824141,0.0041904876824141,0.0099413000907559,0.002,0.002,0.0075875189970573,0.0220835234498214,0.000456810283389,-0.0125304218797023,0.0143411315923527,0.0299188061825217,0.0003007366574952,0.0155434396781972,0.0189113708878765,-0.0021969168890256,0.0024233925827561,0.0001943434435733,0.0024233925827561,-0.0001969168890256,0.0155434396781972,0.0189113708878765,-0.0021969168890256,0.0288065203419122,-0.0089018655027885,0.007317104347713,0.0189113708878765,-0.0002098956638865
SN,0.0154587995104207,0.0154587995104207,0.07,0.0072077646455762,0.0072077646455762,0.0561036446629322,0.002,0.002,-0.072,-0.0491150518469244,0.0001670442709335,0.07,0.0111290318175176,0.07,8.352213546675147e-05,0.068,0.0151861616958322,-0.03680976316457,1.1940572895108303e-05,0.0524998493564624,1.1940572895108303e-05,-0.03480976316457,0.068,0.0151861616958322,-0.03680976316457,0.0520045616774017,0.0282737879740393,-0.03480976316457,0.0151861616958322,-0.0297643811684052
RS,0.0147404650584677,0.0147404650584677,-0.0017206390813154,0.0161098450292301,0.0161098450292301,0.0445862064442187,0.0400085680730838,0.0400085680730838,-0.0020824091161824,0.0674297418472281,-0.0123615821832127,0.0349348138747187,0.0079307469907408,0.0170507440981408,-0.0527255557643433,-0.0660751920392983,0.0578088943659998,0.0524876928487016,-0.0162161748000692,0.0142002014198052,-0.0276915682936256,0.07,-0.0660751920392983,0.0578088943659998,0.0524876928487016,0.0029929734761542,-0.0296575911709722,0.0228550440986999,0.0465036743827497,0.0029450425095169
SC,-0.0077745344967631,-0.0077745344967631,0.0438217867755763,0.0039309233703341,0.0039309233703341,0.0594904976660369,0.0019216208815935,0.0019216208815935,0.0676134626004875,0.0307396324635205,0.0005569532713713,-0.06848858629308,0.0695618080925319,0.0,0.000982253041648,0.0032869861330605,-0.0245134006541498,-0.0020971889692001,-0.0239433787129803,-0.0297975469290147,-0.0239433787129803,-9.718896920019038e-05,0.0032869861330605,-0.0245134006541498,-0.0020971889692001,0.0329491240520319,0.0512572357339532,-9.718896920019038e-05,-0.0245134006541498,-8.575898995794029e-05
SL,-0.0217730617885963,-0.0217730617885963,0.07,0.0213732466775019,0.0213732466775019,0.0361964679685002,0.002,0.002,-0.0020772339378168,-0.072,-0.0001860251823145,-0.0321355279120818,0.072,-0.0005606472444656,-0.0082830542757321,-0.072,0.008777962248594,-0.0020971476143831,0.0132568850577452,0.0003332492666456,0.0132568850577452,-9.71476143832306e-05,-0.072,0.008777962248594,-0.0020971476143831,0.07,-0.000114617577198,-9.71476143831751e-05,0.0106294962751244,-9.0332793055925e-05
SG,-0.0062976703557247,-0.0062976703557247,0.0198464144014973,-0.0050514770208725,-0.0050514770208725,-0.0140196799824178,0.0026036186130062,0.0026036186130062,0.0085075482095821,0.005992441414533,-0.0031828231412346,0.02221174555017,0.0186705261326494,0.0,0.0018329192565758,-0.0092403987079154,-0.0157666025111501,0.0061139901518914,-0.0307382023939224,-0.010496938423497,-0.0307382023939224,0.0023587066012799,-0.0092403987079154,-0.0157666025111501,0.0061139901518914,0.0167578109340701,0.0022091906369328,0.0136617916738679,-0.07,9.209329712289716e-05
SX,0.0051750062291403,0.0051750062291403,0.0055612309765676,-0.0062155767538717,-0.0062155767538717,-0.0007866900775912,-0.0010874522601893,-0.0010874522601893,-0.0020844104938511,-0.0302440363593935,-0.0035859998899681,0.0019030818066073,-0.0216749882695473,-0.0001864666086827,-0.0009012048521428,0.0177014898128402,-8.803832328316274e-05,-0.0020884328021359,-8.867526707367901e-05,-0.0030102106767299,-8.867526707367901e-05,-8.84328021359404e-05,0.0177014898128402,-8.803832328316274e-05,-0.0020884328021359,-0.0147232027138527,0.0042304844890582,-8.84328021359404e-05,-8.803832328316274e-05,-7.15331993113022e-05
SK,-0.0257792750034677,-0.0257792750034677,0.0086009745668965,0.0073776129673599,0.0073776129673599,0.0204828014072437,0.0016685449953939,0.0016685449953939,-0.0036970738861779,-0.0351365922421356,-0.0040326411018314,0.0,-0.0128815042590704,-0.0210200590773572,-0.0200245743228718,-0.0148250832381843,-0.0575936400346366,-0.0049191017375821,0.07,0.0099999999999999,0.07,-0.0376080438714895,-0.0148250832381843,-0.0575936400346366,-0.0049191017375821,0.0061859749003553,-0.0153383540489433,-0.0107106643978197,-0.0413858276825376,-0.0227393886063152
SI,-0.0339766555359283,-0.0339766555359283,0.0065167076465683,-0.0236088989971682,-0.0236088989971682,0.0069515193760184,-0.0421328416606464,-0.0421328416606464,-0.0644657525251314,-0.0356725672780947,1.1050712066335013e-05,0.0096369830777314,-0.004045586095887,-0.07,-0.0022514778138216,-0.0488507166438159,-0.0385937356531306,-0.0144855143108384,0.0006074458333986,-0.0612397179704998,-0.07,0.0408497080777141,-0.0488507166438159,-0.0385937356531306,-0.0144855143108384,0.0068909003866878,-0.0351342292562983,0.0031545941449575,-0.0279063168300841,-0.008208428114714
SB,-0.0329747791552881,-0.0329747791552881,0.0398173266680615,-0.005115495401817,-0.005115495401817,-0.0368308188748813,0.002,0.002,-0.072,-0.0538196218797865,0.0045298983542734,-0.0173857743062423,0.0070876653537644,0.0173072173423426,0.007291405566622,-0.072,-0.0248364585568082,-0.0020878789090562,-0.0279594398031172,0.0004976717511406,-0.0279594398031172,-8.787890905626039e-05,-0.072,-0.0248364585568082,-0.0020878789090562,0.0121659431688878,0.0019677124771314,-8.787890905626039e-05,-0.0248364585568082,-8.626716404569468e-05
SO,0.0173228298642385,0.0173228298642385,-0.0002581572998217,0.0001835216192341,0.0001835216192341,0.027095841103154,0.0022215945883182,0.0022215945883182,-0.0020873700444641,0.030932797848132,-0.0013891297156852,-0.0171729120225044,0.0017418427001782,-0.0002581572998217,-0.0006324766973102,0.0363376888252341,0.0177187439886018,-0.0020879432211203,-4.600119091507926e-05,-0.0008738118112061,-4.600119091507926e-05,-8.794322112032349e-05,0.0363376888252341,0.0177187439886018,-0.0020879432211203,0.0368683043248507,0.0588824763978709,-8.794322112032349e-05,0.018448659177583,-6.632959726299292e-05
ZA,-0.0480807814708869,-0.0480807814708869,0.0218529653625542,0.0281431354081676,0.0281431354081676,-0.0111095471434277,0.0361130624600357,0.0361130624600357,-0.0006930829831324,-0.0656065852879044,0.07,-0.0272919917299177,0.0286049154298198,-0.0033949738885621,0.000945729701296,-0.0519842013219911,-0.0202581430906697,-0.072,-2.4223949641966055e-05,0.0139918501524925,-2.4223949641910547e-05,0.07,-0.0519842013219911,-0.0202581430906697,-0.072,-0.0044886820489689,0.0020664324592982,-0.0443228739175629,-0.0202581430906696,0.0331305275922445
SS,0.0144094581650101,0.0144094581650101,0.0283716734027648,-0.0072583149308384,-0.0072583149308384,-0.0011003235059235,0.0022083926133976,0.0022083926133976,-0.0708280776709889,0.068,5.592605692900099e-05,0.0,-0.068,-0.009883059850104,0.0433883416082222,0.0304165454321094,0.0148779238949833,-0.0020660948320624,-0.07,-0.0001052658782818,0.0391381009869905,-6.60948320624355e-05,0.0304165454321094,0.0148779238949833,-0.0020660948320624,-0.0365163696101052,0.0516582999587679,-6.609483206240774e-05,0.0164012456157091,-8.99516872550632e-05
ES,-0.0155158816878958,-0.0155158816878958,0.0101765759596649,0.0140441392045978,0.0140441392045978,0.0321414482068379,-0.0249045366942389,-0.0249045366942389,0.0540817331391569,0.0096958049270884,0.0547760554842654,0.0031866378484142,-0.000205441916344,0.0315758222676536,0.0407487224318557,-0.0002241531085781,-0.0418818257051043,-0.0044416662500049,-0.0315467706068856,-0.0104219313191501,0.0458652019224424,0.0209387281314432,-0.0002241531085781,-0.0418818257051043,-0.0044416662500049,-0.0016660716477701,0.0208842964595701,-0.0114597685305729,-0.0090756589229985,0.0479476039999086
LK,0.0020248896867508,0.0020248896867508,0.0424210321700703,0.0236956348520392,0.0236956348520392,0.0214212275784516,-0.0262344385867895,-0.0262344385867895,-0.004433561273671,-0.0009891642182171,0.07,0.0529093986334559,0.0409563831076708,-0.0002255476577474,0.07,0.0525313070409301,-0.0443694381666701,-0.0020871998140072,-0.00014070304667,0.0540540591611637,-0.00014070304667,-8.719981400734378e-05,0.0525313070409301,-0.0443694381666701,-0.0020871998140072,0.0387578568850384,0.042491347648731,-8.719981400734378e-05,-0.0096988749694813,-7.294098771300679e-05
SH,0.000251287765233,0.000251287765233,0.0050092040892151,0.004326624536692,0.004326624536692,0.0164683952967749,0.0019063911955077,0.0019063911955077,-0.0020867806465145,-0.0021570361159553,-8.514413209537164e-05,-0.0001570361159553,0.0096230368673227,3.949955661985971e-05,-0.0001521956827799,-0.0021253224602237,0.0049419422011508,-0.0020627564452279,0.0078200762641423,-7.385853946906273e-05,0.0078200762641423,-6.275644522790724e-05,-0.0021253224602237,0.0049419422011508,-0.0020627564452279,0.0063261581586337,-0.0001404445311259,-6.275644522790724e-05,0.0049419422011508,-8.656857270455953e-05
KN,0.0048141868982247,0.0048141868982247,-0.0005922269485885,0.0006708174093927,0.0006708174093927,0.0123440411936235,-0.002758738211683,-0.002758738211683,-0.0020778219277971,-0.0021015741311248,-0.0024151462382911,-0.0001015741311248,-0.0105265491913363,-0.0115159090070384,-0.004758738211683,0.016842149968636,-0.000316679561373,-0.0020829097125887,0.0011714058707513,0.0121213226707448,0.0011714058707513,-8.290971258878566e-05,0.016842149968636,-0.000316679561373,-0.0020829097125887,0.0025520908429228,0.0120069618040647,-8.290971258878566e-05,-0.000316679561373,-8.194393162330726e-05
LC,-0.0044542574736968,-0.0044542574736968,-0.0103241865697672,-0.0087645367501794,-0.0087645367501794,0.0068744653689167,0.002,0.002,0.0407142701609559,-0.0030257732135129,0.0203179612607988,-0.0094737336657158,-0.0306805099770751,-0.0291625825948226,0.0329909472459701,0.0048920491974373,-0.0161742442547946,-0.0020805773637331,-0.0073802612137451,0.0030832015538355,-0.0073802612137451,-8.05773637331253e-05,0.0048920491974373,-0.0161742442547946,-0.0020805773637331,0.0051874977051451,0.0159609249297898,-8.05773637331253e-05,-0.0161742442547948,-9.347183986959293e-05
PM,-0.0074021889058301,-0.0074021889058301,-0.0180749612239274,-0.0094139272753445,-0.0094139272753445,-0.0095580558440381,0.002149540607091,0.002149540607091,-0.0020631232318397,0.0017645404465486,2.888520208013667e-05,-0.07,-0.0159243989926902,-0.0184306538641298,0.0011008255455206,-4.295947318016906e-05,-0.0200754125041485,-0.0020881947401616,-0.0216399176376592,-3.1977308668958613e-06,-0.0216399176376592,-8.81947401616956e-05,-4.295947318016906e-05,-0.0200754125041485,-0.0020881947401616,0.008564731336689,-0.07,-8.81947401616956e-05,-0.020770155954738,-0.07
VC,0.0011421911140019,0.0011421911140019,0.0350568484684726,0.0086462173143349,0.0086462173143349,0.0685380727191637,0.0027351756906154,0.0027351756906154,-0.0020847875840998,0.0379732175339235,0.0003302262294395,0.0,0.0135137950893277,0.0158361934696491,0.0001083849936319,-0.0088001721717001,0.0142859516038287,-0.0020592060901228,0.0205986432525461,0.0005316370055887,0.0205986432525461,-5.920609012283195e-05,-0.0088001721717001,0.0142859516038287,-0.0020592060901228,0.0074080999474642,-0.0068001721717001,-5.920609012283195e-05,0.0142859516038287,-6.388896794841854e-05
PS,0.0059430443785508,0.0059430443785508,0.035696306145375,0.0076564985427938,0.0076564985427938,0.0618612007534692,0.0023742571487221,0.0023742571487221,-0.0020889006637374,-0.0016816096177111,-0.0008410502605874,0.0003183903822888,0.0284903172608197,-0.0069079013776571,-0.0136663076761383,0.050410943436578,-0.0305243499303879,-0.0020574603705375,0.07,0.0121128441584714,-0.0099197068775782,-5.746037053755426e-05,0.050410943436578,-0.0305243499303879,-0.0020574603705375,0.0336998595984612,0.0385401958535919,-5.746037053755426e-05,-0.0295369532096682,0.0310220965383005
SD,0.0016107965486547,0.0016107965486547,0.07,0.0271980803689631,0.0271980803689631,0.0333421826578574,0.0022437955590123,0.0022437955590123,-0.0020587151505285,-0.0311698276073708,-0.0005547740456025,-0.0300351491979485,-0.0011265598719286,0.07,0.0696461006885546,-0.0027935349388689,0.0095781904056001,-0.0019522658207669,-0.0010316659532866,0.0398711471685483,0.07,4.773417923309431e-05,-0.0027935349388689,0.0095781904056001,-0.0019522658207669,0.0561159748622297,0.0119423864120123,4.773417923309431e-05,0.0227658670082127,-4.310461228729245e-06
SR,-0.0015084702954605,-0.0015084702954605,0.0090764002751371,-0.0156313472027737,-0.0156313472027737,0.0667919437324175,0.000259313382846,0.000259313382846,0.004285334069632,-0.0137176939085978,-0.0007999422432195,-0.0589031505156264,-0.0665821492558942,0.0007696369274787,0.0038283902848002,0.026959714081755,-0.0294015586973395,-0.0020835662707971,-0.0006630385489181,0.0278307861332298,-0.0236904594176335,-8.356627079714185e-05,0.026959714081755,-0.0294015586973395,-0.0020835662707971,-0.0215616715445245,0.0612274952536337,-8.356627079714185e-05,-0.0288242035122081,-9.692730045074428e-05
SE,-0.0121265896165439,-0.0121265896165439,-0.0294793384580904,-0.005696558193165,-0.005696558193165,-0.0006276986114907,-0.0253476194910647,-0.0253476194910647,-0.0490953436432551,-0.0365204799353134,-0.0246021457202823,0.0349111636904694,-0.017947827715471,-0.0390784106890189,-0.0140882892515015,0.0084655698131091,-0.0165574252698902,-0.0282879133928508,0.0286063660607652,0.0104166024786657,0.0039138572705221,-0.0191688648063769,0.0084655698131091,-0.0165574252698902,-0.0282879133928508,0.0025416340424892,-0.0035152705636429,-0.0045602814741741,-0.0147297676801544,0.0033791811088614
CH,-0.0269269805576927,-0.0269269805576927,-0.0279413532222023,-0.0197965289972555,-0.0197965289972555,-0.0121866144597402,-0.0054250122536975,-0.0054250122536975,-0.0008383052284717,0.0015416449447494,0.0132036610513082,-0.0545617269743496,-0.040552170473573,-0.0374111307799492,8.178110533824112e-05,-0.0407508847931351,-0.0289648327671357,-0.0110652241128074,0.0263375085513255,-0.0303591240833049,0.0202793364294562,-0.0285541578616004,-0.0407508847931351,-0.0289648327671357,-0.0110652241128074,-0.0008531666559808,-0.0358199800913083,-0.0136179955323694,-0.0062344130869773,0.0081033106235211
SY,-0.0087424201050387,-0.0087424201050387,-0.0137354278089661,-0.0104738780062129,-0.0104738780062129,-0.0253127359373544,0.0021274118220432,0.0021274118220432,0.0252011099767661,0.0178113048319794,6.370591102161649e-05,-0.017878769168879,-0.0117223179898203,0.0,-0.0309274384570382,-0.0251375125473625,4.024849369832495e-05,-0.0011299962614519,8.747896803329436e-05,-0.0311306767416126,8.747896803329436e-05,0.000870003738548,-0.0251375125473625,4.024849369832495e-05,-0.0011299962614519,-0.0137316402191096,-0.0250877545234055,0.000870003738548,-6.524781217057245e-05,-0.0297744439711757
TJ,0.0001122958808905,0.0001122958808905,0.0619987359398123,0.0191629610945899,0.0191629610945899,0.07,0.0015710117967431,0.0015710117967431,-0.0270301725643774,0.0223719474427291,0.0002764170247004,0.000491682598854,0.072,-0.0632899651848832,-8.556247034111064e-05,-0.0019686528022014,0.0124908302901223,-0.0101852898452493,0.0126528562071422,0.0001842780164669,0.0126528562071422,-0.0081852898452493,-0.0019686528022014,0.0124908302901223,-0.0101852898452493,0.0064998665363618,0.0422706060947526,-0.0695444614884023,0.0124908302901223,0.07
TH,-0.0253498027558282,-0.0253498027558282,0.0341412140412065,0.0108173040938502,0.0108173040938502,-0.0372009128662382,-0.0089870108170825,-0.0089870108170825,0.068,-0.020502571922733,-0.0352450140627111,0.0432947182774902,0.0160657561828279,0.0158063160374684,-0.0514681598755493,-0.004342398697921,-0.07,-0.0017070095695637,-0.0002888317572604,-0.0425077080501665,-0.0002888317572604,0.07,-0.004342398697921,-0.07,-0.0017070095695637,0.0159836523514241,-0.0276509537566472,0.0582993802191953,-0.07,0.07
TL,-0.0106065679134817,-0.0106065679134817,0.07,0.0201748789914727,0.0201748789914727,0.07,0.0013927956356304,0.0013927956356304,-0.072,-0.0071337467838559,0.0083221628617229,0.0,0.0655713840026503,0.0,0.0041184848722041,-0.0023036021821847,-0.0372469435236066,0.0077308419653461,-0.0001508185765873,0.0055481085744819,-0.0001508185765873,0.0097308419653461,-0.0023036021821847,-0.0372469435236066,0.0077308419653461,0.0419512846977945,0.0008913403347101,0.0097308419653461,-0.0372469435236066,0.0150032303379346
TG,0.0287073475836737,0.0287073475836737,0.0667768081743011,0.025865845408634,0.025865845408634,0.0080085119378787,0.0006990880856456,0.0006990880856456,-0.072,0.0232794546179111,0.0006830631186685,-0.0018769379741313,0.0520470701930685,-0.07,-0.0001740805195735,0.068,0.0201895917920569,-0.0020675490410358,-0.0003829733694184,0.0272304251578605,0.0242534353246429,-6.754904103584147e-05,0.068,0.0201895917920569,-0.0020675490410358,0.0229510735277097,0.0364769196972132,-6.754904103584147e-05,0.0206964374721203,-8.315442809708751e-05
TO,0.0104012127218775,0.0104012127218775,0.037987956690685,0.0036107030628965,0.0036107030628965,0.041985295155294,0.0028194912765403,0.0028194912765403,0.0662616433969549,-0.072,-0.0272009578935626,0.0,0.0360806635682885,0.0005186827610292,0.0002856721695672,0.0483871684989718,-0.0150997311617223,-0.0020837991716167,-0.0217832709134953,0.0002292187684095,-0.0217832709134953,-8.379917161677186e-05,0.0483871684989718,-0.0150997311617223,-0.0020837991716167,0.0363861142734556,0.0503871684989718,-8.379917161677186e-05,-0.0150997311617223,-8.641440423828861e-05
TT,-0.0014482703372196,-0.0014482703372196,-0.0370590634591231,-0.0257407137262243,-0.0257407137262243,-0.0139717630174826,0.002,0.002,-0.072,-0.072,-0.0012619775694725,-0.0383126172460538,-0.0351038788275811,-0.0324656707655536,-0.0006191414285668,0.0408569716535909,-0.0326963428210069,-0.0125054398442427,-0.0258700372680401,-0.041988938809276,-0.0258700372680401,0.0,0.0408569716535909,-0.0326963428210069,-0.0125054398442427,-0.0047526120735586,-0.0043392396579926,-0.0274728026108129,-0.0326963428210069,-0.029766414650562
TN,0.0239368659130799,0.0239368659130799,0.027647356754529,0.0134662259735999,0.0134662259735999,0.0275513481756027,-0.0636052835501739,-0.0636052835501739,-0.023106034126153,-0.0281271172703424,-0.0001472424605139,-0.0024251738542536,0.018832361210001,0.0356852097688327,0.0165183388486116,0.0356458914868216,-0.001349482431856,0.0375141886842743,0.0012490664629556,-0.0046109531750286,0.0211732443468497,0.0184702515125777,0.0356458914868216,-0.001349482431856,0.0375141886842743,0.0197846191170627,0.0149394049421923,0.0135679560375371,-0.0004996109650433,0.0605821031268057
TM,-0.0087388755414737,-0.0087388755414737,0.030201925333626,0.0111600894795558,0.0111600894795558,-0.017738641442395,-0.0282674469498755,-0.0282674469498755,-0.072,-0.072,-0.015241217691451,-0.0008833863038435,0.0014139399546327,0.0301829036421867,-0.0103298708118981,-0.0175754166268595,-0.004744246415381,-0.0038969635821807,-0.0002749849438709,-0.0099244764615701,-0.0002749849438709,0.0534258793690316,-0.0175754166268595,-0.004744246415381,-0.0038969635821807,0.0307349730819887,-0.0055800387548189,0.0577668502530134,-0.004744246415381,0.0229102761523042
TC,0.0142736468685443,0.0142736468685443,0.0118934646621184,0.0078031503427441,0.0078031503427441,0.023688701827752,0.002687130067863,0.002687130067863,-0.0020797437990601,0.0248274932142213,0.0406878144014634,0.0019609320507493,0.0309733597270299,0.0002318590275771,0.0006195408306058,0.0237702657980511,0.0211318851531765,-0.0020812103455946,8.65691954518022e-05,0.0002338827940895,8.65691954518022e-05,-8.121034559460671e-05,0.0237702657980511,0.0211318851531765,-0.0020812103455946,0.0225987144276915,0.0257702657980511,-8.121034559460671e-05,0.0211318851531765,-6.987611256759063e-05
TV,-0.0034820850663971,-0.0034820850663971,0.0337624151417765,0.0063604787363068,0.0063604787363068,-0.0089976228794754,0.002,0.002,-0.0020807163949434,0.068,-0.0342812332701574,0.0025112168009376,0.0322889542526367,0.0,0.0158189117929214,-0.0082661548464876,-9.040900080073412e-05,-0.002089691351903,-8.662530563746662e-05,-0.006670722649869,-8.662530563746662e-05,-8.96913519030651e-05,-0.0082661548464876,-9.040900080073412e-05,-0.002089691351903,0.031790688409282,0.0057743443794062,-8.96913519030651e-05,-8.914776907964495e-05,-7.712795675351991e-05
TR,-0.0271997006430281,-0.0271997006430281,0.0307171843874816,0.0187772261620205,0.0187772261620205,0.0429358811202524,-0.0290714944555555,-0.0290714944555555,0.0293447879443742,0.068,-0.0015259001424605,-0.0205082363839736,0.0307004818105454,0.07,-0.0070584808668952,-0.072,-0.07,0.0604008980709154,-0.0009525288545025,-0.0196051322115284,-0.0009525288545025,0.0649660839035679,-0.072,-0.07,0.0604008980709154,0.0345219854246237,-0.0094301396394016,0.0452092146478895,-0.07,0.017114664702565
UG,0.0168975296567966,0.0168975296567966,0.0480242433288504,0.0308058790857613,0.0308058790857613,0.0478336446734726,-0.0115629138507925,-0.0115629138507925,0.0002167802264124,0.0306712921576135,0.001508129998095,0.0003875253687513,0.0451236089836115,0.0,0.0661207940928423,0.068,-0.0152425148901046,-0.0020648961395053,0.000129280890923,0.008164803498939,0.07,-6.489613950533268e-05,0.068,-0.0152425148901046,-0.0020648961395053,0.0017478621662282,0.0687985309929172,-6.489613950533268e-05,0.0220150430959721,-8.608789771946679e-05
UA,-0.0205072057867711,-0.0205072057867711,-0.0074369435514743,0.028409571347608,0.028409571347608,-0.0227176386215551,-0.068,-0.068,0.0328993511339653,-0.0299272917846332,-0.07,-8.887423293924002e-05,-0.0074072392075346,0.000256909876279,-0.021253953049893,-0.0519026682473634,0.06238105088705,-0.072,-0.0002516186650494,0.0519403637007412,0.07,-0.0008948391027746,-0.0519026682473634,0.06238105088705,-0.072,-0.0103772794682315,0.0121917247367958,-0.07,0.0578279890160804,-0.0666446767057102
AE,-0.0171628934468064,-0.0171628934468064,0.0321629028483683,0.0138487640223209,0.0138487640223209,-0.005114395893608,0.0030230900624382,0.0030230900624382,-0.0123503125253789,0.00712545943058,0.0004139412861341,0.0014813487651605,0.0442398701983436,0.0003608284070006,0.0003368443678885,-0.0552786466801764,0.005403586030037,-0.0016136196902799,0.010425172189341,0.0003436333918792,0.010425172189341,0.00038638030972,-0.0552786466801764,0.005403586030037,-0.0016136196902799,0.0235247053715035,-0.0056414801814818,-0.0138499120562533,-0.0173874476113762,-0.0001111265664369
GB,-0.0143025805244643,-0.0143025805244643,-0.0030162899256747,-0.0029549211434741,-0.0029549211434741,0.0031394919958917,-0.0170146797964381,-0.0170146797964381,-0.004623350610501,-0.0035077918109955,-0.0145917532314479,-0.0214219233749246,-0.0131573939759447,0.0052085886142799,0.0348773525307333,-0.0146892168453397,0.0095854188774427,-0.0378039436054959,0.0,0.0195252690842833,0.0,-0.0181875596822349,-0.0146892168453397,0.0095854188774427,-0.0378039436054959,-0.0099016608347703,0.0247694805253026,-0.0261756545992579,-0.0381291289300999,0.0354647190842013
TZ,0.0233304333846313,0.0233304333846313,0.0402027984634011,-9.069513136325535e-06,-9.069513136325535e-06,0.0428035633373886,0.0016195823018319,0.0016195823018319,0.0116554479264765,0.0080738978113288,0.0011273758744099,0.0232738392531264,0.0697345271465542,-0.0446540368700785,0.0432845647543344,0.068,0.0036262712180532,-0.0016349710641592,0.0483305839902449,0.000984361571192,-0.0007551667702916,-0.07,0.068,0.0036262712180532,-0.0016349710641592,0.0381940378145523,0.046942055307587,0.0699144289977155,0.0087143160863537,-7.69037594001154e-05
US,-0.0047504029996804,-0.0047504029996804,0.0107092779577899,-0.0031644331059394,-0.0031644331059394,0.0161787293110247,0.0157397466340377,0.0157397466340377,0.0057410154137956,0.0124073408549064,0.0332687397268652,0.0106073525710659,0.0045582757282135,0.0698975426089965,-0.0199450562939177,-0.0070705494881493,-0.0073824542037817,0.0002017946928897,0.07,0.0048270094490331,-0.031029617513577,0.0089865999125725,-0.0070705494881493,-0.0073824542037817,0.0002017946928897,0.0004692373444423,0.0085348921745749,0.0063599226851253,-0.0004203288061542,0.0193189395468927
UY,-0.0090568087042443,-0.0090568087042443,0.0128785164960292,0.0021578212189734,0.0021578212189734,0.0207795698848183,0.0019229128946892,0.0019229128946892,-0.0309455387846429,0.0226440718557412,-0.07,-0.0450664960845412,0.0056675464358759,-0.012899603590865,-0.0364252053139917,-0.0088096481845856,0.0004549916383679,-0.0188157695665154,-0.07,-0.0151018795780022,0.0002621072895551,0.017803510728465,-0.0088096481845856,0.0004549916383679,-0.0188157695665154,0.0160036864600502,-0.0100881255329047,-0.0034348057605906,-0.0140347099008115,-7.257491115170156e-05
UZ,0.0158585943906787,0.0158585943906787,0.0239611377626827,-0.0104914395689146,-0.0104914395689146,0.0694695224712821,0.0018951960190168,0.0018951960190168,-0.072,0.068,0.0004093698269228,-0.0001176477912892,0.072,0.0093586712708435,0.0531730570354859,0.068,0.0017272294603508,-0.0221514462883146,0.0035504641710504,-0.07,0.0035504641710504,-0.047516222446709,0.068,0.0017272294603508,-0.0221514462883146,0.0186319457679593,0.0415308459134793,-0.0303488596898045,0.07,-0.0029028802418594
VU,-0.0153119472302842,-0.0153119472302842,0.0174274185731599,-0.0125863784573682,-0.0125863784573682,0.07,0.001936885339446,0.001936885339446,-0.0020845073408503,0.0006462666961397,-7.417816275318012e-05,0.002022405289594,-0.022556359608867,0.0,-0.0073949829193804,-0.0174666509034711,-0.0263761364209212,-0.0020930543664602,-0.0275928219123904,-0.0001032779417552,-0.0275928219123904,-9.305436646028786e-05,-0.0174666509034711,-0.0263761364209212,-0.0020930543664602,0.0073910616720992,-0.0154666509034711,-9.305436646028786e-05,-0.0263761364209212,-8.058892303045943e-05
VE,-0.043636186861307,-0.043636186861307,0.0078647249320964,-0.0341272588142493,-0.0341272588142493,-0.07,0.0019031449104268,0.0019031449104268,-0.072,0.0285650021055363,-0.0005039124540334,-0.07,-0.0251795006598713,-0.0510575052339333,-0.0005862699300531,-0.072,-0.0285562849987926,-0.0303522755851284,-0.0005202633254692,-0.07,-0.0285118006448168,-0.012817733952309,-0.072,-0.0285562849987926,-0.0303522755851284,-0.0117966390347347,-0.0699255334446742,-0.0479628939031975,-0.0285490309979912,-7.369080383934357e-05
VN,-0.0046580858392888,-0.0046580858392888,0.0544542851885044,0.053,0.053,0.0086926556130623,0.0174631522521659,0.0174631522521659,0.068,-0.0115823943492011,0.0202745984813039,0.0183976693810312,0.072,0.07,0.0356682231580594,0.0580257424821335,-0.07,-0.002,0.0382012305266544,0.07,0.07,0.0,0.0580257424821335,-0.07,-0.002,0.0513173175551125,0.056204719200698,-0.07,-0.07,-0.07
WF,0.0023272978631419,0.0023272978631419,0.0362779534343478,0.0080856959817903,0.0080856959817903,-0.0217165154099766,0.0019117383742196,0.0019117383742196,-0.0020784748853714,-0.013021296913012,-8.614711499771444e-05,-0.0235261043587993,0.002,0.0,-0.0116701602837007,-0.0138071829922898,0.0228747129237731,-0.0020856363420576,0.0225251745740244,0.0079032456951944,0.0225251745740244,-8.563634205760451e-05,-0.0138071829922898,0.0228747129237731,-0.0020856363420576,0.0362039691982954,-0.0219962506773453,-8.563634205760451e-05,0.0228747129237731,-6.970963351127235e-05
YE,-0.0126511522495976,-0.0126511522495976,-0.043094296505126,-0.0350270040636453,-0.0350270040636453,-0.07,-0.0273275345797601,-0.0273275345797601,-0.0157526062839985,-0.072,-0.0148137064160292,0.07,-0.068,0.0009665287208213,-0.0067805759494738,-0.0190961801573158,-0.0043253952233369,-0.0145318813681402,-0.0083873431383657,-0.0511887917480753,-0.0083873431383657,-0.0125318813681402,-0.0190961801573158,-0.0043253952233369,-0.0145318813681402,-0.0683831021556147,-0.0171564412372013,-0.0125318813681402,0.0213490293969261,-0.0297535085007012
ZM,0.0199626347771193,0.0199626347771193,0.0281101502207254,0.0081425878169645,0.0081425878169645,0.0568013975286656,0.0015954012720184,0.0015954012720184,0.0435519662624367,-0.0125952725314781,-0.0002647610784028,0.0,0.0337342545769872,0.0081816589625751,-0.0001323805392014,0.0433091967299028,0.0192597498641691,-0.0026810422627139,-0.0003063536608129,-0.0001765073856018,-0.0003063536608129,-0.0006810422627139,0.0433091967299028,0.0192597498641691,-0.0026810422627139,0.0165681162520497,-0.0277085239583565,-0.0006810422627139,0.0206349084924961,-0.0005104417948422
ZW,0.0040444534565024,0.0040444534565024,-0.0012807923669705,-0.0138644352597323,-0.0138644352597323,-0.012899603590865,-0.0273472764511401,-0.0273472764511401,0.068,0.0663632095603926,-0.0284815399198603,0.0,0.0007344957856231,-0.0593163261616943,-0.0541001042801079,0.068,-0.019053383506061,-0.0368132561244317,0.07,-0.021339562896645,-3.941780347582746e-05,-0.0348132561244317,0.068,-0.019053383506061,-0.0368132561244317,0.0055082405281539,0.0644623544726046,-0.0348132561244317,0.0183562150622407,-0.0297704887380135
DEFAULT,5.9556087720707424e-05,5.9556087720707424e-05,0.021484301985770376,0.005818011262532752,0.005818011262532752,0.016031203428992172,-0.003994709138269029,-0.003994709138269029,-0.004273386159336998,0.002300390854953689,-0.0007696889356282253,0.0009812963543245554,0.015607507027536209,0.007070938200134167,0.0011450768167541065,0.005990349585480613,-0.005067953843077502,-0.0007437274792409362,-0.00026335009887109494,0.0026936991975073385,0.00530557980759709,-0.0003347409825095891,0.005990349585480613,-0.005067953843077502,-0.0007437274792409362,0.020059251138031385,0.010124048362562421,-0.0015093964792826857,-0.0012740343063562013,0.0032145666594865134
